transaction_id,date,time,merchant,memo,amount,category,is_wants,is_impulse,sub_type,is_unseen_merchant,processed_text
77841740-b2c6-4a92-83e1-46f3807f77df,2025-06-05,09:48,โจ๊กสามย่าน สาขา 2,เส้นเล็กน้ำตกหมูพิเศษ,76.91,food,False,False,routine,False,โจ๊ก สามย่าน สาขา 2 เส้น เล็ก น้ำตก หมู พิเศษ
9a016716-49ef-47f3-9c89-885ef6f47e03,2025-06-23,13:19,บัตรเครดิต SCB CardX,โอนค่าเช่าคอนโดประจำเดือน,2317.97,bills,False,False,routine,False,บัตรเครดิต scb cardx โอน ค่าเช่า คอนโด ประจำเดือน
d5821c27-d54c-4403-b191-8f2532136657,2025-03-09,19:48,ร้านข้าวราดแกงเมืองตรัง,ไม่ระบุ,244.86,food,False,False,routine,False,ร้าน ข้าวราดแกง เมือง ตรัง ไม่ ระบุ
7f485b8b-5cf0-4f30-84bc-cf4518a46435,2025-06-16,12:29,SF Cinema World CentralWorld,ร้องคาราโอเกะปาร์ตี้วันหยุด,736.26,entertainment,True,False,wants,False,sf cinema world centralworld ร้อง คาราโอเกะ ปาร์ตี้ วันหยุด
38c50504-25dc-4f27-9ffd-64b8d8efd276,2025-07-10,18:22,McDonald's EmQuartier,ดินเนอร์ร้านอาหารอิตาเลียน,791.72,food,True,False,wants,False,mcdonald s emquartier ดินเนอร์ ร้านอาหาร อิตาเลียน
e210b1cf-a1eb-4fa6-af57-9f6fbd8fafa4,2025-11-07,14:06,ปตท. PTT Station สาขา 1,ค่ารถตู้ไปทำงานอนุสาวรีย์,96.8,transport,False,False,routine,False,ปตท ptt station สาขา 1 ค่า รถตู้ ไป ทำงาน อนุสาวรีย์
ea5faa8e-e4e2-46ef-8da4-6341b69faf2e,2025-11-16,01:16,H&M EmQuartier,เสื้อผ้าแฟชั่นเกาหลีแมตช์ชุด,2105.54,shopping,True,False,wants,False,h m emquartier เสื้อผ้า แฟชั่น เกาหลี แมตช์ ชุด
4a8b328a-0f91-4d98-85d8-a496012afbb4,2025-07-27,01:05,AirAsia Flight Booking,นั่ง Taxi Express ช่วงฝนตก,1924.85,transport,True,True,wants,False,airasia flight booking นั่ง taxi express ช่วง ฝนตก
4f1ed7fc-6665-40f5-9429-4caeb1402442,2025-11-04,10:30,Gentlewoman Store,หนังสือแปลและนวนิยายขายดี,2807.72,shopping,True,False,wants,False,gentlewoman store หนังสือ แปล และ นวนิยาย ขายดี
71c18684-a2d6-4c97-8904-054950ee8451,2025-12-09,14:09,Amazon Cafe PTT,ข้าวราดแกง 2 อย่างไข่ต้ม,118.94,food,False,False,routine,False,amazon cafe ptt ข้าวราดแกง 2 อย่าง ไข่ต้ม
e91baf38-f609-4355-a89b-1e3812928c47,2025-01-08,15:13,Big C Supercenter รัชดา,ซื้อยาแก้แพ้และวิตามินซีรวม,152.35,shopping,False,False,routine,False,big c supercenter รัชดา ซื้อ ยา แก้ แพ้ และ วิตามิน ซี รวม
eaa85686-79cf-41e0-bfde-4da51502e811,2025-11-20,09:47,NT Broadband Thailand,ชำระค่าส่วนกลางคอนโดมิเนียม,2318.66,bills,False,False,routine,False,nt broadband thailand ชำระ ค่า ส่วนกลาง คอนโดมิเนียม
5697e4a4-a593-46b6-8519-881ac5eb725e,2025-09-28,21:32,โจ๊กสามย่าน สาขา 2,กะเพราหมูกรอบไข่ดาวไม่สุก,94.07,food,False,False,routine,False,โจ๊ก สามย่าน สาขา 2 กะเพรา หมูกรอบ ไข่ดาว ไม่ สุก
dc10f387-f08b-4e77-86f3-3e74db438015,2025-09-06,19:37,Nintendo eShop,เล่นบอร์ดเกมกับกลุ่มเพื่อน,1350.63,entertainment,True,False,wants,False,nintendo eshop เล่น บอร์ด เกม กับ กลุ่ม เพื่อน
43bc0352-7b66-48cb-97d8-d7449ed86f25,2025-09-07,00:11,Foodpanda - Pizza Hut Delivery,ยำแซลมอนกุ้งสด สั่งตอนหิวรอบดึก,432.29,food,True,True,impulse_delivery,False,foodpanda pizza hut delivery ยำ แซลมอน กุ้ง สด สั่ง ตอน หิว รอบ ดึก
874c7440-1b96-47ed-921a-36ab95fe0b19,2025-11-25,18:44,H&M EmQuartier,หนังสือแปลและนวนิยายขายดี,2646.42,shopping,True,True,wants,False,h m emquartier หนังสือ แปล และ นวนิยาย ขายดี
83b815cd-4af9-4c1a-8952-67cd9799d728,2025-04-25,17:03,ค่าเช่าคอนโด ลุมพินีทาวเวอร์,ต่อประกันภัยรถยนต์ชั้น 1,1647.51,bills,False,False,routine,False,ค่าเช่า คอนโด ลุมพินี ทาวเวอร์ ต่อ ประกันภัย รถยนต์ ชั้น 1
826a7f61-937f-4025-b8bd-3f9fd5a624bb,2025-06-14,07:48,MK Restaurants,ไก่ทอด KFC บักเก็ตพิเศษ,620.48,food,True,False,wants,False,mk restaurants ไก่ทอด kfc บัก เก็ต พิเศษ
226193b1-1dec-4d34-aaac-bc7cba7f5076,2025-04-05,10:19,วินมอเตอร์ไซค์ ซอยสุขุมวิท 21,ค่าวินมอไซค์ไปต่อรถไฟฟ้า,50.18,transport,False,False,routine,False,วิน มอเตอร์ไซค์ ซอย สุขุมวิท 21 ค่า วิน มอไซค์ ไป ต่อ รถไฟฟ้า
6a969935-9ffa-4720-925c-726b230780df,2025-09-26,01:47,ร้านข้าวต้มรอบดึก กวงเฮง,Iced Black คอฟฟี่ หวานน้อย,166.87,food,False,False,routine,False,ร้าน ข้าวต้ม รอบ ดึก กวง เฮง iced black คอ ฟ ฟี่ หวาน น้อย
8a31f25e-a72b-4241-ae02-be162ce6eee7,2025-05-24,01:05,Lineman - ยำกุ้งสดแซ่บลืมผัว,ยำแซลมอนกุ้งสด สั่งตอนหิวรอบดึก,937.4,food,True,True,impulse_delivery,False,lineman ยำ กุ้ง สด แซ่บ ลืม ผัว ยำ แซลมอน กุ้ง สด สั่ง ตอน หิว รอบ ดึก
185c94e8-40f2-490c-9a68-e341e3b8b55b,2025-02-09,08:28,PromptPay โอนเงินส่วนตัว,ร่วมบริจาคอาหารสุนัขแมวจรจัด,119.38,other,True,False,wants,False,promptpay โอน เงิน ส่วนตัว ร่วม บริจาค อาหาร สุนัข แมว จรจัด
be99efe1-fdd7-40ca-a04d-f6acee8fc07c,2025-05-06,13:44,Lotus's สุขุมวิท 50,ยอดตัดบัญชี,360.63,shopping,False,False,routine,False,lotus s สุขุมวิท 50 ยอด ตัด บัญชี
8f48576c-103b-4c7e-925e-b49e5dbdf05f,2025-02-28,18:26,วินมอเตอร์ไซค์ ซอยสุขุมวิท 21,Easy Pass เติมเงินทางด่วน,103.43,transport,False,False,routine,False,วิน มอเตอร์ไซค์ ซอย สุขุมวิท 21 easy pass เติม เงิน ทางด่วน
8c728765-63f5-4939-af44-a58bff800a7c,2025-02-27,12:39,ชายสี่บะหมี่เกี๊ยว,โจ๊กหมูใส่ไข่เยี่ยวม้า,130.17,food,False,False,routine,False,ชาย สี่ บะหมี่ เกี๊ยว โจ๊ก หมู ใส่ ไข่เยี่ยวม้า
f0596b87-1597-4143-9ad6-38482f6a3291,2025-12-16,21:37,Tops Supermarket All Seasons,ซื้อของใช้จำเป็นในห้องน้ำ,290.24,shopping,False,False,routine,False,tops supermarket all seasons ซื้อ ของใช้ จำเป็น ใน ห้องน้ำ
bc989ac1-4106-40ac-aad4-4bea8f867155,2025-09-01,07:14,Sukishi Korean Buffet,เซ็ตซูชิพรีเมียมแซลมอน 5 คำ,657.07,food,True,False,wants,False,sukishi korean buffet เซ็ต ซูชิ พรีเมียม แซลมอน 5 คำ
54d3884b-3802-463f-9d46-2d4d9198c299,2025-08-22,10:01,ธนาคารกรุงไทย Krungthai Next,ส่งพัสดุเอกสารด่วน,447.11,other,False,False,routine,False,ธนาคาร กรุงไทย krungthai next ส่ง พัสดุ เอกสาร ด่วน
ee425299-1f1f-4c4c-adbe-01982987edd5,2025-07-27,14:49,Sukishi Korean Buffet,-,1595.38,food,True,True,wants,False,sukishi korean buffet
30337175-a625-4f63-bda5-d987e20356a8,2025-01-01,15:21,ประกันภัยรถยนต์ วิริยะประกันภัย,ชำระค่าไฟฟ้าประจำเดือน MEA,1012.59,bills,False,False,routine,False,ประกันภัย รถยนต์ วิริยะ ประกันภัย ชำระ ค่าไฟฟ้า ประจำเดือน mea
72a10eb1-b5f7-4999-8706-02e337d0e070,2025-04-21,21:21,Starbucks Reserve,Shibuya Honey Toast และชาร้อน,565.37,food,True,False,wants,False,starbucks reserve shibuya honey toast และ ชาร้อน
53f20cf0-2c39-4a57-8826-f15b49fe85c0,2025-08-15,21:38,MK Restaurants,ปิ้งย่างบาร์บีคิวฉลองปิดโปรเจกต์,828.35,food,True,False,wants,False,mk restaurants ปิ้ง ย่าง บาร์บีคิว ฉลอง ปิด โปรเจกต์
ddb2abd2-eebe-4ba5-9406-93dfbebc045b,2025-11-26,21:27,GrabCar Premium Bangkok,จองตั๋วเครื่องบินไปเที่ยวภูเก็ต,703.58,transport,True,True,wants,False,grabcar premium bangkok จองตั๋ว เครื่องบิน ไปเที่ยว ภูเก็ต
7f9d134b-5896-46bd-bbca-8188f7322719,2025-10-04,20:38,Shell Station สุขุมวิท,เติมน้ำมันมอเตอร์ไซค์เต็มถัง,87.13,transport,False,False,routine,False,shell station สุขุมวิท เติมน้ำมัน มอเตอร์ไซค์ เต็ม ถัง
64e7d060-0d61-4d08-ba9d-27cc7c7373cf,2025-05-11,00:24,PlayStation Network TH,PlayStation Plus Member,578.51,entertainment,True,False,wants,False,playstation network th playstation plus member
1ca310d1-5a49-4d6e-b6e1-39af14087731,2025-05-04,02:38,ข้าวมันไก่ตอนประตูน้ำ,ข้าวกล่องเซเว่นพร้อมน้ำดื่ม,170.17,food,False,False,routine,False,ข้าวมัน ไก่ตอน ประตูน้ำ ข้าว กล่อง เซเว่น พร้อม น้ำดื่ม
3a5165ca-e284-495f-a14e-1ba94794d1b2,2025-01-25,22:15,MK Restaurants,สุกี้ชาบูเนื้อวากิวไม่อั้น,819.41,food,True,True,wants,False,mk restaurants สุกี้ ชาบู เนื้อ วา กิว ไม่ อั้น
e8af65e7-eaed-42f6-a756-c465a3438e1b,2025-12-01,12:16,Boots Pharmacy พระราม 9,กล่องเก็บของและอุปกรณ์อเนกประสงค์,357.93,shopping,False,False,routine,False,boots pharmacy พระราม 9 กล่อง เก็บ ของ และ อุปกรณ์ อเนกประสงค์
c8728175-5d85-4672-8548-757fef303c78,2025-03-01,01:07,Lineman - ยำกุ้งสดแซ่บลืมผัว,ชานมไข่มุก golden bubble x2,1131.07,food,True,True,impulse_delivery,False,lineman ยำ กุ้ง สด แซ่บ ลืม ผัว ชา นม ไข่มุก golden bubble x 2
e50fa92e-5fa4-4208-9b9f-6d0aee335555,2025-08-25,00:27,ปตท. PTT Station สาขา 2,ค่าวินมอไซค์ไปต่อรถไฟฟ้า,78.05,transport,False,False,routine,False,ปตท ptt station สาขา 2 ค่า วิน มอไซค์ ไป ต่อ รถไฟฟ้า
5de29be9-69ff-4d31-aeb2-075719e24cba,2025-02-15,02:22,Central Online Shopping,เครื่องดูดฝุ่นไร้สายกดตอนเที่ยงคืน,1530.85,shopping,True,True,impulse_online,False,central online shopping เครื่องดูดฝุ่น ไร้สาย กด ตอน เที่ยงคืน
448251ac-734a-405a-b780-f409d4758363,2025-10-11,07:09,ร้านอาหารตามสั่งลุงหนวด,บะหมี่เกี๊ยวหมูแดงแห้ง,129.86,food,False,False,routine,False,ร้านอาหาร ตาม สั่ง ลุง หนวด บะหมี่ เกี๊ยว หมูแดง แห้ง
d21d4443-9dee-4d23-b410-ef736420d71d,2025-12-18,13:13,Tops Supermarket All Seasons,ซื้อของใช้จำเป็นในห้องน้ำ,163.65,shopping,False,False,routine,False,tops supermarket all seasons ซื้อ ของใช้ จำเป็น ใน ห้องน้ำ
a04f1e6a-8151-484d-8f63-a83055e0ddc2,2025-12-21,00:50,Steam Games Store,Spotify Individual Subscription,1294.63,entertainment,True,False,wants,False,steam games store spotify individual subscription
3d8c5f41-cbcc-4fe1-a34e-00f4d8c26f97,2025-08-28,13:32,วินมอเตอร์ไซค์ ซอยสุขุมวิท 21,เติมน้ำมัน Gasohol 95,119.15,transport,False,False,routine,False,วิน มอเตอร์ไซค์ ซอย สุขุมวิท 21 เติมน้ำมัน gasohol 95
5c857f14-cfa1-4c8c-8216-e79c779cfea3,2025-04-05,08:23,GrabCar Premium Bangkok,จองตั๋วเครื่องบินไปเที่ยวภูเก็ต,1637.71,transport,True,False,wants,False,grabcar premium bangkok จองตั๋ว เครื่องบิน ไปเที่ยว ภูเก็ต
f6304999-da9f-4a4a-8bfb-c767ab756e2d,2025-08-17,07:44,ร้านข้าวต้มรอบดึก กวงเฮง,กะเพราหมูกรอบไข่ดาวไม่สุก,226.62,food,False,False,routine,False,ร้าน ข้าวต้ม รอบ ดึก กวง เฮง กะเพรา หมูกรอบ ไข่ดาว ไม่ สุก
8d1cfe37-40f8-4243-9ffc-3eeb7c5a6b6e,2025-10-25,10:16,3BB Broadband Member,ค่าโทรศัพท์และบรอดแบนด์,2353.23,bills,False,False,routine,False,3 bb broadband member ค่าโทรศัพท์ และ บรอดแบนด์
faa804e1-1ffb-4484-9743-c0bc4fbac945,2025-11-08,22:12,Tops Supermarket All Seasons,กล่องเก็บของและอุปกรณ์อเนกประสงค์,240.84,shopping,False,False,routine,False,tops supermarket all seasons กล่อง เก็บ ของ และ อุปกรณ์ อเนกประสงค์
676c0c9d-c62c-44df-8ebe-76c187f4e419,2025-02-17,14:07,YouTube Premium Monthly,ตั๋วหนัง IMAX 3D พร้อมป๊อปคอร์น,1657.35,entertainment,True,False,wants,False,youtube premium monthly ตั๋วหนัง imax 3 d พร้อม ป๊อปคอร์น
803d368e-0485-4bfd-8f6d-9bde07cb974d,2025-06-05,15:21,โจ๊กสามย่าน สาขา 2,ข้าวกล่องเซเว่นพร้อมน้ำดื่ม,172.41,food,False,False,routine,False,โจ๊ก สามย่าน สาขา 2 ข้าว กล่อง เซเว่น พร้อม น้ำดื่ม
ccf0d4af-3095-4cf3-ad26-c80ab40994d1,2026-01-01,22:16,Lotus's สุขุมวิท 50,ยอดตัดบัญชี,260.12,shopping,False,False,routine,False,lotus s สุขุมวิท 50 ยอด ตัด บัญชี
b7b93b8a-13ad-4fc6-bbec-b87873dd2e3d,2025-07-14,09:55,Haidilao Hot Pot CentralWorld,จ่ายผ่านแอป,285.51,food,True,False,wants,False,haidilao hot pot centralworld จ่าย ผ่าน แอ ป
9b44761f-cabf-4944-822d-28ffbf87d924,2025-06-20,18:14,Big C Supercenter รัชดา,เคลียร์ยอด,136.78,shopping,False,False,routine,False,big c supercenter รัชดา เคลียร์ ยอด
bd4044b1-a792-4bec-a94c-9f0e27240726,2025-12-19,09:38,ชายสี่บะหมี่เกี๊ยว,ข้าวราดแกง 2 อย่างไข่ต้ม,99.99,food,False,False,routine,False,ชาย สี่ บะหมี่ เกี๊ยว ข้าวราดแกง 2 อย่าง ไข่ต้ม
af461006-f7e4-4409-9067-93c096627787,2025-02-25,15:08,โอนร่วมบุญผ้าป่าวัดป่า,โอนเงิน,178.33,other,True,True,wants,False,โอน ร่วม บุญ ผ้าป่า วัด ป่า โอน เงิน
94e80d5f-a9e9-493d-be38-9d61a482f49e,2025-05-24,17:22,Caltex เอกมัย,ค่าวินไปหน้าปากซอยสุขุมวิท,36.45,transport,False,False,routine,False,caltex เอกมัย ค่า วิน ไป หน้า ปากซอย สุขุมวิท
196184b7-a2e4-4b2a-81ed-85ce57ccfbb9,2025-12-17,14:24,ข้าวมันไก่ตอนประตูน้ำ,บะหมี่เกี๊ยวหมูแดงแห้ง,219.93,food,False,False,routine,False,ข้าวมัน ไก่ตอน ประตูน้ำ บะหมี่ เกี๊ยว หมูแดง แห้ง
4de5a39a-63b9-4e36-8d2b-81d3ee26e4e3,2025-03-23,14:35,วัดสระเกศราชวรมหาวิหาร,โอนเงินคืนเพื่อนค่าอาหารกลางวัน,342.87,other,False,False,routine,False,วัด สระ เกศ ราชวรมหาวิหาร โอน เงิน คืน เพื่อน ค่า อาหารกลางวัน
e333069b-483a-4a4b-aa12-4f692a76ac05,2025-05-30,13:55,Line Man Taxi VIP,Grab VIP เดินทางไปสนามบิน,2291.99,transport,True,False,wants,False,line man taxi vip grab vip เดินทาง ไป สนามบิน
87eb9551-8430-4832-8a07-879e152c6e95,2025-05-25,09:43,AIS Fibre Broadband,ค่าโทรศัพท์และบรอดแบนด์,1266.31,bills,False,False,routine,False,ais fibre broadband ค่าโทรศัพท์ และ บรอดแบนด์
276bbca1-50d3-4f8e-ae7b-8c49ee4c4a5c,2025-05-19,10:08,PlayStation Network TH,ตั๋วชมภาพยนตร์รอบค่ำ,1398.55,entertainment,True,False,wants,False,playstation network th ตั๋ว ชม ภาพยนตร์ รอบ ค่ำ
9e6d66b4-142e-4356-8fce-e7094d6c1200,2025-04-09,14:23,Major Cineplex รัชโยธิน,YouTube Premium Family,933.06,entertainment,True,False,wants,False,major cineplex รัชโยธิน youtube premium family
d65fcfd5-76b7-44e8-b42f-4b736e55fc44,2025-01-09,18:18,PromptPay โอนเงินส่วนตัว,ร่วมบริจาคอาหารสุนัขแมวจรจัด,295.12,other,True,False,wants,False,promptpay โอน เงิน ส่วนตัว ร่วม บริจาค อาหาร สุนัข แมว จรจัด
b7f464f9-b573-43f2-8a01-0d6a5b492500,2025-03-13,19:04,ร้านข้าวต้มรอบดึก กวงเฮง,ส้มตำไทยคอหมูย่าง,156.87,food,False,False,routine,False,ร้าน ข้าวต้ม รอบ ดึก กวง เฮง ส้มตำ ไทย คอ หมู ย่าง
e8baadeb-db84-4c2a-9133-bafcd7d21a8f,2025-03-18,10:49,7-Eleven สาขาอโศก,มื้อเที่ยงกับทีม,187.83,food,False,False,routine,False,7 eleven สาขา อโศก มื้อ เที่ยง กับ ทีม
d07dfc45-f2b8-44bb-a201-ce2fc141c617,2025-09-03,17:21,โอนเงินบริจาคมูลนิธิสุนัขจรจัด,ร่วมบุญสร้างโรงพยาบาลสงฆ์,360.29,other,True,False,wants,False,โอน เงินบริจาค มูลนิธิ สุนัขจรจัด ร่วม บุญ สร้าง โรงพยาบาล สงฆ์
8f668a1f-62ad-46e5-9810-6d53450aa071,2025-08-19,19:25,การประปานครหลวง MWA,เบี้ยประกันสุขภาพรายเดือน,1045.96,bills,False,False,routine,False,การประปา นครหลวง mwa เบี้ยประกัน สุขภาพ รายเดือน
f8012c7b-0a4a-40b6-bb2c-61341f81731b,2025-02-12,18:15,โอนเงินบริจาคมูลนิธิสุนัขจรจัด,โอนเงินซื้อของขวัญวันเกิดเพื่อน,186.6,other,True,False,wants,False,โอน เงินบริจาค มูลนิธิ สุนัขจรจัด โอน เงิน ซื้อ ของขวัญ วันเกิด เพื่อน
809321e6-2ee6-44a9-be7b-939199e62d29,2025-11-24,13:16,Major Cineplex รัชโยธิน,ร้องคาราโอเกะปาร์ตี้วันหยุด,969.6,entertainment,True,False,wants,False,major cineplex รัชโยธิน ร้อง คาราโอเกะ ปาร์ตี้ วันหยุด
ed833153-9343-4861-bcd3-f10f4a50575b,2025-06-17,09:09,โจ๊กสามย่าน สาขา 2,อาหารตามสั่งจานด่วน,205.77,food,False,False,routine,False,โจ๊ก สามย่าน สาขา 2 อาหาร ตาม สั่ง จาน ด่วน
9167d061-d151-4f65-ae85-b13bd95ca4fd,2025-10-27,15:31,โอนร่วมบุญผ้าป่าวัดป่า,โอนเงินซื้อของขวัญวันเกิดเพื่อน,364.69,other,True,True,wants,False,โอน ร่วม บุญ ผ้าป่า วัด ป่า โอน เงิน ซื้อ ของขวัญ วันเกิด เพื่อน
ce7fe65f-f704-4897-8daf-7b77c8161d5b,2025-11-14,21:07,Starbucks Reserve,เซ็ตซูชิพรีเมียมแซลมอน 5 คำ,614.97,food,True,False,wants,False,starbucks reserve เซ็ต ซูชิ พรีเมียม แซลมอน 5 คำ
7d5cc17a-14be-4e91-b60e-ae7e7e4f7af7,2025-07-04,00:28,PlayStation Network TH,Netflix Premium รายเดือน 4K,472.0,entertainment,True,False,wants,False,playstation network th netflix premium รายเดือน 4 k
7e428ea6-c23d-4186-91fa-23f29bcece27,2025-08-13,17:24,Sukishi Korean Buffet,บุฟเฟต์ปิ้งย่างเกาหลีชุดใหญ่,521.08,food,True,False,wants,False,sukishi korean buffet บุฟเฟต์ ปิ้ง ย่าง เกาหลี ชุด ใหญ่
38ef1b40-b3d5-45dc-b68f-b4ecc39f7d31,2025-11-30,07:19,ปตท. PTT Station สาขา 2,ชำระเงิน,56.45,transport,False,False,routine,False,ปตท ptt station สาขา 2 ชำระเงิน
ef46812d-b014-4068-a988-7aa0b5ab735e,2025-09-29,18:40,Amazon Cafe PTT,ไม่ระบุ,226.8,food,False,False,routine,False,amazon cafe ptt ไม่ ระบุ
e74b014d-0ead-4c9b-8cbd-fdc2a3fd66c2,2025-08-27,16:13,Line Man Taxi VIP,โอน,1394.45,transport,True,True,wants,False,line man taxi vip โอน
bb7719fe-c0da-4760-a4e2-9cf64dd9a535,2025-12-13,14:11,Sukishi Korean Buffet,สุกี้ชุดครอบครัวพร้อมเป็ดย่าง,851.27,food,True,False,wants,False,sukishi korean buffet สุกี้ ชุด ครอบครัว พร้อม เป็ด ย่าง
57f7762d-e7b8-44c4-93cc-7077ee0a4df7,2025-08-30,02:49,Bolt Taxi Express,จองตั๋วเครื่องบินไปเที่ยวภูเก็ต,659.97,transport,True,False,wants,False,bolt taxi express จองตั๋ว เครื่องบิน ไปเที่ยว ภูเก็ต
49ee3114-95ec-41ee-9084-e8c8e93b85bb,2025-01-13,11:12,Lotus's สุขุมวิท 50,ผลไม้นำเข้าและนมจืด,169.61,shopping,False,False,routine,False,lotus s สุขุมวิท 50 ผลไม้ นำเข้า และ นม จืด
08040554-f1e1-45b9-9281-dff3848933b2,2025-06-24,00:31,ร้านข้าวต้มรอบดึก กวงเฮง,ข้าวราดแกง 2 อย่างไข่ต้ม,179.76,food,False,False,routine,False,ร้าน ข้าวต้ม รอบ ดึก กวง เฮง ข้าวราดแกง 2 อย่าง ไข่ต้ม
6febf671-f759-499a-9fe9-61e3bc52e8e1,2025-01-11,02:01,AIS Fibre Broadband,ชำระบิลบัตรเครดิตรายเดือน,2803.64,bills,False,False,routine,False,ais fibre broadband ชำ ระบิล บัตรเครดิต รายเดือน
04adb894-89d3-4fe6-bf52-b733ce61868d,2025-12-08,22:21,Sukishi Korean Buffet,สุกี้ชุดครอบครัวพร้อมเป็ดย่าง,540.96,food,True,False,wants,False,sukishi korean buffet สุกี้ ชุด ครอบครัว พร้อม เป็ด ย่าง
8f4cf3b5-30df-49af-95ab-1d137eebb8f7,2025-04-08,19:41,Tops Supermarket All Seasons,คืนเพื่อน,261.19,shopping,False,False,routine,False,tops supermarket all seasons คืน เพื่อน
0f61e08a-3f75-4bbe-8881-cf3a1d8185ea,2025-06-18,07:18,ข้าวมันไก่ตอนประตูน้ำ,คืนเพื่อน,100.41,food,False,False,routine,False,ข้าวมัน ไก่ตอน ประตูน้ำ คืน เพื่อน
8f52bdd7-bce8-480e-a606-4a9a42567c5a,2025-04-17,14:00,Sukishi Korean Buffet,บุฟเฟต์ปิ้งย่างเกาหลีชุดใหญ่,885.57,food,True,False,wants,False,sukishi korean buffet บุฟเฟต์ ปิ้ง ย่าง เกาหลี ชุด ใหญ่
2361a18b-e94f-4d64-8f30-c97042cf8aca,2025-03-10,12:27,SF Cinema World CentralWorld,ตั๋วชมภาพยนตร์รอบค่ำ,193.33,entertainment,True,False,wants,False,sf cinema world centralworld ตั๋ว ชม ภาพยนตร์ รอบ ค่ำ
8110fdd4-5aa5-4729-9a0b-575345cf6c85,2025-01-08,08:03,โจ๊กสามย่าน สาขา 2,กาแฟคั่วเข้มแก้วเช้า,81.49,food,False,False,routine,False,โจ๊ก สามย่าน สาขา 2 กาแฟ คั่ว เข้ม แก้ว เช้า
ba21b7f9-dc77-4411-b81a-960e4f98b409,2025-10-28,17:28,Amazon Cafe PTT,โจ๊กหมูใส่ไข่เยี่ยวม้า,147.3,food,False,False,routine,False,amazon cafe ptt โจ๊ก หมู ใส่ ไข่เยี่ยวม้า
5c4a2028-e413-4c6f-960b-55a192a76d68,2025-03-18,08:48,บัตรเครดิต SCB CardX,ชำระค่าส่วนกลางคอนโดมิเนียม,3467.28,bills,False,False,routine,False,บัตรเครดิต scb cardx ชำระ ค่า ส่วนกลาง คอนโดมิเนียม
f4c00c75-0700-44d1-8b4b-1f1e29d3fd74,2025-11-13,17:22,7-Eleven สาขาอโศก,ยอดตัดบัญชี,145.74,food,False,False,routine,False,7 eleven สาขา อโศก ยอด ตัด บัญชี
1df2c805-74bf-4ad4-b299-c16f5f6bc71d,2025-07-12,19:22,ทางด่วน กทพ. Easy Pass,ค่าวินไปหน้าปากซอยสุขุมวิท,73.58,transport,False,False,routine,False,ทางด่วน กทพ easy pass ค่า วิน ไป หน้า ปากซอย สุขุมวิท
dedff273-9251-4066-baa0-5f99408a9d65,2025-06-27,22:31,Bar B Q Plaza,จ่ายผ่านแอป,520.81,food,True,True,wants,False,bar b q plaza จ่าย ผ่าน แอ ป
bc3a77c6-3698-44b5-8131-41fed661c5cd,2025-02-14,08:55,ร้านอาหารตามสั่งลุงหนวด,เส้นเล็กน้ำตกหมูพิเศษ,137.39,food,False,False,routine,False,ร้านอาหาร ตาม สั่ง ลุง หนวด เส้น เล็ก น้ำตก หมู พิเศษ
9cd5c06c-9d04-435d-8e0d-061f539384d0,2025-03-13,17:50,ธนาคารกสิกรไทย K-Mobile,โอนเงินคืนค่าแท็กซี่หารกัน,274.91,other,False,False,routine,False,ธนาคาร กสิกร ไทย k mobile โอน เงิน คืน ค่า แท็กซี่ หาร กัน
2e54257c-e165-491d-9c4f-ca2c8fb0023c,2025-11-29,14:03,Big C Supercenter รัชดา,น้ำยาซักผ้าและปรับผ้านุ่ม,235.15,shopping,False,False,routine,False,big c supercenter รัชดา น้ำยา ซักผ้า และ ปรับ ผ้า นุ่ม
226edfe6-6044-4d83-bc1a-bf93afb628d7,2025-08-11,14:57,ค่าเช่าคอนโด ลุมพินีทาวเวอร์,ค่าโทรศัพท์และบรอดแบนด์,3365.85,bills,False,False,routine,False,ค่าเช่า คอนโด ลุมพินี ทาวเวอร์ ค่าโทรศัพท์ และ บรอดแบนด์
ac69b490-3281-4788-86fb-229a39b560d9,2025-12-03,18:46,ร้านข้าวต้มรอบดึก กวงเฮง,โจ๊กหมูใส่ไข่เยี่ยวม้า,234.12,food,False,False,routine,False,ร้าน ข้าวต้ม รอบ ดึก กวง เฮง โจ๊ก หมู ใส่ ไข่เยี่ยวม้า
b80f77a7-fab4-4b1d-88d9-673f9e748128,2025-12-21,00:54,Lineman - ยำกุ้งสดแซ่บลืมผัว,ไก่ทอดบอนชอนชุดปาร์ตี้ สั่งดึก,598.14,food,True,True,impulse_delivery,False,lineman ยำ กุ้ง สด แซ่บ ลืม ผัว ไก่ทอด บอน ชอน ชุด ปาร์ตี้ สั่ง ดึก
06f0472f-c949-4b38-8b5f-c68ee5dbb910,2025-10-20,13:55,Bolt Taxi Express,เรียกรถ GrabCar ไปปาร์ตี้,705.45,transport,True,False,wants,False,bolt taxi express เรียก รถ grabcar ไป ปาร์ตี้
73628a29-fcdb-4f4e-bd75-259678a37af0,2025-01-20,09:18,TrueMove H Postpaid,โอนค่าเช่าคอนโดประจำเดือน,1279.86,bills,False,False,routine,False,truemove h postpaid โอน ค่าเช่า คอนโด ประจำเดือน
810c5036-a6e1-480f-95bc-8d02ce521143,2025-08-04,18:56,H&M EmQuartier,เสื้อผ้าแฟชั่นเกาหลีแมตช์ชุด,2725.59,shopping,True,False,wants,False,h m emquartier เสื้อผ้า แฟชั่น เกาหลี แมตช์ ชุด
37c063a7-1daa-4899-acde-21b4840c5ca0,2025-11-23,10:28,Lotus's สุขุมวิท 50,พร้อมเพย์,497.23,shopping,False,False,routine,False,lotus s สุขุมวิท 50 พร้อม เพย์
99ee4c2b-e25c-4337-a9c1-d3002a4bba32,2025-12-23,19:30,YouTube Premium Monthly,PlayStation Plus Member,1118.77,entertainment,True,False,wants,False,youtube premium monthly playstation plus member
c909de03-ef3c-434d-823e-8f12776d691f,2025-11-30,11:47,ชายสี่บะหมี่เกี๊ยว,จ่ายเงิน,137.1,food,False,False,routine,False,ชาย สี่ บะหมี่ เกี๊ยว จ่าย เงิน
bff17f82-1b33-4d0e-951d-160b2c35685b,2025-05-22,21:44,บัตรเครดิต KTC Visa,โอนค่าเช่าคอนโดประจำเดือน,833.79,bills,False,False,routine,False,บัตรเครดิต ktc visa โอน ค่าเช่า คอนโด ประจำเดือน
b418a008-732f-4202-8c65-a3c63c3eda79,2025-11-19,11:38,3BB Broadband Member,ต่อประกันภัยรถยนต์ชั้น 1,1304.3,bills,False,False,routine,False,3 bb broadband member ต่อ ประกันภัย รถยนต์ ชั้น 1
b6a53e02-fac8-489b-99c2-2c7a282bc0c6,2025-07-25,15:18,Momoparadise Central Rama 9,Shibuya Honey Toast และชาร้อน,1195.45,food,True,False,wants,False,momoparadise central rama 9 shibuya honey toast และ ชาร้อน
59197bc0-b8c5-44b9-ba7c-d136725a410a,2025-10-07,09:52,ร้านส้มตำเจ๊ไก่ รัชดา,Iced Black Coffee หวานน้อย,131.02,food,False,False,routine,False,ร้าน ส้มตำ เจ๊ ไก่ รัชดา iced black coffee หวาน น้อย
83cbb050-7deb-4758-a326-e9d50011313f,2025-02-02,16:29,ชายสี่บะหมี่เกี๊ยว,เส้นเล็กน้ำตกหมูพิเศษ,72.88,food,False,False,routine,False,ชาย สี่ บะหมี่ เกี๊ยว เส้น เล็ก น้ำตก หมู พิเศษ
31d8e6a9-b7ef-43a5-8181-9311cf317fea,2025-04-16,08:38,Gourmet Market Siam Paragon,ซื้อยาสีฟัน แชมพู และสบู่เหลว,107.9,shopping,False,False,routine,False,gourmet market siam paragon ซื้อ ยาสีฟัน แชมพู และ สบู่เหลว
3bad55d5-e006-4c21-90ed-f8376a50a104,2025-05-17,01:07,Lineman - ยำกุ้งสดแซ่บลืมผัว,ชานมไข่มุก golden bubble x2,1016.47,food,True,True,impulse_delivery,False,lineman ยำ กุ้ง สด แซ่บ ลืม ผัว ชา นม ไข่มุก golden bubble x 2
be30e980-9a4d-434d-a6cc-e7b1f7af0298,2025-09-06,12:00,การประปานครหลวง MWA,ไม่ระบุ,3234.03,bills,False,False,routine,False,การประปา นครหลวง mwa ไม่ ระบุ
5ce665af-d91e-4cea-9f14-2dfd8925c103,2025-09-28,15:59,Uniqlo Central Rama 9,สกินแคร์เซรั่มบำรุงผิวหน้า,945.93,shopping,True,False,wants,False,uniqlo central rama 9 ส กิน แคร์ เซ รั่ม บำรุง ผิวหน้า
3bff5a0d-88a9-4cf6-91eb-8f864b6ab35a,2025-01-06,22:15,ชายสี่บะหมี่เกี๊ยว,-,136.21,food,False,False,routine,False,ชาย สี่ บะหมี่ เกี๊ยว
3d42b39b-d820-4ac2-8a68-5b945ae726b7,2025-11-29,14:05,The Beer Bar Sukhumvit 11,ร้องคาราโอเกะปาร์ตี้วันหยุด,1343.0,entertainment,True,False,wants,False,the beer bar sukhumvit 11 ร้อง คาราโอเกะ ปาร์ตี้ วันหยุด
ae561695-ffbc-4fea-a152-6fc22d77a4f1,2025-06-27,00:46,The Beer Bar Sukhumvit 11,PlayStation Plus Member,1382.69,entertainment,True,True,wants,False,the beer bar sukhumvit 11 playstation plus member
becb9b53-19c6-41b5-9f7a-a5aa80fcae73,2025-03-29,23:51,Uniqlo Central Rama 9,ยอดตัดบัญชี,1367.82,shopping,True,False,wants,False,uniqlo central rama 9 ยอด ตัด บัญชี
90ec5bca-0bfd-4cf5-9a87-76636cf1e30f,2025-07-19,19:51,บัตรเครดิต SCB CardX,ชำระบิลบัตรเครดิตรายเดือน,1653.18,bills,False,False,routine,False,บัตรเครดิต scb cardx ชำ ระบิล บัตรเครดิต รายเดือน
3f0b2263-bee4-4ccb-a82c-c274ce7cdceb,2025-06-01,00:59,วินมอเตอร์ไซค์ ซอยสุขุมวิท 21,M-Flow ชำระค่าผ่านทางด่วน,55.87,transport,False,False,routine,False,วิน มอเตอร์ไซค์ ซอย สุขุมวิท 21 m flow ชำระ ค่า ผ่าน ทางด่วน
7be5c03d-72ac-4402-9c9f-f6c48784e330,2025-03-05,17:16,ร้านส้มตำเจ๊ไก่ รัชดา,เกาเหลาเลือดหมูข้าวเปล่า,148.12,food,False,False,routine,False,ร้าน ส้มตำ เจ๊ ไก่ รัชดา เกาเหลา เลือดหมู ข้าว เปล่า
19ee086b-fc9d-40a0-939f-8188f6c0c9b7,2025-02-10,16:35,AirAsia Flight Booking,นั่ง Taxi Express ช่วงฝนตก,2106.61,transport,True,False,wants,False,airasia flight booking นั่ง taxi express ช่วง ฝนตก
7049454f-ae7c-4e6a-8c38-0156c8c7e521,2025-12-02,12:40,ร้านข้าวราดแกงเมืองตรัง,ข้าวมันไก่เนื้อน่องไม่หนัง,162.1,food,False,False,routine,False,ร้าน ข้าวราดแกง เมือง ตรัง ข้าวมันไก่ เนื้อ น่อง ไม่ หนัง
b4704a24-b6dd-48bb-998c-a4543dfa09df,2025-05-09,15:44,Caltex เอกมัย,M-Flow ชำระค่าผ่านทางด่วน,48.11,transport,False,False,routine,False,caltex เอกมัย m flow ชำระ ค่า ผ่าน ทางด่วน
2a449300-679c-44e4-ba3b-24b856e8b127,2025-05-02,09:33,Bolt Taxi Express,เช่ารถขับเที่ยวกับเพื่อน,2079.64,transport,True,False,wants,False,bolt taxi express เช่า รถ ขับ เที่ยว กับ เพื่อน
de19689c-4eec-43a1-a7df-07fa09426d94,2025-06-24,23:57,3BB Broadband Member,เคลียร์ยอด,846.21,bills,False,False,routine,False,3 bb broadband member เคลียร์ ยอด
d1c67add-29a4-4cbf-9140-2d038d7e98bb,2025-04-06,22:36,Major Cineplex รัชโยธิน,ไม่ระบุ,207.3,entertainment,True,False,wants,False,major cineplex รัชโยธิน ไม่ ระบุ
a562c7a2-a1ff-4a2e-8f50-3b731204f0b8,2025-01-16,02:30,Lazada 9.9 Official Store,เครื่องดูดฝุ่นไร้สายกดตอนเที่ยงคืน,2618.96,shopping,True,True,impulse_online,False,lazada 9 9 official store เครื่องดูดฝุ่น ไร้สาย กด ตอน เที่ยงคืน
611d9a46-8eab-4004-9d53-575c24bd32e8,2025-10-12,02:09,Shell Station สุขุมวิท,เคลียร์ยอด,98.55,transport,False,False,routine,False,shell station สุขุมวิท เคลียร์ ยอด
a52c909f-8ca4-45b9-bdaf-5a806f9d4f07,2025-11-28,15:18,การประปานครหลวง MWA,ค่าเน็ตบ้านรายเดือน 3BB,2741.23,bills,False,False,routine,False,การประปา นครหลวง mwa ค่า เน็ต บ้าน รายเดือน 3 bb
6d0fbac1-26d8-42ee-b752-f358ae98a761,2025-09-05,12:12,ร้านอาหารตามสั่งลุงหนวด,มื้อเที่ยงกับทีม,194.45,food,False,False,routine,False,ร้านอาหาร ตาม สั่ง ลุง หนวด มื้อ เที่ยง กับ ทีม
d8a76401-73d0-4c4e-966b-da722bb9c87a,2025-12-24,14:14,ร้านส้มตำเจ๊ไก่ รัชดา,เคลียร์ยอด,103.15,food,False,False,routine,False,ร้าน ส้มตำ เจ๊ ไก่ รัชดา เคลียร์ ยอด
0e73f200-6882-48ce-9f92-2ede7e415f62,2025-02-20,14:29,KFC Drive Thru,โอน,525.7,food,True,False,wants,False,kfc drive thru โอน
53605235-709c-4ac4-a6f2-f450b102c956,2025-03-20,15:40,ค่าเช่าคอนโด ลุมพินีทาวเวอร์,โอนค่าเช่าคอนโดประจำเดือน,2327.61,bills,False,False,routine,False,ค่าเช่า คอนโด ลุมพินี ทาวเวอร์ โอน ค่าเช่า คอนโด ประจำเดือน
2d912003-e32b-488d-8e6f-56182d42147b,2025-08-07,20:03,GrabCar Premium Bangkok,Grab VIP เดินทางไปสนามบิน,547.19,transport,True,False,wants,False,grabcar premium bangkok grab vip เดินทาง ไป สนามบิน
8a6aa3ef-b6e6-4d69-a71c-cae9540c9503,2025-09-19,22:06,ที่จอดรถ อาคารเสริมมิตร,M-Flow ชำระค่าผ่านทางด่วน,77.4,transport,False,False,routine,False,ที่จอดรถ อาคาร เสริม มิตร m flow ชำระ ค่า ผ่าน ทางด่วน
ecc5a3a8-6786-49c7-9a0f-86122982c735,2025-06-09,13:20,Sephora Thailand,ลิปสติกและพาเลตต์อายแชโดว์,2409.25,shopping,True,False,wants,False,sephora thailand ลิปสติก และ พา เลตต์ อายแชโดว์
420c5942-870b-4a09-972c-f95f9390a67e,2025-09-18,12:26,Amazon Cafe PTT,มื้อเที่ยงกับทีม,55.18,food,False,False,routine,False,amazon cafe ptt มื้อ เที่ยง กับ ทีม
26ba8a59-1a5e-4563-b4dd-0d2da73c5b3f,2025-10-18,10:40,ชายสี่บะหมี่เกี๊ยว,อาหารตามสั่งจานด่วน,233.33,food,False,False,routine,False,ชาย สี่ บะหมี่ เกี๊ยว อาหาร ตาม สั่ง จาน ด่วน
155ef660-577e-4359-958b-1d144c5275f7,2025-11-26,19:55,MK Restaurants,ชาบูหม้อไฟหมาล่าพรีเมียม,454.83,food,True,False,wants,False,mk restaurants ชาบู หม้อไฟ หมา ล่า พรีเมียม
01e03b0e-7502-44a2-bb4e-941704600097,2025-03-12,17:38,7-Eleven สาขาอโศก,ส้มตำไทยคอหมูย่าง,242.91,food,False,False,routine,False,7 eleven สาขา อโศก ส้มตำ ไทย คอ หมู ย่าง
c457aa11-9a69-4643-ae0d-a7a4e7f7afc6,2025-05-20,01:49,ShopeeFood - McDonald's 24hrs,โอนเงิน,1514.69,food,True,True,impulse_delivery,False,shopeefood mcdonald s 24 hrs โอน เงิน
f71fc0b5-0bb4-4428-88ec-873e4ccd7d7c,2025-11-24,09:33,ร้านข้าวราดแกงเมืองตรัง,จ่ายเงิน,148.14,food,False,False,routine,False,ร้าน ข้าวราดแกง เมือง ตรัง จ่าย เงิน
8fb5d1b8-67a2-43be-9a8b-2f416301b92a,2025-07-25,13:26,MK Restaurants,Iced Caramel Macchiato Venti,498.71,food,True,True,wants,False,mk restaurants iced caramel macchiato venti
d6148525-5fb0-4457-ad50-19a9e96d44ce,2025-10-22,13:42,YouTube Premium Monthly,เล่นบอร์ดเกมกับกลุ่มเพื่อน,165.89,entertainment,True,False,wants,False,youtube premium monthly เล่น บอร์ด เกม กับ กลุ่ม เพื่อน
9ec8baac-f796-4609-8c3d-bb4638eaba57,2025-02-08,17:55,Amazon Cafe PTT,ข้าวมันไก่เนื้อน่องไม่หนัง,143.78,food,False,False,routine,False,amazon cafe ptt ข้าวมันไก่ เนื้อ น่อง ไม่ หนัง
db3ca7fa-9bd6-4516-9cdc-42680a36a718,2025-06-14,11:54,Haidilao Hot Pot CentralWorld,เบอร์เกอร์เนื้อทรัฟเฟิล,250.8,food,True,False,wants,False,haidilao hot pot centralworld เบอร์เกอร์ เนื้อ ทรัฟเฟิล
daa254d5-faea-4c7b-b9b3-b4cb3c4ffb66,2025-09-04,16:38,โจ๊กสามย่าน สาขา 2,เกาเหลาเลือดหมูข้าวเปล่า,126.09,food,False,False,routine,False,โจ๊ก สามย่าน สาขา 2 เกาเหลา เลือดหมู ข้าว เปล่า
036568ba-f5bf-4976-b661-5c2aac5f27ba,2025-02-10,09:41,โจ๊กสามย่าน สาขา 2,คืนเพื่อน,86.05,food,False,False,routine,False,โจ๊ก สามย่าน สาขา 2 คืน เพื่อน
b09ef168-e04d-43f7-a603-c91f5fca437c,2025-02-19,08:53,H&M EmQuartier,ลิปสติกและพาเลตต์อายแชโดว์,1238.92,shopping,True,False,wants,False,h m emquartier ลิปสติก และ พา เลตต์ อายแชโดว์
ed2e2ecd-a4f9-4c3e-ab9d-7091a673938f,2025-03-01,00:32,ทางด่วน กทพ. Easy Pass,เติมเงินบัตร BTS รายเดือน,88.91,transport,False,False,routine,False,ทางด่วน กทพ easy pass เติม เงิน บัตร bts รายเดือน
4cfb90b6-f249-457a-8549-ce8b47a133ce,2025-10-23,12:38,Momoparadise Central Rama 9,Shibuya Honey Toast และชาร้อน,520.79,food,True,False,wants,False,momoparadise central rama 9 shibuya honey toast และ ชาร้อน
1925080c-10ee-42a4-922b-49eb1b46c342,2025-03-20,09:25,Big C Supercenter รัชดา,ผลไม้นำเข้าและนมจืด,247.63,shopping,False,False,routine,False,big c supercenter รัชดา ผลไม้ นำเข้า และ นม จืด
1f7e473a-472e-4449-a2f7-f190ce2f81d2,2025-03-23,13:47,Bar B Q Plaza,Iced Caramel Macchiato Venti,1004.09,food,True,False,wants,False,bar b q plaza iced caramel macchiato venti
180a3174-c1ec-4c7f-9ad6-d91b8cfcdc29,2025-02-11,22:57,Amazon Cafe PTT,แซนด์วิชทูน่ามื้อเช้า,246.89,food,False,False,routine,False,amazon cafe ptt แซนด์วิช ทูน่า มื้อ เช้า
6da96ff1-ffbc-4f38-ba04-c7a868cb6ec2,2025-01-08,22:09,Bolt Taxi Express,เรียกรถ GrabCar ไปปาร์ตี้,1447.05,transport,True,False,wants,False,bolt taxi express เรียก รถ grabcar ไป ปาร์ตี้
b2f6d03e-313e-47d3-9c5c-3263d6cd1f74,2025-08-13,00:58,BCP บางจาก พระโขนง,Easy Pass เติมเงินทางด่วน,89.13,transport,False,False,routine,False,bcp บาง จาก พระ โขนง easy pass เติม เงิน ทางด่วน
13e73861-9e48-4261-bd1a-a836ea60401f,2025-08-19,21:11,Board Game Cafe Ari,คืนเพื่อน,1114.46,entertainment,True,False,wants,False,board game cafe ari คืน เพื่อน
48b57295-2483-4346-8563-15f3fe0a61cb,2025-11-22,19:20,ปตท. PTT Station สาขา 1,เติมเงินบัตร BTS รายเดือน,94.79,transport,False,False,routine,False,ปตท ptt station สาขา 1 เติม เงิน บัตร bts รายเดือน
7e1f74ed-7265-4b23-ab9a-b10de6cdd5f4,2025-04-22,21:29,โจ๊กสามย่าน สาขา 2,ข้าวมันไก่เนื้อน่องไม่หนัง,50.87,food,False,False,routine,False,โจ๊ก สามย่าน สาขา 2 ข้าวมันไก่ เนื้อ น่อง ไม่ หนัง
1af0ba76-0d8c-4783-9cec-fd5770f37345,2025-11-21,21:11,ร้านข้าวต้มรอบดึก กวงเฮง,กะเพราหมูกรอบไข่ดาวไม่สุก,69.38,food,False,False,routine,False,ร้าน ข้าวต้ม รอบ ดึก กวง เฮง กะเพรา หมูกรอบ ไข่ดาว ไม่ สุก
0497f6cf-7dca-405d-8ef2-ef2e54682a4e,2025-04-02,19:37,PromptPay โอนเงินส่วนตัว,พร้อมเพย์,376.88,other,True,False,wants,False,promptpay โอน เงิน ส่วนตัว พร้อม เพย์
d3f2ad70-24d4-4e41-8d93-eb94e7f70e7c,2025-09-12,08:38,Gentlewoman Store,เสื้อเบลเซอร์ทำงานคอลใหม่,2603.94,shopping,True,False,wants,False,gentlewoman store เสื้อ เบล เซอร์ ทำงาน คอ ล ใหม่
64deda10-580e-49de-ac11-2ca41bc9a074,2025-03-11,09:23,3BB Broadband Member,ค่าแพ็กเกจมือถือรายเดือน 5G,1886.57,bills,False,False,routine,False,3 bb broadband member ค่า แพ็กเกจ มือถือ รายเดือน 5 g
012e2b49-6859-40ce-86b7-857828b3995c,2025-08-24,20:23,Big C Supercenter รัชดา,ซื้อของใช้จำเป็นในห้องน้ำ,171.83,shopping,False,False,routine,False,big c supercenter รัชดา ซื้อ ของใช้ จำเป็น ใน ห้องน้ำ
b61e421c-6019-4db9-8fa5-9ccbb99016f0,2025-01-07,07:05,ปตท. PTT Station สาขา 2,เติมน้ำมันมอเตอร์ไซค์เต็มถัง,70.73,transport,False,False,routine,False,ปตท ptt station สาขา 2 เติมน้ำมัน มอเตอร์ไซค์ เต็ม ถัง
7a0ba6a8-d71e-4a41-8747-99d06b55d767,2025-07-03,16:48,ทางด่วน กทพ. Easy Pass,เคลียร์ยอด,94.21,transport,False,False,routine,False,ทางด่วน กทพ easy pass เคลียร์ ยอด
c2a90ffb-05bc-486c-a752-6724c56fc273,2025-05-11,08:33,Lotus's สุขุมวิท 50,จ่ายผ่านแอป,257.49,shopping,False,False,routine,False,lotus s สุขุมวิท 50 จ่าย ผ่าน แอ ป
1cded9bf-1455-4457-b881-9b13f1591f18,2025-03-05,18:10,McDonald's EmQuartier,ไก่ทอด KFC บักเก็ตพิเศษ,1094.9,food,True,False,wants,False,mcdonald s emquartier ไก่ทอด kfc บัก เก็ต พิเศษ
925d207c-b1b6-4ec6-9c2a-22ab2590bf05,2025-09-29,01:14,Sephora Thailand,ซื้อเสื้อกล้ามและกางเกงสแล็ค,2944.78,shopping,True,False,wants,False,sephora thailand ซื้อ เสื้อกล้าม และ กางเกง สแล็ค
1bd8be71-bbe0-4200-b146-704f75df71e2,2025-09-29,10:46,ชายสี่บะหมี่เกี๊ยว,แซนด์วิชทูน่ามื้อเช้า,175.25,food,False,False,routine,False,ชาย สี่ บะหมี่ เกี๊ยว แซนด์วิช ทูน่า มื้อ เช้า
c48e2302-f62a-4295-ae1f-532e50aea8b5,2025-11-30,15:33,IKEA Bangna,โอนเงิน,2181.06,shopping,True,False,wants,False,ikea bangna โอน เงิน
6fa44f93-16ff-4c97-a43a-dcb8b779eb55,2025-04-08,20:38,7-Eleven สาขาอโศก,ส้มตำไทยคอหมูย่าง,214.79,food,False,False,routine,False,7 eleven สาขา อโศก ส้มตำ ไทย คอ หมู ย่าง
b04df7e1-94e7-4089-a937-592011640e8d,2025-03-06,12:06,โจ๊กสามย่าน สาขา 2,ข้าวมันไก่เนื้อน่องไม่หนัง,173.96,food,False,False,routine,False,โจ๊ก สามย่าน สาขา 2 ข้าวมันไก่ เนื้อ น่อง ไม่ หนัง
b28d6924-bb68-4267-80b2-2cb82d582d0e,2025-07-03,12:34,Starbucks Reserve,สุกี้ชาบูเนื้อวากิวไม่อั้น,980.09,food,True,False,wants,False,starbucks reserve สุกี้ ชาบู เนื้อ วา กิว ไม่ อั้น
32442206-4a7c-44a9-8e5b-3c9caf06bc2e,2025-08-18,10:30,PlayStation Network TH,จ่ายผ่านแอป,1007.46,entertainment,True,False,wants,False,playstation network th จ่าย ผ่าน แอ ป
94a06b79-af9d-43c0-b1d3-479173016953,2025-09-16,10:48,ประกันภัยรถยนต์ วิริยะประกันภัย,ค่าแพ็กเกจมือถือรายเดือน 5G,3172.33,bills,False,False,routine,False,ประกันภัย รถยนต์ วิริยะ ประกันภัย ค่า แพ็กเกจ มือถือ รายเดือน 5 g
a1427e11-d2e3-48e3-a709-6fd053ac6560,2025-05-14,15:47,Spotify Premium TH,Disney+ Hotstar รายปี,319.97,entertainment,True,False,wants,False,spotify premium th disney hotstar รายปี
af6bb711-3d20-48f8-9d40-bba3d4dd7553,2025-01-18,19:25,7-Eleven สาขาอโศก,เส้นเล็กน้ำตกหมูพิเศษ,216.11,food,False,False,routine,False,7 eleven สาขา อโศก เส้น เล็ก น้ำตก หมู พิเศษ
f3e4140f-a014-4317-b2b6-88d97f6052f6,2025-10-15,10:40,Tops Supermarket All Seasons,คืนเพื่อน,440.68,shopping,False,False,routine,False,tops supermarket all seasons คืน เพื่อน
962fad1b-6601-4dd6-a9e9-6f33c7cc92f6,2025-12-23,10:41,KFC Drive Thru,ไก่ทอด KFC บักเก็ตพิเศษ,856.7,food,True,False,wants,False,kfc drive thru ไก่ทอด kfc บัก เก็ต พิเศษ
2dbcde1f-1f04-4593-910e-dea52076da1c,2025-10-09,07:09,Big C Supercenter รัชดา,ของสดวัตถุดิบทำกับข้าว,418.95,shopping,False,False,routine,False,big c supercenter รัชดา ของสด วัตถุดิบ ทำกับข้าว
6c11dd84-90de-40d1-99c2-71210ee89744,2025-09-05,22:40,ร้านข้าวราดแกงเมืองตรัง,ข้าวราดแกง 2 อย่างไข่ต้ม,235.3,food,False,False,routine,False,ร้าน ข้าวราดแกง เมือง ตรัง ข้าวราดแกง 2 อย่าง ไข่ต้ม
5c52c303-3360-4e40-b2c0-1f2442dc709f,2025-10-30,20:17,Uniqlo Central Rama 9,กระเป๋าผ้าแบรนด์ยอดฮิต,2568.85,shopping,True,False,wants,False,uniqlo central rama 9 กระเป๋า ผ้า แบรนด์ ยอดฮิต
c8558dd0-0fe4-4977-8d60-48ebbc3e98f2,2025-04-07,10:36,ร้านอาหารตามสั่งลุงหนวด,อาหารตามสั่งจานด่วน,118.77,food,False,False,routine,False,ร้านอาหาร ตาม สั่ง ลุง หนวด อาหาร ตาม สั่ง จาน ด่วน
d1a41576-bcbf-4d94-a1fa-2a762b2e56d5,2025-05-03,20:01,โอนร่วมบุญผ้าป่าวัดป่า,โอนเงิน,58.03,other,True,False,wants,False,โอน ร่วม บุญ ผ้าป่า วัด ป่า โอน เงิน
7ef62962-6dd5-4eb7-9e6a-125a364c8fb4,2025-02-09,02:18,Central Online Shopping,กล่องสุ่มคอลเลกชันใหม่ล่าสุด,1266.74,shopping,True,True,impulse_online,False,central online shopping กล่อง สุ่ม คอลเลกชัน ใหม่ ล่าสุด
587818f4-3b0b-44a2-9adb-f6bd390126b2,2025-11-13,15:20,Tops Supermarket All Seasons,ยอดตัดบัญชี,382.2,shopping,False,False,routine,False,tops supermarket all seasons ยอด ตัด บัญชี
26158c68-559c-4e32-9ec2-235fbf086529,2025-08-24,02:33,Lineman - ยำกุ้งสดแซ่บลืมผัว,ไก่ทอดบอนชอนชุดปาร์ตี้ สั่งดึก,840.07,food,True,True,impulse_delivery,False,lineman ยำ กุ้ง สด แซ่บ ลืม ผัว ไก่ทอด บอน ชอน ชุด ปาร์ตี้ สั่ง ดึก
baa34833-f42d-4999-b190-16cab39a698a,2025-08-08,16:46,Tops Supermarket All Seasons,ซื้อยาสีฟัน แชมพู และสบู่เหลว,436.63,shopping,False,False,routine,False,tops supermarket all seasons ซื้อ ยาสีฟัน แชมพู และ สบู่เหลว
a82c94f2-255f-4b09-b089-aee01ea5fb06,2025-07-29,08:32,KFC Drive Thru,ปิ้งย่างบาร์บีคิวฉลองปิดโปรเจกต์,901.92,food,True,False,wants,False,kfc drive thru ปิ้ง ย่าง บาร์บีคิว ฉลอง ปิด โปรเจกต์
a708c784-f66e-475b-b43a-71c84f906640,2025-12-09,13:36,ปตท. PTT Station สาขา 1,ค่าจอดรถรายชั่วโมงอาคาร,116.19,transport,False,False,routine,False,ปตท ptt station สาขา 1 ค่า จอด รถ ราย ชั่วโมง อาคาร
ece87231-d970-4b1a-a35f-d8eb2fd55821,2025-07-16,10:37,โอนเงินบริจาคมูลนิธิสุนัขจรจัด,บริจาคช่วยมูลนิธิการกุศล,199.77,other,True,False,wants,False,โอน เงินบริจาค มูลนิธิ สุนัขจรจัด บริจาค ช่วย มูลนิธิ การกุศล
4a8d5905-54f2-4918-a2fb-09853580c737,2025-01-28,22:58,Boots Pharmacy พระราม 9,น้ำยาซักผ้าและปรับผ้านุ่ม,283.83,shopping,False,False,routine,False,boots pharmacy พระราม 9 น้ำยา ซักผ้า และ ปรับ ผ้า นุ่ม
bdba715a-440d-4f48-850c-7e76f161fbe2,2025-01-16,09:45,Steam Games Store,PlayStation Plus Member,1041.25,entertainment,True,False,wants,False,steam games store playstation plus member
6f49c6c8-18b0-43f3-a3be-c82725e9ea4f,2025-07-04,17:44,B2S Think Space,โอนเงิน,703.88,shopping,True,False,wants,False,b 2 s think space โอน เงิน
96b60ca4-30fb-4fd1-ab20-974d6c190079,2025-06-06,23:29,TikTok Shop Thailand,ช้อปปิ้งออนไลน์ช่วงลดราคาเที่ยงคืน,2478.87,shopping,True,True,impulse_online,False,tiktok shop thailand ช้อปปิ้ง ออนไลน์ ช่วง ลดราคา เที่ยงคืน
5eccab0f-717b-4fe7-ade7-2f1f5748812d,2025-08-11,17:50,H&M EmQuartier,เสื้อผ้าแฟชั่นเกาหลีแมตช์ชุด,1598.43,shopping,True,False,wants,False,h m emquartier เสื้อผ้า แฟชั่น เกาหลี แมตช์ ชุด
0b356ed6-2f15-4edb-9a4b-4c5fc1978b9d,2025-01-08,09:54,The Beer Bar Sukhumvit 11,Spotify Individual Subscription,538.09,entertainment,True,False,wants,False,the beer bar sukhumvit 11 spotify individual subscription
0034f1e3-420b-4fa5-8dfc-617d0c7f320c,2025-01-13,13:23,ค่าเช่าคอนโด ลุมพินีทาวเวอร์,ชำระค่าน้ำประปานครหลวง,3246.47,bills,False,False,routine,False,ค่าเช่า คอนโด ลุมพินี ทาวเวอร์ ชำระ ค่า น้ำประปา นครหลวง
c8fbdfe4-1be9-49da-871f-484e71e2229b,2025-08-27,12:06,B2S Think Space,ซื้อเสื้อกล้ามและกางเกงสแล็ค,580.68,shopping,True,False,wants,False,b 2 s think space ซื้อ เสื้อกล้าม และ กางเกง สแล็ค
afbe4ce2-7377-423d-b7fb-7f2c150ea776,2025-04-14,00:32,Central Online Shopping,Apple Watch สายสปอร์ตแฟชั่น,1474.08,shopping,True,True,impulse_online,False,central online shopping apple watch สาย สปอร์ต แฟชั่น
56542e7a-48b3-481d-99c2-4619144efc1e,2025-06-25,20:21,ประกันภัยรถยนต์ วิริยะประกันภัย,ชำระบิลบัตรเครดิตรายเดือน,1337.55,bills,False,False,routine,False,ประกันภัย รถยนต์ วิริยะ ประกันภัย ชำ ระบิล บัตรเครดิต รายเดือน
6b06f5f0-3ef0-4ab9-b1cd-3708f694911c,2025-05-14,15:38,Big C Supercenter รัชดา,น้ำยาซักผ้าและปรับผ้านุ่ม,475.51,shopping,False,False,routine,False,big c supercenter รัชดา น้ำยา ซักผ้า และ ปรับ ผ้า นุ่ม
5014da69-aed3-4820-a790-ea7533383dd1,2025-10-23,07:58,ปตท. PTT Station สาขา 1,โอนเงิน,112.21,transport,False,False,routine,False,ปตท ptt station สาขา 1 โอน เงิน
7f59bc2f-6df2-4877-958e-a021cff599e5,2025-10-13,17:00,KFC Drive Thru,สุกี้ชุดครอบครัวพร้อมเป็ดย่าง,550.59,food,True,False,wants,False,kfc drive thru สุกี้ ชุด ครอบครัว พร้อม เป็ด ย่าง
5a1d2ba6-b895-470e-aa8d-83ca63bb0baa,2025-08-20,17:39,AirAsia Flight Booking,โอน,1340.64,transport,True,False,wants,False,airasia flight booking โอน
cc2901e5-81a0-4204-a2dd-f03c1ab478b2,2025-03-20,17:37,Line Man Taxi VIP,เรียกรถ GrabCar ไปปาร์ตี้,1254.43,transport,True,False,wants,False,line man taxi vip เรียก รถ grabcar ไป ปาร์ตี้
abfa9952-2c93-4c67-a47a-7e8b6429be17,2025-06-08,08:17,Major Cineplex รัชโยธิน,Disney+ Hotstar รายปี,1518.6,entertainment,True,False,wants,False,major cineplex รัชโยธิน disney hotstar รายปี
9d0a7fb9-dee7-42cb-8313-2cfc91ac6a77,2025-04-12,13:21,7-Eleven สาขาอโศก,แซนด์วิชทูน่ามื้อเช้า,206.98,food,False,False,routine,False,7 eleven สาขา อโศก แซนด์วิช ทูน่า มื้อ เช้า
c30694f9-b8f4-4e45-906b-9639a1bc0e81,2025-03-14,21:50,KFC Drive Thru,ชาบูหม้อไฟหมาล่าพรีเมียม,666.26,food,True,False,wants,False,kfc drive thru ชาบู หม้อไฟ หมา ล่า พรีเมียม
efca8fa1-bdbc-4057-ba69-f8f8d45c4bb4,2025-09-03,14:19,KFC Drive Thru,ปิ้งย่างบาร์บีคิวฉลองปิดโปรเจกต์,1069.3,food,True,False,wants,False,kfc drive thru ปิ้ง ย่าง บาร์บีคิว ฉลอง ปิด โปรเจกต์
69c7392a-3fa6-419f-b51f-491d4ef5ecdf,2025-10-12,09:11,Caltex เอกมัย,ค่าวินไปหน้าปากซอยสุขุมวิท,56.23,transport,False,False,routine,False,caltex เอกมัย ค่า วิน ไป หน้า ปากซอย สุขุมวิท
e5704fec-f38d-40f9-90b4-15e2edee30e4,2025-07-01,07:18,ค่าเช่าคอนโด ลุมพินีทาวเวอร์,ชำระยอดบัตรเครดิตยอดเต็ม,722.49,bills,False,False,routine,False,ค่าเช่า คอนโด ลุมพินี ทาวเวอร์ ชำระ ยอด บัตรเครดิต ยอด เต็ม
02b2068b-9529-496d-81fa-0d8d4a133ee2,2025-08-05,16:45,โจ๊กสามย่าน สาขา 2,ส้มตำไทยคอหมูย่าง,69.86,food,False,False,routine,False,โจ๊ก สามย่าน สาขา 2 ส้มตำ ไทย คอ หมู ย่าง
6739f1ff-4981-4f6a-9b13-759a9cec30a7,2025-01-27,08:20,Haidilao Hot Pot CentralWorld,โอนเงิน,641.45,food,True,False,wants,False,haidilao hot pot centralworld โอน เงิน
843d56cd-2030-4204-b038-ce5083f01dc7,2025-05-10,22:47,Line Man Taxi VIP,นั่ง Taxi Express ช่วงฝนตก,675.59,transport,True,False,wants,False,line man taxi vip นั่ง taxi express ช่วง ฝนตก
f7b11942-cb3b-4ea3-a90e-ebe1f65f891d,2025-12-25,21:00,Muji Central Chidlom,ลิปสติกและพาเลตต์อายแชโดว์,858.98,shopping,True,True,wants,False,muji central chidlom ลิปสติก และ พา เลตต์ อายแชโดว์
aa487bb8-f119-4dc7-a310-afe6aa4df1e6,2025-12-07,08:53,ปตท. PTT Station สาขา 1,Easy Pass เติมเงินทางด่วน,119.41,transport,False,False,routine,False,ปตท ptt station สาขา 1 easy pass เติม เงิน ทางด่วน
f57ac143-1e9f-46ed-889d-c8e6d3a98956,2025-12-04,15:41,ธนาคารกสิกรไทย K-Mobile,ทำบุญค่าน้ำค่าไฟวัดประจำเดือน,66.32,other,False,False,routine,False,ธนาคาร กสิกร ไทย k mobile ทำบุญ ค่าน้ำค่าไฟ วัด ประจำเดือน
57247b57-bb3a-4a07-8cf6-0bdaa762de07,2025-05-24,01:09,AIS Fibre Broadband,ค่าเน็ตบ้านรายเดือน 3BB,2162.9,bills,False,False,routine,False,ais fibre broadband ค่า เน็ต บ้าน รายเดือน 3 bb
d4242b4a-6ad2-4a6e-8ece-1feccca241a6,2025-10-31,22:19,Haidilao Hot Pot CentralWorld,ปิ้งย่างบาร์บีคิวฉลองปิดโปรเจกต์,297.41,food,True,False,wants,False,haidilao hot pot centralworld ปิ้ง ย่าง บาร์บีคิว ฉลอง ปิด โปรเจกต์
d6d13af5-4add-4b29-8b01-ae30d8c40154,2025-06-01,08:35,ค่าเช่าคอนโด ลุมพินีทาวเวอร์,เบี้ยประกันชีวิตและอุบัติเหตุ,3380.3,bills,False,False,routine,False,ค่าเช่า คอนโด ลุมพินี ทาวเวอร์ เบี้ย ประกันชีวิต และ อุบัติเหตุ
1399ef24-1405-43bf-be17-e7dcd029ad95,2025-12-01,19:59,Gentlewoman Store,พร้อมเพย์,667.74,shopping,True,False,wants,False,gentlewoman store พร้อม เพย์
26f5468f-874c-4504-a6a7-79b517cc328d,2025-09-13,12:54,Lotus's สุขุมวิท 50,ซื้อของใช้จำเป็นในห้องน้ำ,363.7,shopping,False,False,routine,False,lotus s สุขุมวิท 50 ซื้อ ของใช้ จำเป็น ใน ห้องน้ำ
a552a72c-d8d9-42e9-b252-fe7e1a3afc01,2025-07-02,21:29,MK Restaurants,เซ็ตซูชิพรีเมียมแซลมอน 5 คำ,497.01,food,True,False,wants,False,mk restaurants เซ็ต ซูชิ พรีเมียม แซลมอน 5 คำ
fce85c4e-3a25-4bf3-bd87-820e8d681f2a,2025-03-14,07:30,Momoparadise Central Rama 9,ไม่ระบุ,384.59,food,True,False,wants,False,momoparadise central rama 9 ไม่ ระบุ
024c554b-36d3-4eb0-8d7c-36c633c71688,2025-05-18,10:33,ปตท. PTT Station สาขา 2,ค่าวินมอไซค์ไปต่อรถไฟฟ้า,116.32,transport,False,False,routine,False,ปตท ptt station สาขา 2 ค่า วิน มอไซค์ ไป ต่อ รถไฟฟ้า
c016e62e-f5ab-4428-80af-0d79a42ec9ee,2025-01-16,08:13,ชายสี่บะหมี่เกี๊ยว,กาแฟคั่วเข้มแก้วเช้า,239.21,food,False,False,routine,False,ชาย สี่ บะหมี่ เกี๊ยว กาแฟ คั่ว เข้ม แก้ว เช้า
0d2f649b-aa7a-4b86-a709-3d856db5da98,2025-04-01,14:38,SF Cinema World CentralWorld,เคลียร์ยอด,482.42,entertainment,True,False,wants,False,sf cinema world centralworld เคลียร์ ยอด
27da58b2-b8ae-47d9-b5aa-143177af5167,2025-10-17,12:25,Tops Supermarket All Seasons,ซื้อยาแก้แพ้และวิตามินซีรวม,139.83,shopping,False,False,routine,False,tops supermarket all seasons ซื้อ ยา แก้ แพ้ และ วิตามิน ซี รวม
1580fee9-ce80-4220-98e0-11d5ecabc30d,2025-03-09,02:14,การประปานครหลวง MWA,ค่าโทรศัพท์และบรอดแบนด์,2264.37,bills,False,False,routine,False,การประปา นครหลวง mwa ค่าโทรศัพท์ และ บรอดแบนด์
9ecb4214-7706-49f4-ab53-96cf9a9a3838,2025-07-30,21:48,The Beer Bar Sukhumvit 11,เล่นบอร์ดเกมกับกลุ่มเพื่อน,1745.09,entertainment,True,False,wants,False,the beer bar sukhumvit 11 เล่น บอร์ด เกม กับ กลุ่ม เพื่อน
40537cc3-839b-49d3-8972-ad6fc59fd653,2025-01-16,14:24,ที่จอดรถ อาคารเสริมมิตร,ยอดตัดบัญชี,56.43,transport,False,False,routine,False,ที่จอดรถ อาคาร เสริม มิตร ยอด ตัด บัญชี
4361e4f2-4a40-472c-832c-f1e60bd72e92,2025-10-06,15:58,Big C Supercenter รัชดา,ผลไม้นำเข้าและนมจืด,472.58,shopping,False,False,routine,False,big c supercenter รัชดา ผลไม้ นำเข้า และ นม จืด
a87ed91f-328c-44ad-bd41-8f425abd3dc5,2025-03-04,17:19,BTS Skytrain อโศก,เติมน้ำมัน E20 รถยนต์ส่วนตัว,116.4,transport,False,False,routine,False,bts skytrain อโศก เติมน้ำมัน e 20 รถยนต์ ส่วนตัว
b41a717b-673f-4c79-8450-5d107ea3b629,2025-06-17,07:30,นิติบุคคลอาคารชุด ดิ ไอริส,เบี้ยประกันชีวิตและอุบัติเหตุ,2136.69,bills,False,False,routine,False,นิติบุคคล อาคารชุด ดิ ไอ ริ ส เบี้ย ประกันชีวิต และ อุบัติเหตุ
ef533826-3228-40d0-86db-0cc24f788971,2025-01-23,09:10,McDonald's EmQuartier,บุฟเฟต์ปิ้งย่างเกาหลีชุดใหญ่,638.09,food,True,False,wants,False,mcdonald s emquartier บุฟเฟต์ ปิ้ง ย่าง เกาหลี ชุด ใหญ่
72b0d530-3fe2-45b9-b216-14d74a969a28,2025-08-27,19:10,Nintendo eShop,ตั๋วหนัง IMAX 3D พร้อมป๊อปคอร์น,791.84,entertainment,True,False,wants,False,nintendo eshop ตั๋วหนัง imax 3 d พร้อม ป๊อปคอร์น
8eaaf648-1996-49ae-99f3-b98a17a8194d,2025-01-06,23:14,TikTok Shop Thailand,xxx,1124.04,shopping,True,True,impulse_online,False,tiktok shop thailand xxx
788bd9c4-a3a1-45df-b67a-4a4ebd91dae8,2025-03-28,19:44,Big C Supercenter รัชดา,ซื้อของใช้จำเป็นในห้องน้ำ,193.44,shopping,False,False,routine,False,big c supercenter รัชดา ซื้อ ของใช้ จำเป็น ใน ห้องน้ำ
54635a1a-1dab-42a6-9f11-bcb73583566d,2025-11-12,07:55,Karaoke City Praditmanutham,พร้อมเพย์,873.62,entertainment,True,False,wants,False,karaoke city praditmanutham พร้อม เพย์
429bf325-ada2-4c1e-b6ab-35ebdfb362d8,2025-11-01,10:18,AIS Fibre Broadband,ชำระบิลบัตรเครดิตรายเดือน,2778.68,bills,False,False,routine,False,ais fibre broadband ชำ ระบิล บัตรเครดิต รายเดือน
05019d31-a974-415c-a3d9-0020d0773dc7,2025-06-22,02:09,TikTok Shop Thailand,สั่งของเล่น Art Toy กล่องสุ่มไลฟ์ดึก,1092.73,shopping,True,True,impulse_online,False,tiktok shop thailand สั่ง ของเล่น art toy กล่อง สุ่ม ไลฟ์ ดึก
e72bf30e-cfc1-4b59-8656-d74424969f3c,2025-07-12,22:43,MK Restaurants,สุกี้ชาบูเนื้อวากิวไม่อั้น,560.61,food,True,False,wants,False,mk restaurants สุกี้ ชาบู เนื้อ วา กิว ไม่ อั้น
9215cbc5-d5a6-41fb-b8a0-4f9e18039a40,2025-04-28,16:40,Bar B Q Plaza,ปิ้งย่างบาร์บีคิวฉลองปิดโปรเจกต์,1151.99,food,True,False,wants,False,bar b q plaza ปิ้ง ย่าง บาร์บีคิว ฉลอง ปิด โปรเจกต์
390e03b8-5e4a-4cf8-aadf-3968b1865c83,2025-07-22,23:52,ประกันภัยรถยนต์ วิริยะประกันภัย,ชำระค่าส่วนกลางคอนโดมิเนียม,1621.48,bills,False,False,routine,False,ประกันภัย รถยนต์ วิริยะ ประกันภัย ชำระ ค่า ส่วนกลาง คอนโดมิเนียม
e2afca69-466a-4c13-8305-c761efd54c44,2025-12-05,08:04,Gentlewoman Store,เสื้อผ้าแฟชั่นเกาหลีแมตช์ชุด,618.32,shopping,True,False,wants,False,gentlewoman store เสื้อผ้า แฟชั่น เกาหลี แมตช์ ชุด
beace4f8-805e-44ca-a589-0290e5e50706,2025-03-19,15:38,ค่าธรรมเนียมถอนเงินข้ามเขต,ทำบุญค่าน้ำค่าไฟวัดประจำเดือน,162.98,other,False,False,routine,False,ค่าธรรมเนียม ถอนเงิน ข้าม เขต ทำบุญ ค่าน้ำค่าไฟ วัด ประจำเดือน
6f4e4bbd-3a5b-4703-81a4-c8abde680785,2025-01-16,20:53,Lotus's สุขุมวิท 50,ซื้อยาแก้แพ้และวิตามินซีรวม,289.87,shopping,False,False,routine,False,lotus s สุขุมวิท 50 ซื้อ ยา แก้ แพ้ และ วิตามิน ซี รวม
820247b7-7c23-4642-8864-15c79e70bbe7,2025-10-22,09:36,บัตรเครดิต KTC Visa,โอนค่าเช่าคอนโดประจำเดือน,1692.66,bills,False,False,routine,False,บัตรเครดิต ktc visa โอน ค่าเช่า คอนโด ประจำเดือน
9d26fdd6-610e-4fc2-9c44-01e1a65d43d2,2025-07-19,15:31,7-Eleven สาขาอโศก,จ่ายผ่านแอป,115.86,food,False,False,routine,False,7 eleven สาขา อโศก จ่าย ผ่าน แอ ป
f4e224d2-421b-4228-b04c-1842387570e1,2025-04-04,09:21,Momoparadise Central Rama 9,สุกี้ชุดครอบครัวพร้อมเป็ดย่าง,769.69,food,True,False,wants,False,momoparadise central rama 9 สุกี้ ชุด ครอบครัว พร้อม เป็ด ย่าง
b06fcbae-0d8e-4f73-a60c-feff9847c0e0,2025-09-17,16:54,Boots Pharmacy พระราม 9,ของสดวัตถุดิบทำกับข้าว,336.71,shopping,False,False,routine,False,boots pharmacy พระราม 9 ของสด วัตถุดิบ ทำกับข้าว
25e0eb34-32e4-4b61-9cc0-beaa4eebac24,2025-06-22,15:06,Sukishi Korean Buffet,ดินเนอร์ร้านอาหารอิตาเลียน,988.38,food,True,False,wants,False,sukishi korean buffet ดินเนอร์ ร้านอาหาร อิตาเลียน
8a1487fd-44f7-4127-b41a-632263ff8f43,2025-01-08,14:37,ร้านข้าวต้มรอบดึก กวงเฮง,เส้นเล็กน้ำตกหมูพิเศษ,166.73,food,False,False,routine,False,ร้าน ข้าวต้ม รอบ ดึก กวง เฮง เส้น เล็ก น้ำตก หมู พิเศษ
0d4e9366-9c61-411e-bc46-6c59297b2db1,2025-11-19,14:29,GrabCar Premium Bangkok,Grab VIP เดินทางไปสนามบิน,2224.52,transport,True,False,wants,False,grabcar premium bangkok grab vip เดินทาง ไป สนามบิน
88ecbd0c-58a7-4c43-a85c-3890ea9fe870,2025-09-29,11:26,BCP บางจาก พระโขนง,เติมน้ำมันดีเซลเต็มถัง,84.47,transport,False,False,routine,False,bcp บาง จาก พระ โขนง เติม น้ำมันดีเซล เต็ม ถัง
99776669-f4c1-4dc1-9b73-3b5ede18df9d,2025-08-21,17:51,7-Eleven สาขาอโศก,บะหมี่เกี๊ยวหมูแดงแห้ง,247.98,food,False,False,routine,False,7 eleven สาขา อโศก บะหมี่ เกี๊ยว หมูแดง แห้ง
c2312209-cbad-404e-99c2-c2ce4a0a247c,2025-04-01,14:37,Haidilao Hot Pot CentralWorld,ไม่ระบุ,584.1,food,True,False,wants,False,haidilao hot pot centralworld ไม่ ระบุ
f916780a-65c9-43ed-9751-2acc4598d056,2025-11-17,08:11,ร้านส้มตำเจ๊ไก่ รัชดา,ข้าวต้มปลาอินทรีย์รอบค่ำ,160.68,food,False,False,routine,False,ร้าน ส้มตำ เจ๊ ไก่ รัชดา ข้าวต้ม ปลา อินทรีย์ รอบ ค่ำ
c3b86968-a7f0-4381-94a4-6dc583505f44,2025-11-07,07:59,Sukishi Korean Buffet,ไก่ทอด KFC บักเก็ตพิเศษ,1189.43,food,True,False,wants,False,sukishi korean buffet ไก่ทอด kfc บัก เก็ต พิเศษ
a995aaca-51a8-4809-8886-c8f7f7ad6f1a,2025-04-16,20:28,McDonald's EmQuartier,เซ็ตซูชิพรีเมียมแซลมอน 5 คำ,395.47,food,True,False,wants,False,mcdonald s emquartier เซ็ต ซูชิ พรีเมียม แซลมอน 5 คำ
67411f17-9c0f-47af-a5fb-97e2a4555323,2025-07-16,21:42,ประกันภัยรถยนต์ วิริยะประกันภัย,เบี้ยประกันชีวิตและอุบัติเหตุ,359.53,bills,False,False,routine,False,ประกันภัย รถยนต์ วิริยะ ประกันภัย เบี้ย ประกันชีวิต และ อุบัติเหตุ
c5c7de2d-d602-45a7-9d4f-e10aefea9d63,2025-07-26,11:16,Uniqlo Central Rama 9,เสื้อผ้าแฟชั่นเกาหลีแมตช์ชุด,2930.77,shopping,True,True,wants,False,uniqlo central rama 9 เสื้อผ้า แฟชั่น เกาหลี แมตช์ ชุด
8e58f917-cf52-4fdc-8e65-4e38be53eb75,2025-11-14,01:59,Lineman - ยำกุ้งสดแซ่บลืมผัว,เบอร์เกอร์ชุดใหญ่เฟรนช์ฟรายส์ดึก,1112.08,food,True,True,impulse_delivery,False,lineman ยำ กุ้ง สด แซ่บ ลืม ผัว เบอร์เกอร์ ชุด ใหญ่ เฟรนช์ ฟรายส์ ดึก
64539425-8211-4988-bc70-2bbc39323b85,2025-11-02,07:49,ข้าวมันไก่ตอนประตูน้ำ,ข้าวต้มปลาอินทรีย์รอบค่ำ,207.33,food,False,False,routine,False,ข้าวมัน ไก่ตอน ประตูน้ำ ข้าวต้ม ปลา อินทรีย์ รอบ ค่ำ
27e84ccd-8259-4600-977c-d7b863ffedd0,2025-08-28,16:42,Gourmet Market Siam Paragon,ผลไม้นำเข้าและนมจืด,186.9,shopping,False,False,routine,False,gourmet market siam paragon ผลไม้ นำเข้า และ นม จืด
7d01faa5-77f9-4fca-ab40-208290511641,2025-07-24,21:52,บัตรเครดิต KTC Visa,ไม่ระบุ,950.07,bills,False,False,routine,False,บัตรเครดิต ktc visa ไม่ ระบุ
30a4469e-6ccb-45e3-b7b9-e2346bcda5b7,2025-12-04,07:55,วินมอเตอร์ไซค์ ซอยสุขุมวิท 21,M-Flow ชำระค่าผ่านทางด่วน,71.58,transport,False,False,routine,False,วิน มอเตอร์ไซค์ ซอย สุขุมวิท 21 m flow ชำระ ค่า ผ่าน ทางด่วน
bccaa569-0e80-42f4-a2f3-f70bcdb8e79f,2025-08-10,10:35,Starbucks Reserve,สุกี้ชาบูเนื้อวากิวไม่อั้น,544.22,food,True,False,wants,False,starbucks reserve สุกี้ ชาบู เนื้อ วา กิว ไม่ อั้น
f3543666-4521-4adc-9b0a-a3063568d350,2025-12-06,07:19,IKEA Bangna,เสื้อเบลเซอร์ทำงานคอลใหม่,1877.25,shopping,True,False,wants,False,ikea bangna เสื้อ เบล เซอร์ ทำงาน คอ ล ใหม่
e06e0dd5-b6e3-40b7-a359-9e21c337c59e,2025-03-03,20:35,Nintendo eShop,Disney+ Hotstar รายปี,694.93,entertainment,True,False,wants,False,nintendo eshop disney hotstar รายปี
d2a1edff-5b02-48f5-b26a-e980b6c2d494,2025-02-02,13:27,7-Eleven สาขาอโศก,บะหมี่เกี๊ยวหมูแดงแห้ง,140.7,food,False,False,routine,False,7 eleven สาขา อโศก บะหมี่ เกี๊ยว หมูแดง แห้ง
47752f06-c1d3-44dc-9a34-c426159e98a7,2025-04-10,23:10,Board Game Cafe Ari,Disney+ Hotstar รายปี,1218.18,entertainment,True,False,wants,False,board game cafe ari disney hotstar รายปี
d5e54dd5-e1ef-4e47-907c-b567fdf114c6,2025-11-03,23:44,Bolt Taxi Express,เช่ารถขับเที่ยวกับเพื่อน,1339.2,transport,True,False,wants,False,bolt taxi express เช่า รถ ขับ เที่ยว กับ เพื่อน
957fe298-724b-497a-807f-905c64a78282,2025-01-26,02:45,Bar B Q Plaza,ปิ้งย่างบาร์บีคิวฉลองปิดโปรเจกต์,1009.45,food,True,True,wants,False,bar b q plaza ปิ้ง ย่าง บาร์บีคิว ฉลอง ปิด โปรเจกต์
f609e3d3-10c2-4acf-a11f-a10ee088cf9d,2025-01-19,01:40,นิติบุคคลอาคารชุด ดิ ไอริส,ชำระบิลบัตรเครดิตรายเดือน,863.64,bills,False,False,routine,False,นิติบุคคล อาคารชุด ดิ ไอ ริ ส ชำ ระบิล บัตรเครดิต รายเดือน
42131795-ce37-40c5-81e6-d2211f95c44d,2025-09-05,14:30,IKEA Bangna,ซื้อเสื้อกล้ามและกางเกงสแล็ค,2077.87,shopping,True,False,wants,False,ikea bangna ซื้อ เสื้อกล้าม และ กางเกง สแล็ค
b1d0e8fb-d97a-4984-8ee8-b2482437713f,2025-12-08,22:08,Big C Supercenter รัชดา,ซื้อของใช้จำเป็นในห้องน้ำ,363.32,shopping,False,False,routine,False,big c supercenter รัชดา ซื้อ ของใช้ จำเป็น ใน ห้องน้ำ
bcffb3e9-f444-43f2-b55f-d41673aa40c9,2025-09-16,09:35,Uniqlo Central Rama 9,เสื้อเบลเซอร์ทำงานคอลใหม่,1715.99,shopping,True,False,wants,False,uniqlo central rama 9 เสื้อ เบล เซอร์ ทำงาน คอ ล ใหม่
02d7d8e8-ac55-4ede-bd93-c54c448df96a,2025-10-18,12:20,TrueMove H Postpaid,ยอดตัดบัญชี,336.92,bills,False,False,routine,False,truemove h postpaid ยอด ตัด บัญชี
cd5a1b07-0d28-447b-a4cb-212c32a3c91a,2025-01-21,16:06,BCP บางจาก พระโขนง,เติมน้ำมัน E20 รถยนต์ส่วนตัว,53.72,transport,False,False,routine,False,bcp บาง จาก พระ โขนง เติมน้ำมัน e 20 รถยนต์ ส่วนตัว
fc1a7f64-556e-4da5-95fa-58187acf1811,2025-06-13,17:34,YouTube Premium Monthly,ปาร์ตี้วันเกิดกับเพื่อนร่วมงาน,1369.96,entertainment,True,False,wants,False,youtube premium monthly ปาร์ตี้ วันเกิด กับ เพื่อนร่วมงาน
25c1368e-ab65-4b43-b023-a14e931d98e1,2025-10-31,09:51,KFC Drive Thru,Iced Caramel Macchiato Venti,1034.2,food,True,False,wants,False,kfc drive thru iced caramel macchiato venti
1d3a20fc-0fbc-46b0-a73c-26ebf8c6b8c4,2025-01-23,00:59,Line Man Taxi VIP,เช่ารถขับเที่ยวกับเพื่อน,2347.44,transport,True,False,wants,False,line man taxi vip เช่า รถ ขับ เที่ยว กับ เพื่อน
842a1687-8b58-4ca6-b3b8-9a6515ae47d9,2025-07-22,12:58,Big C Supercenter รัชดา,กล่องเก็บของและอุปกรณ์อเนกประสงค์,262.52,shopping,False,False,routine,False,big c supercenter รัชดา กล่อง เก็บ ของ และ อุปกรณ์ อเนกประสงค์
278dd47d-21f1-4f04-810a-48ae2138bcf2,2025-07-14,07:48,Amazon Cafe PTT,จ่ายผ่านแอป,248.39,food,False,False,routine,False,amazon cafe ptt จ่าย ผ่าน แอ ป
9531a44e-84ca-40d2-b33c-b36998595241,2025-04-13,21:54,GrabCar Premium Bangkok,Grab VIP เดินทางไปสนามบิน,2371.89,transport,True,False,wants,False,grabcar premium bangkok grab vip เดินทาง ไป สนามบิน
3778a9fb-3ba3-436e-9c42-253519ffd4da,2025-06-20,10:58,Amazon Cafe PTT,อาหารตามสั่งจานด่วน,233.61,food,False,False,routine,False,amazon cafe ptt อาหาร ตาม สั่ง จาน ด่วน
a1061e8f-16c2-4728-89ca-564a60687c73,2025-05-20,11:39,Muji Central Chidlom,โอนเงิน,2113.12,shopping,True,False,wants,False,muji central chidlom โอน เงิน
396627ab-cfbc-4a77-a4eb-cf566621714f,2025-06-22,15:11,ร้านส้มตำเจ๊ไก่ รัชดา,กาแฟคั่วเข้มแก้วเช้า,128.53,food,False,False,routine,False,ร้าน ส้มตำ เจ๊ ไก่ รัชดา กาแฟ คั่ว เข้ม แก้ว เช้า
5281a11a-9e36-4553-a2f0-38458e816017,2025-09-07,15:04,The Beer Bar Sukhumvit 11,Disney+ Hotstar รายปี,1260.13,entertainment,True,False,wants,False,the beer bar sukhumvit 11 disney hotstar รายปี
9fad04e0-7a7c-4634-880d-ed67be80c7a3,2025-09-11,10:36,Haidilao Hot Pot CentralWorld,สุกี้ชาบูเนื้อวากิวไม่อั้น,251.59,food,True,False,wants,False,haidilao hot pot centralworld สุกี้ ชาบู เนื้อ วา กิว ไม่ อั้น
630c6bb4-b205-411a-bcb7-eb8f70393fb6,2025-06-28,23:17,AIS Fibre Broadband,ชำระค่าน้ำประปานครหลวง,1767.45,bills,False,False,routine,False,ais fibre broadband ชำระ ค่า น้ำประปา นครหลวง
b6732cf7-8ac6-4082-9ae6-e17745811eb9,2025-04-15,18:00,โจ๊กสามย่าน สาขา 2,โอน,175.34,food,False,False,routine,False,โจ๊ก สามย่าน สาขา 2 โอน
12899af5-c530-4de0-9ebb-c8d8c513b089,2025-04-08,07:21,BCP บางจาก พระโขนง,เติมน้ำมัน Gasohol 95,71.7,transport,False,False,routine,False,bcp บาง จาก พระ โขนง เติมน้ำมัน gasohol 95
69c9c555-c7a7-4555-a65a-a8814ae37fa1,2025-06-29,01:15,TikTok Shop Thailand,สั่งของเล่น Art Toy กล่องสุ่มไลฟ์ดึก,1192.58,shopping,True,True,impulse_online,False,tiktok shop thailand สั่ง ของเล่น art toy กล่อง สุ่ม ไลฟ์ ดึก
85024325-4300-4473-ac43-e9a04639ff10,2025-07-06,22:07,BCP บางจาก พระโขนง,ค่าวินไปหน้าปากซอยสุขุมวิท,111.15,transport,False,False,routine,False,bcp บาง จาก พระ โขนง ค่า วิน ไป หน้า ปากซอย สุขุมวิท
c683216b-c226-4d89-be0a-9d7b3489a4c4,2025-10-13,12:12,Muji Central Chidlom,หนังสือแปลและนวนิยายขายดี,2190.96,shopping,True,False,wants,False,muji central chidlom หนังสือ แปล และ นวนิยาย ขายดี
eba7703a-6718-4c44-86c3-f38a12b9a4af,2025-04-17,20:53,SF Cinema World CentralWorld,ตั๋วคอนเสิร์ตอินดี้มิวสิก,616.47,entertainment,True,False,wants,False,sf cinema world centralworld ตั๋ว คอนเสิร์ต อินดี้ มิวสิก
7556c080-5c3c-4bf4-9cb2-398fe518337a,2025-11-26,11:38,Netflix Thailand,เล่นบอร์ดเกมกับกลุ่มเพื่อน,1437.72,entertainment,True,False,wants,False,netflix thailand เล่น บอร์ด เกม กับ กลุ่ม เพื่อน
c37c53b0-73a9-4ff9-9d42-5d1135ed0df0,2025-09-22,18:03,Caltex เอกมัย,เติมน้ำมันมอเตอร์ไซค์เต็มถัง,35.76,transport,False,False,routine,False,caltex เอกมัย เติมน้ำมัน มอเตอร์ไซค์ เต็ม ถัง
4d0a81e1-9630-41e2-86f3-54f7444c9bd0,2025-08-15,09:34,Bar B Q Plaza,ไก่ทอด KFC บักเก็ตพิเศษ,585.34,food,True,False,wants,False,bar b q plaza ไก่ทอด kfc บัก เก็ต พิเศษ
34e4da46-d22a-4182-bf44-c0768c7b6eac,2025-09-02,08:15,Tops Supermarket All Seasons,น้ำยาซักผ้าและปรับผ้านุ่ม,231.48,shopping,False,False,routine,False,tops supermarket all seasons น้ำยา ซักผ้า และ ปรับ ผ้า นุ่ม
dfc822cc-146e-42a8-a11e-a89471b83615,2025-11-13,18:46,Boots Pharmacy พระราม 9,ซื้อยาสีฟัน แชมพู และสบู่เหลว,379.34,shopping,False,False,routine,False,boots pharmacy พระราม 9 ซื้อ ยาสีฟัน แชมพู และ สบู่เหลว
6534426a-d6d6-415b-b1e9-4d1936c89d8e,2025-12-30,09:36,ทางด่วน กทพ. Easy Pass,ค่าจอดรถรายชั่วโมงอาคาร,96.43,transport,False,False,routine,False,ทางด่วน กทพ easy pass ค่า จอด รถ ราย ชั่วโมง อาคาร
906f1737-4566-4f25-8c11-f7b7b8282417,2025-09-27,01:19,MK Restaurants,ยอดตัดบัญชี,772.97,food,True,False,wants,False,mk restaurants ยอด ตัด บัญชี
ce14dcf4-88cd-4a8d-b06e-ad07b72155cd,2025-12-30,20:52,Major Cineplex รัชโยธิน,ตั๋วคอนเสิร์ตอินดี้มิวสิก,695.21,entertainment,True,False,wants,False,major cineplex รัชโยธิน ตั๋ว คอนเสิร์ต อินดี้ มิวสิก
096fa554-3aac-45d3-a320-bcd0f26b6b26,2026-01-01,13:24,KFC Drive Thru,สุกี้ชาบูเนื้อวากิวไม่อั้น,982.43,food,True,False,wants,False,kfc drive thru สุกี้ ชาบู เนื้อ วา กิว ไม่ อั้น
c0253b5a-d94e-499c-af4c-e4611618755b,2025-04-18,14:29,Big C Supercenter รัชดา,ซื้อของใช้จำเป็นในห้องน้ำ,139.92,shopping,False,False,routine,False,big c supercenter รัชดา ซื้อ ของใช้ จำเป็น ใน ห้องน้ำ
6931b1f5-75cf-461e-97c0-ad099c69597c,2025-10-09,19:30,ธนาคารกสิกรไทย K-Mobile,ทำบุญค่าน้ำค่าไฟวัดประจำเดือน,353.89,other,False,False,routine,False,ธนาคาร กสิกร ไทย k mobile ทำบุญ ค่าน้ำค่าไฟ วัด ประจำเดือน
1f55db40-2e3b-4541-8ab6-b0964fc91968,2025-10-09,17:28,Amazon Cafe PTT,กะเพราหมูกรอบไข่ดาวไม่สุก,221.19,food,False,False,routine,False,amazon cafe ptt กะเพรา หมูกรอบ ไข่ดาว ไม่ สุก
864c14c0-369d-478c-95c7-d78b47c77e67,2025-09-06,09:33,Lotus's สุขุมวิท 50,ซื้อยาแก้แพ้และวิตามินซีรวม,201.15,shopping,False,False,routine,False,lotus s สุขุมวิท 50 ซื้อ ยา แก้ แพ้ และ วิตามิน ซี รวม
d027b8a1-6a5d-407f-9495-2aa45841146b,2025-01-11,02:39,7-Eleven สาขาอโศก,อาหารตามสั่งจานด่วน,209.98,food,False,False,routine,False,7 eleven สาขา อโศก อาหาร ตาม สั่ง จาน ด่วน
8cb8d67f-ebf5-4d64-8aa4-69800e6d2637,2025-12-11,19:43,Lotus's สุขุมวิท 50,ผลไม้นำเข้าและนมจืด,260.68,shopping,False,False,routine,False,lotus s สุขุมวิท 50 ผลไม้ นำเข้า และ นม จืด
17ea350f-2dfd-455f-b682-169cd4fb8268,2025-05-31,00:14,KFC Drive Thru,สุกี้ชุดครอบครัวพร้อมเป็ดย่าง,824.48,food,True,False,wants,False,kfc drive thru สุกี้ ชุด ครอบครัว พร้อม เป็ด ย่าง
b7e69bba-6e5f-4ee2-997f-dfd266363084,2025-06-21,02:59,Caltex เอกมัย,ค่ารถตู้ไปทำงานอนุสาวรีย์,98.14,transport,False,False,routine,False,caltex เอกมัย ค่า รถตู้ ไป ทำงาน อนุสาวรีย์
41da9ba9-7250-46b7-92d1-45ba683f21ed,2026-01-01,07:08,Lotus's สุขุมวิท 50,ซื้อยาสีฟัน แชมพู และสบู่เหลว,250.05,shopping,False,False,routine,False,lotus s สุขุมวิท 50 ซื้อ ยาสีฟัน แชมพู และ สบู่เหลว
80ae5734-c888-4f4b-914b-d119cb37c814,2025-01-12,02:22,บัตรเครดิต SCB CardX,ต่อประกันภัยรถยนต์ชั้น 1,2239.87,bills,False,False,routine,False,บัตรเครดิต scb cardx ต่อ ประกันภัย รถยนต์ ชั้น 1
6a2a00c8-d194-4d89-a9b6-c77af3eec52e,2025-09-15,21:55,Caltex เอกมัย,เติมน้ำมัน Gasohol 95,67.29,transport,False,False,routine,False,caltex เอกมัย เติมน้ำมัน gasohol 95
edef35b6-46d3-44e1-a1cc-67680086616e,2025-11-18,20:34,โจ๊กสามย่าน สาขา 2,ชำระเงิน,181.84,food,False,False,routine,False,โจ๊ก สามย่าน สาขา 2 ชำระเงิน
61b49d76-7a9b-4c39-a970-b18fc86975af,2025-02-15,15:51,Nintendo eShop,Spotify Individual Subscription,1791.91,entertainment,True,False,wants,False,nintendo eshop spotify individual subscription
69e75562-1a00-4d82-8b8d-16bcc3cfff55,2025-06-19,16:59,Lotus's สุขุมวิท 50,ผลไม้นำเข้าและนมจืด,312.1,shopping,False,False,routine,False,lotus s สุขุมวิท 50 ผลไม้ นำเข้า และ นม จืด
603398a3-2645-4e21-af6f-81dbeb8d3bbf,2025-04-24,16:43,GrabCar Premium Bangkok,Grab VIP เดินทางไปสนามบิน,669.2,transport,True,False,wants,False,grabcar premium bangkok grab vip เดินทาง ไป สนามบิน
167cb193-de82-4ad2-a054-3de1b3370b6d,2025-01-22,23:09,Lineman - ยำกุ้งสดแซ่บลืมผัว,xxx,362.53,food,True,True,impulse_delivery,False,lineman ยำ กุ้ง สด แซ่บ ลืม ผัว xxx
73b25eca-a30a-4a35-b8ad-43049060717d,2025-12-24,23:51,โอนร่วมบุญผ้าป่าวัดป่า,ร่วมบุญสร้างโรงพยาบาลสงฆ์,380.14,other,True,False,wants,False,โอน ร่วม บุญ ผ้าป่า วัด ป่า ร่วม บุญ สร้าง โรงพยาบาล สงฆ์
da58ea2b-52f7-459a-ad00-d9e8bdb603fe,2025-02-21,19:23,Starbucks Reserve,ดินเนอร์ร้านอาหารอิตาเลียน,594.4,food,True,False,wants,False,starbucks reserve ดินเนอร์ ร้านอาหาร อิตาเลียน
50d32d45-0d90-48c2-a2e4-e04fa5b54718,2025-04-30,16:31,ข้าวมันไก่ตอนประตูน้ำ,แซนด์วิชทูน่ามื้อเช้า,218.36,food,False,False,routine,False,ข้าวมัน ไก่ตอน ประตูน้ำ แซนด์วิช ทูน่า มื้อ เช้า
05ebe0f3-0aaf-4983-bda0-b9bb9d2f8adc,2025-11-28,07:31,Big C Supercenter รัชดา,กล่องเก็บของและอุปกรณ์อเนกประสงค์,143.32,shopping,False,False,routine,False,big c supercenter รัชดา กล่อง เก็บ ของ และ อุปกรณ์ อเนกประสงค์
01880529-e4cf-416e-95e1-7cf7c12dc1ca,2025-01-21,12:12,Major Cineplex รัชโยธิน,ซื้อเกมลดราคาบน Steam Store,1761.4,entertainment,True,False,wants,False,major cineplex รัชโยธิน ซื้อ เกม ลดราคา บน steam store
7a89b628-256d-4e5e-9843-cfdc250ec61a,2025-11-13,14:28,Amazon Cafe PTT,มื้อเที่ยงกับทีม,223.79,food,False,False,routine,False,amazon cafe ptt มื้อ เที่ยง กับ ทีม
adf7faa7-180e-4c7c-b2f4-108eca81a8a6,2025-07-27,00:11,ShopeeFood - McDonald's 24hrs,ยำแซลมอนกุ้งสด สั่งตอนหิวรอบดึก,664.61,food,True,True,impulse_delivery,False,shopeefood mcdonald s 24 hrs ยำ แซลมอน กุ้ง สด สั่ง ตอน หิว รอบ ดึก
79978dc3-b4df-484f-aaa2-dadde9b8e596,2025-05-29,16:21,ธนาคารกรุงไทย Krungthai Next,โอนเงินคืนเพื่อนค่าอาหารกลางวัน,201.88,other,False,False,routine,False,ธนาคาร กรุงไทย krungthai next โอน เงิน คืน เพื่อน ค่า อาหารกลางวัน
c4bef328-683c-4c33-a109-c2cade39e835,2025-06-14,13:13,Shell Station สุขุมวิท,เติมน้ำมัน Gasohol 95,111.75,transport,False,False,routine,False,shell station สุขุมวิท เติมน้ำมัน gasohol 95
1cc098ec-f8e7-4ada-853d-46cadd9f396a,2025-02-21,20:15,ปตท. PTT Station สาขา 1,เติมน้ำมันดีเซลเต็มถัง,93.51,transport,False,False,routine,False,ปตท ptt station สาขา 1 เติม น้ำมันดีเซล เต็ม ถัง
8516aa7a-e37c-454e-8104-7ee3c51f089d,2025-10-05,01:23,ปตท. PTT Station สาขา 1,เติมน้ำมัน Gasohol 95,104.35,transport,False,False,routine,False,ปตท ptt station สาขา 1 เติมน้ำมัน gasohol 95
1cee8dda-3007-4e09-abc0-6f0ccfe3e633,2025-07-28,11:07,Momoparadise Central Rama 9,เซ็ตซูชิพรีเมียมแซลมอน 5 คำ,823.34,food,True,False,wants,False,momoparadise central rama 9 เซ็ต ซูชิ พรีเมียม แซลมอน 5 คำ
fc5119ac-888e-4a1b-9ca5-e0c73a87a165,2025-03-31,22:22,โจ๊กสามย่าน สาขา 2,Iced Black Coffee หวานน้อย,85.96,food,False,False,routine,False,โจ๊ก สามย่าน สาขา 2 iced black coffee หวาน น้อย
1119d1f3-5fca-48ad-8ce9-20f8cc53e694,2025-09-09,07:38,McDonald's EmQuartier,เซ็ตซูชิพรีเมียมแซลมอน 5 คำ,963.87,food,True,False,wants,False,mcdonald s emquartier เซ็ต ซูชิ พรีเมียม แซลมอน 5 คำ
b53beafc-8f34-4ec6-b232-81023b64b44c,2025-01-27,19:20,วินมอเตอร์ไซค์ ซอยสุขุมวิท 21,จ่ายเงิน,47.3,transport,False,False,routine,False,วิน มอเตอร์ไซค์ ซอย สุขุมวิท 21 จ่าย เงิน
6ef032bd-9e40-45fa-9fed-19a334413cd9,2025-06-08,12:36,ข้าวมันไก่ตอนประตูน้ำ,คืนเพื่อน,191.05,food,False,False,routine,False,ข้าวมัน ไก่ตอน ประตูน้ำ คืน เพื่อน
59dd1026-8901-45e2-b45f-55a845ab0dd3,2025-08-10,00:31,McDonald's EmQuartier,xxx,682.66,food,True,False,wants,False,mcdonald s emquartier xxx
0e0493a8-8c6a-4c76-af89-76383dd96a31,2025-02-11,10:18,YouTube Premium Monthly,ซื้อเกมลดราคาบน Steam Store,997.03,entertainment,True,False,wants,False,youtube premium monthly ซื้อ เกม ลดราคา บน steam store
c97aa14b-f263-4f00-bb3c-b39a53a8bbe9,2025-06-23,09:56,ร้านข้าวราดแกงเมืองตรัง,xxx,55.07,food,False,False,routine,False,ร้าน ข้าวราดแกง เมือง ตรัง xxx
462f2627-c1ee-4302-abc0-3cab0bf44a36,2025-10-09,22:06,ข้าวมันไก่ตอนประตูน้ำ,กาแฟคั่วเข้มแก้วเช้า,63.63,food,False,False,routine,False,ข้าวมัน ไก่ตอน ประตูน้ำ กาแฟ คั่ว เข้ม แก้ว เช้า
3f5e6efa-2648-4fa2-9ded-9bd713412be4,2025-12-28,01:35,Steam Games Store,จ่ายเงิน,1586.7,entertainment,True,False,wants,False,steam games store จ่าย เงิน
33705a91-0f8f-451f-8bdf-86e857b1c630,2025-02-13,21:04,Major Cineplex รัชโยธิน,ดื่มคราฟต์เบียร์สังสรรค์คืนวันศุกร์,1192.73,entertainment,True,False,wants,False,major cineplex รัชโยธิน ดื่ม คราฟต์ เบียร์ สังสรรค์ คืน วัน ศุกร์
7cb23ffc-11d1-494f-a352-da7eaa2f92ad,2025-02-12,17:50,Netflix Thailand,ซื้อเกมลดราคาบน Steam Store,929.55,entertainment,True,False,wants,False,netflix thailand ซื้อ เกม ลดราคา บน steam store
1197525a-bc3b-4488-aac2-c9e6b515b85a,2025-03-24,19:07,โอนเงินบริจาคมูลนิธิสุนัขจรจัด,ร่วมบริจาคอาหารสุนัขแมวจรจัด,469.61,other,True,False,wants,False,โอน เงินบริจาค มูลนิธิ สุนัขจรจัด ร่วม บริจาค อาหาร สุนัข แมว จรจัด
6284dcb5-712d-4c74-b1ed-669beeb1132a,2025-07-23,12:40,นิติบุคคลอาคารชุด ดิ ไอริส,ต่อประกันภัยรถยนต์ชั้น 1,309.84,bills,False,False,routine,False,นิติบุคคล อาคารชุด ดิ ไอ ริ ส ต่อ ประกันภัย รถยนต์ ชั้น 1
125e5dc8-c675-427d-8381-6a5cf8d68a92,2025-10-23,13:12,KFC Drive Thru,คืนเพื่อน,650.18,food,True,False,wants,False,kfc drive thru คืน เพื่อน
4a785cae-bc7f-42b2-8978-fbd79db62469,2025-06-03,11:10,YouTube Premium Monthly,เล่นบอร์ดเกมกับกลุ่มเพื่อน,842.31,entertainment,True,False,wants,False,youtube premium monthly เล่น บอร์ด เกม กับ กลุ่ม เพื่อน
135c63f1-c77a-4bb4-af98-c49060b7082f,2025-06-10,15:09,AIS Fibre Broadband,เคลียร์ยอด,2090.8,bills,False,False,routine,False,ais fibre broadband เคลียร์ ยอด
de4c8393-a6fe-4812-a11c-46ae416fa329,2025-05-11,14:17,Tops Supermarket All Seasons,ซื้อของใช้จำเป็นในห้องน้ำ,299.51,shopping,False,False,routine,False,tops supermarket all seasons ซื้อ ของใช้ จำเป็น ใน ห้องน้ำ
a5016de3-b015-4c07-b777-2f1562b71083,2025-05-05,20:33,Karaoke City Praditmanutham,Netflix Premium รายเดือน 4K,857.78,entertainment,True,False,wants,False,karaoke city praditmanutham netflix premium รายเดือน 4 k
7c449516-4919-4a70-9118-732c507dcd08,2025-07-10,23:59,TrueMove H Postpaid,เบี้ยประกันชีวิตและอุบัติเหตุ,1819.09,bills,False,False,routine,False,truemove h postpaid เบี้ย ประกันชีวิต และ อุบัติเหตุ
6232cf56-5eed-47f6-8223-979a2215a596,2025-05-18,14:24,วินมอเตอร์ไซค์ ซอยสุขุมวิท 21,เติมน้ำมัน E20 รถยนต์ส่วนตัว,28.18,transport,False,False,routine,False,วิน มอเตอร์ไซค์ ซอย สุขุมวิท 21 เติมน้ำมัน e 20 รถยนต์ ส่วนตัว
91e7be85-54e9-47e5-b137-7c4eb3126fba,2025-01-19,15:39,โจ๊กสามย่าน สาขา 2,มื้อเที่ยงกับทีม,137.11,food,False,False,routine,False,โจ๊ก สามย่าน สาขา 2 มื้อ เที่ยง กับ ทีม
e1371e3d-9a79-48a5-9a89-4ec77c406873,2025-03-11,21:06,Starbucks Reserve,สุกี้ชาบูเนื้อวากิวไม่อั้น,839.18,food,True,False,wants,False,starbucks reserve สุกี้ ชาบู เนื้อ วา กิว ไม่ อั้น
1015b9e0-88a4-440e-9a96-6123996ac5dc,2025-04-05,10:01,TrueMove H Postpaid,ค่าบริการอินเทอร์เน็ตบ้านไฟเบอร์,3426.58,bills,False,False,routine,False,truemove h postpaid ค่าบริการ อินเทอร์เน็ต บ้าน ไฟเบอร์
f129b194-6ba6-460a-b236-f2d56a0bbfca,2025-05-28,23:04,Lazada 9.9 Official Store,ช้อปปิ้งออนไลน์ช่วงลดราคาเที่ยงคืน,2116.26,shopping,True,True,impulse_online,False,lazada 9 9 official store ช้อปปิ้ง ออนไลน์ ช่วง ลดราคา เที่ยงคืน
41699565-a1bb-44e3-a927-1929e44b462c,2025-08-10,02:03,BCP บางจาก พระโขนง,เติมน้ำมัน Gasohol 95,102.82,transport,False,False,routine,False,bcp บาง จาก พระ โขนง เติมน้ำมัน gasohol 95
40a3ced7-c006-48b3-8cf8-8190651d4152,2025-03-10,09:38,PlayStation Network TH,ร้องคาราโอเกะปาร์ตี้วันหยุด,631.55,entertainment,True,False,wants,False,playstation network th ร้อง คาราโอเกะ ปาร์ตี้ วันหยุด
ad3caa96-437b-4659-8d3d-dd7f997d4e52,2025-02-02,00:17,ทางด่วน กทพ. Easy Pass,Easy Pass เติมเงินทางด่วน,61.19,transport,False,False,routine,False,ทางด่วน กทพ easy pass easy pass เติม เงิน ทางด่วน
f7140d74-0730-4403-b5b8-f0dcdd0e9f56,2025-05-09,17:22,Sephora Thailand,เสื้อผ้าแฟชั่นเกาหลีแมตช์ชุด,2176.08,shopping,True,False,wants,False,sephora thailand เสื้อผ้า แฟชั่น เกาหลี แมตช์ ชุด
104ba55d-c6e9-4b4b-bf75-a94cf87ae7ae,2025-02-24,21:20,ชายสี่บะหมี่เกี๊ยว,เกาเหลาเลือดหมูข้าวเปล่า,150.36,food,False,False,routine,False,ชาย สี่ บะหมี่ เกี๊ยว เกาเหลา เลือดหมู ข้าว เปล่า
fcef10f2-2caf-4049-a7fb-4220619c0cbb,2025-02-03,08:37,Tops Supermarket All Seasons,ซื้อของใช้จำเป็นในห้องน้ำ,264.32,shopping,False,False,routine,False,tops supermarket all seasons ซื้อ ของใช้ จำเป็น ใน ห้องน้ำ
b2c1a38c-5575-4c3b-a31f-580d4ca80848,2025-04-04,09:21,Tops Supermarket All Seasons,น้ำยาซักผ้าและปรับผ้านุ่ม,272.53,shopping,False,False,routine,False,tops supermarket all seasons น้ำยา ซักผ้า และ ปรับ ผ้า นุ่ม
c880d182-51a7-48f8-b500-38f103388770,2025-08-01,09:19,ประกันภัยรถยนต์ วิริยะประกันภัย,ยอดตัดบัญชี,369.81,bills,False,False,routine,False,ประกันภัย รถยนต์ วิริยะ ประกันภัย ยอด ตัด บัญชี
27cda545-d725-4ea2-8676-6b3b66d71276,2025-07-26,22:48,Gourmet Market Siam Paragon,ผลไม้นำเข้าและนมจืด,121.29,shopping,False,False,routine,False,gourmet market siam paragon ผลไม้ นำเข้า และ นม จืด
042d845b-919a-4e85-a190-b3c63ae1c103,2025-03-26,20:14,Momoparadise Central Rama 9,ชาบูหม้อไฟหมาล่าพรีเมียม,323.99,food,True,True,wants,False,momoparadise central rama 9 ชาบู หม้อไฟ หมา ล่า พรีเมียม
77c08666-949f-4e6c-81c9-46fe6e6bf18f,2025-04-02,00:49,การประปานครหลวง MWA,เบี้ยประกันชีวิตและอุบัติเหตุ,3373.79,bills,False,False,routine,False,การประปา นครหลวง mwa เบี้ย ประกันชีวิต และ อุบัติเหตุ
c72a537d-8389-46af-879e-336e3950d99a,2025-07-09,12:42,GrabCar Premium Bangkok,นั่ง Taxi Express ช่วงฝนตก,2366.24,transport,True,False,wants,False,grabcar premium bangkok นั่ง taxi express ช่วง ฝนตก
d2b11156-203a-48b7-a14d-bd0d55ad3007,2025-10-19,13:25,GrabCar Premium Bangkok,-,375.52,transport,True,False,wants,False,grabcar premium bangkok
7ccc9bcd-315a-48ca-bbce-0105a592201a,2025-11-11,13:34,Nintendo eShop,ปาร์ตี้วันเกิดกับเพื่อนร่วมงาน,179.86,entertainment,True,False,wants,False,nintendo eshop ปาร์ตี้ วันเกิด กับ เพื่อนร่วมงาน
8cd864a5-c3e8-4555-8227-60df37493037,2025-10-15,12:29,ปตท. PTT Station สาขา 1,Easy Pass เติมเงินทางด่วน,76.56,transport,False,False,routine,False,ปตท ptt station สาขา 1 easy pass เติม เงิน ทางด่วน
278bffa4-2515-43dc-97cd-bcc1101af33e,2025-07-27,10:53,Uniqlo Central Rama 9,เสื้อเบลเซอร์ทำงานคอลใหม่,2240.04,shopping,True,True,wants,False,uniqlo central rama 9 เสื้อ เบล เซอร์ ทำงาน คอ ล ใหม่
b2b4776f-d479-4a94-b9dd-106e4a346fab,2025-08-15,18:24,Line Man Taxi VIP,จ่ายผ่านแอป,2353.37,transport,True,False,wants,False,line man taxi vip จ่าย ผ่าน แอ ป
5755ad52-2936-4102-856c-928be7dca680,2025-09-22,10:25,Bolt Taxi Express,ยอดตัดบัญชี,1815.96,transport,True,False,wants,False,bolt taxi express ยอด ตัด บัญชี
c0d818af-6d22-4797-ab37-d8a5de71b9f6,2025-05-18,07:10,Tops Supermarket All Seasons,ซื้อยาสีฟัน แชมพู และสบู่เหลว,197.24,shopping,False,False,routine,False,tops supermarket all seasons ซื้อ ยาสีฟัน แชมพู และ สบู่เหลว
50926934-1083-420e-9b3b-781302546aad,2025-12-11,09:21,H&M EmQuartier,เครื่องเขียนสมุดโน้ตสไตล์ญี่ปุ่น,1208.84,shopping,True,False,wants,False,h m emquartier เครื่องเขียน สมุด โน้ต สไตล์ ญี่ปุ่น
77cb86d7-9d46-4bba-8832-b2b83fdee63b,2025-07-17,12:36,Gourmet Market Siam Paragon,กล่องเก็บของและอุปกรณ์อเนกประสงค์,286.92,shopping,False,False,routine,False,gourmet market siam paragon กล่อง เก็บ ของ และ อุปกรณ์ อเนกประสงค์
8e00528d-70aa-427a-a825-365f7d3fc0c8,2025-04-23,14:17,ค่าเช่าคอนโด ลุมพินีทาวเวอร์,ค่าโทรศัพท์และบรอดแบนด์,1749.11,bills,False,False,routine,False,ค่าเช่า คอนโด ลุมพินี ทาวเวอร์ ค่าโทรศัพท์ และ บรอดแบนด์
7b07e7c9-ec8c-4976-b4e0-67c4444c516a,2025-06-05,12:29,Amazon Cafe PTT,คืนเพื่อน,114.56,food,False,False,routine,False,amazon cafe ptt คืน เพื่อน
f1ac5b3b-581a-44ce-b2c3-e92284f5e882,2025-08-30,10:24,บัตรเครดิต SCB CardX,ค่าเน็ตบ้านรายเดือน 3BB,2214.26,bills,False,False,routine,False,บัตรเครดิต scb cardx ค่า เน็ต บ้าน รายเดือน 3 bb
9d7b196d-4050-4375-a639-f062f1e5dfb1,2025-08-31,23:00,Bolt Taxi Express,Grab VIP เดินทางไปสนามบิน,707.31,transport,True,False,wants,False,bolt taxi express grab vip เดินทาง ไป สนามบิน
430643bc-01c8-4ee9-a0f6-27c783d92b16,2025-11-26,18:49,Starbucks Reserve,เบอร์เกอร์เนื้อทรัฟเฟิล,758.7,food,True,False,wants,False,starbucks reserve เบอร์เกอร์ เนื้อ ทรัฟเฟิล
af9977af-a5a8-46c0-85e3-98cfa4ce5939,2025-12-13,21:20,Starbucks Reserve,ไม่ระบุ,284.78,food,True,False,wants,False,starbucks reserve ไม่ ระบุ
ef0edf1b-b44e-406c-9518-897be07792aa,2025-11-30,11:10,ร้านส้มตำเจ๊ไก่ รัชดา,ข้าวราดแกง 2 อย่างไข่ต้ม,85.85,food,False,False,routine,False,ร้าน ส้มตำ เจ๊ ไก่ รัชดา ข้าวราดแกง 2 อย่าง ไข่ต้ม
36d77f1f-c8a1-4bfc-8ea9-a96e4179d162,2025-09-11,22:05,Amazon Cafe PTT,อาหารตามสั่งจานด่วน,165.19,food,False,False,routine,False,amazon cafe ptt อาหาร ตาม สั่ง จาน ด่วน
4ae3ae09-4ecb-43a4-badb-e7a0ab86f0ca,2025-01-22,14:49,ร้านส้มตำเจ๊ไก่ รัชดา,กาแฟคั่วเข้มแก้วเช้า,222.03,food,False,False,routine,False,ร้าน ส้มตำ เจ๊ ไก่ รัชดา กาแฟ คั่ว เข้ม แก้ว เช้า
72da767f-e3f3-43bf-b443-7ea2ed4ce09c,2025-04-06,11:07,วินมอเตอร์ไซค์ ซอยสุขุมวิท 21,เติมน้ำมันมอเตอร์ไซค์เต็มถัง,40.88,transport,False,False,routine,False,วิน มอเตอร์ไซค์ ซอย สุขุมวิท 21 เติมน้ำมัน มอเตอร์ไซค์ เต็ม ถัง
d6e64a6a-ab5b-48eb-97b8-010fedeab7ce,2025-02-18,14:50,PlayStation Network TH,ตั๋วชมภาพยนตร์รอบค่ำ,921.22,entertainment,True,False,wants,False,playstation network th ตั๋ว ชม ภาพยนตร์ รอบ ค่ำ
23da114d-c183-4af6-b551-fe87af8a88d4,2025-03-25,12:03,บัตรเครดิต KTC Visa,ชำระค่าน้ำประปานครหลวง,2165.57,bills,False,False,routine,False,บัตรเครดิต ktc visa ชำระ ค่า น้ำประปา นครหลวง
34f28740-c477-45e8-b059-85f0dafeed67,2025-03-10,09:46,ปตท. PTT Station สาขา 2,M-Flow ชำระค่าผ่านทางด่วน,90.11,transport,False,False,routine,False,ปตท ptt station สาขา 2 m flow ชำระ ค่า ผ่าน ทางด่วน
ed20ecee-3a63-45a1-93d6-6717d7b7b06e,2025-05-28,08:16,AirAsia Flight Booking,นั่ง Taxi Express ช่วงฝนตก,1621.32,transport,True,False,wants,False,airasia flight booking นั่ง taxi express ช่วง ฝนตก
709177ad-8636-4f14-85c0-74ad1e489ddc,2025-02-13,20:07,ปตท. PTT Station สาขา 2,xxx,64.88,transport,False,False,routine,False,ปตท ptt station สาขา 2 xxx
5593bbd4-38b0-40cb-b36b-4cbd80885876,2025-03-25,00:47,GrabCar Premium Bangkok,เรียกรถ GrabCar ไปปาร์ตี้,1187.45,transport,True,False,wants,False,grabcar premium bangkok เรียก รถ grabcar ไป ปาร์ตี้
54bca8f2-d241-4f39-bc30-06012b2434a2,2025-02-17,18:28,The Beer Bar Sukhumvit 11,YouTube Premium Family,806.76,entertainment,True,False,wants,False,the beer bar sukhumvit 11 youtube premium family
ec4d8628-3b5c-4318-832d-f660575309db,2025-08-13,19:07,Haidilao Hot Pot CentralWorld,ไก่ทอด KFC บักเก็ตพิเศษ,312.19,food,True,False,wants,False,haidilao hot pot centralworld ไก่ทอด kfc บัก เก็ต พิเศษ
4ec4bd95-58ba-4c65-843a-7e2dc25e116b,2025-09-04,13:00,Gentlewoman Store,โคมไฟมินิมอลแต่งโต๊ะทำงาน,2806.8,shopping,True,False,wants,False,gentlewoman store โคมไฟ มินิ มอ ล แต่ง โต๊ะทำงาน
df81bb44-8a7c-4c89-89c4-8eeabaae4b23,2025-10-03,16:22,Steam Games Store,ตั๋วหนัง IMAX 3D พร้อมป๊อปคอร์น,1689.26,entertainment,True,False,wants,False,steam games store ตั๋วหนัง imax 3 d พร้อม ป๊อปคอร์น
fff0607c-3b34-4570-aad2-d92e9916e88a,2025-07-25,01:38,บัตรเครดิต KTC Visa,ต่อประกันภัยรถยนต์ชั้น 1,2694.37,bills,False,False,routine,False,บัตรเครดิต ktc visa ต่อ ประกันภัย รถยนต์ ชั้น 1
48b7a24a-2265-4161-89cc-115b84229a68,2025-11-16,07:07,Bar B Q Plaza,ชาบูหม้อไฟหมาล่าพรีเมียม,1055.21,food,True,False,wants,False,bar b q plaza ชาบู หม้อไฟ หมา ล่า พรีเมียม
b22e9cea-ad25-4ec7-8517-2c36123b47b9,2025-02-13,02:02,Lazada 9.9 Official Store,เครื่องดูดฝุ่นไร้สายกดตอนเที่ยงคืน,1722.26,shopping,True,True,impulse_online,False,lazada 9 9 official store เครื่องดูดฝุ่น ไร้สาย กด ตอน เที่ยงคืน
8f0fb231-f014-4d55-8cd8-65feed25783b,2025-11-01,13:16,โอนร่วมบุญผ้าป่าวัดป่า,โอนเงินซื้อของขวัญวันเกิดเพื่อน,176.77,other,True,False,wants,False,โอน ร่วม บุญ ผ้าป่า วัด ป่า โอน เงิน ซื้อ ของขวัญ วันเกิด เพื่อน
bc7e1835-a257-4314-8ea9-95fa4a377b44,2025-07-11,10:47,ข้าวมันไก่ตอนประตูน้ำ,เส้นเล็กน้ำตกหมูพิเศษ,89.82,food,False,False,routine,False,ข้าวมัน ไก่ตอน ประตูน้ำ เส้น เล็ก น้ำตก หมู พิเศษ
92472119-d283-47fc-99c3-37b3b11830a3,2025-09-23,11:26,B2S Think Space,ซื้อเสื้อกล้ามและกางเกงสแล็ค,2107.25,shopping,True,False,wants,False,b 2 s think space ซื้อ เสื้อกล้าม และ กางเกง สแล็ค
2b5e4044-6b3a-48bd-b6ff-11fa27d317b1,2025-12-19,13:54,Major Cineplex รัชโยธิน,PlayStation Plus Member,544.87,entertainment,True,False,wants,False,major cineplex รัชโยธิน playstation plus member
d1786d48-a3bb-4275-b0b6-2053a673cfbb,2025-01-17,09:30,McDonald's EmQuartier,Iced Caramel Macchiato Venti,582.46,food,True,False,wants,False,mcdonald s emquartier iced caramel macchiato venti
1569338a-df03-4f16-a1bf-ce2440401bb4,2025-08-20,22:44,Lotus's สุขุมวิท 50,ของสดวัตถุดิบทำกับข้าว,440.8,shopping,False,False,routine,False,lotus s สุขุมวิท 50 ของสด วัตถุดิบ ทำกับข้าว
bad61976-4fc8-4b1c-879e-8350494a25d7,2025-04-15,11:21,ร้านส้มตำเจ๊ไก่ รัชดา,Iced Black Coffee หวานน้อย,82.98,food,False,False,routine,False,ร้าน ส้มตำ เจ๊ ไก่ รัชดา iced black coffee หวาน น้อย
db5c15d3-8c3f-4f92-910a-a5b4df1b89ee,2025-01-05,13:45,Bar B Q Plaza,ปิ้งย่างบาร์บีคิวฉลองปิดโปรเจกต์,1104.63,food,True,False,wants,False,bar b q plaza ปิ้ง ย่าง บาร์บีคิว ฉลอง ปิด โปรเจกต์
bcabe7f0-4824-4d1f-a52a-87d3c2b9a94a,2025-12-20,02:15,โจ๊กสามย่าน สาขา 2,เคลียร์ยอด,217.58,food,False,False,routine,False,โจ๊ก สามย่าน สาขา 2 เคลียร์ ยอด
0fc216a2-7898-4e83-b3b1-6c17c71bd723,2025-03-21,12:28,ชายสี่บะหมี่เกี๊ยว,ข้าวกล่องเซเว่นพร้อมน้ำดื่ม,231.88,food,False,False,routine,False,ชาย สี่ บะหมี่ เกี๊ยว ข้าว กล่อง เซเว่น พร้อม น้ำดื่ม
d32cbc04-156d-4504-a039-6bc66080ae2f,2025-03-22,01:23,ปตท. PTT Station สาขา 1,ค่าวินไปหน้าปากซอยสุขุมวิท,96.55,transport,False,False,routine,False,ปตท ptt station สาขา 1 ค่า วิน ไป หน้า ปากซอย สุขุมวิท
c0786136-475f-4dd5-aa33-9aed29dc2daf,2025-02-17,11:54,Bolt Taxi Express,Grab VIP เดินทางไปสนามบิน,401.92,transport,True,False,wants,False,bolt taxi express grab vip เดินทาง ไป สนามบิน
9b3862af-a293-48e5-a46b-7564eb009ef9,2025-01-29,11:05,3BB Broadband Member,ค่าโทรศัพท์และบรอดแบนด์,862.05,bills,False,False,routine,False,3 bb broadband member ค่าโทรศัพท์ และ บรอดแบนด์
c220cb57-14c3-4e28-b473-4dfb6d8d278d,2025-12-14,14:44,PlayStation Network TH,ดื่มคราฟต์เบียร์สังสรรค์คืนวันศุกร์,1405.19,entertainment,True,False,wants,False,playstation network th ดื่ม คราฟต์ เบียร์ สังสรรค์ คืน วัน ศุกร์
9068bcb3-d6b9-4634-ab92-d6b3314f2234,2025-01-25,07:42,ธนาคารกสิกรไทย K-Mobile,ถอนเงินสดใช้จ่ายเบ็ดเตล็ด,326.41,other,False,False,routine,False,ธนาคาร กสิกร ไทย k mobile ถอน เงินสด ใช้จ่าย เบ็ดเตล็ด
a857e7f3-4f0a-46a1-9bca-b7432ec5a868,2025-07-03,11:10,GrabCar Premium Bangkok,จองตั๋วเครื่องบินไปเที่ยวภูเก็ต,1214.04,transport,True,False,wants,False,grabcar premium bangkok จองตั๋ว เครื่องบิน ไปเที่ยว ภูเก็ต
fa21057e-7335-48c3-b081-0b7be5e8190e,2025-03-12,16:47,Major Cineplex รัชโยธิน,ดื่มคราฟต์เบียร์สังสรรค์คืนวันศุกร์,687.71,entertainment,True,False,wants,False,major cineplex รัชโยธิน ดื่ม คราฟต์ เบียร์ สังสรรค์ คืน วัน ศุกร์
27c94fac-f900-4ce1-8cb8-1fccc6d0e8b9,2025-03-08,01:01,TrueMove H Postpaid,ไม่ระบุ,2926.89,bills,False,False,routine,False,truemove h postpaid ไม่ ระบุ
a3d73903-da3d-48b9-8d3d-0dd91bf171d3,2025-06-29,07:29,YouTube Premium Monthly,ร้องคาราโอเกะปาร์ตี้วันหยุด,455.16,entertainment,True,False,wants,False,youtube premium monthly ร้อง คาราโอเกะ ปาร์ตี้ วันหยุด
3e5b3501-0bf3-47c9-a8c4-7f8ef31229ca,2025-05-26,21:39,Starbucks Reserve,Shibuya Honey Toast และชาร้อน,605.13,food,True,True,wants,False,starbucks reserve shibuya honey toast และ ชาร้อน
271be003-1c28-4526-b494-cfac6a1ac8e0,2025-11-23,10:22,ร้านข้าวราดแกงเมืองตรัง,มื้อเที่ยงกับทีม,64.87,food,False,False,routine,False,ร้าน ข้าวราดแกง เมือง ตรัง มื้อ เที่ยง กับ ทีม
ace2b334-1c09-4445-9eff-2b7e6fdca2d5,2025-12-08,20:46,Bolt Taxi Express,จองตั๋วเครื่องบินไปเที่ยวภูเก็ต,1582.17,transport,True,False,wants,False,bolt taxi express จองตั๋ว เครื่องบิน ไปเที่ยว ภูเก็ต
a528bb54-9742-4a7e-8347-e4eaa1e39cc6,2025-09-20,16:17,โจ๊กสามย่าน สาขา 2,เกาเหลาเลือดหมูข้าวเปล่า,212.8,food,False,False,routine,False,โจ๊ก สามย่าน สาขา 2 เกาเหลา เลือดหมู ข้าว เปล่า
d0693ac2-90ae-475c-8ab7-9483d335c5f7,2025-04-05,19:11,NT Broadband Thailand,โอนค่าเช่าคอนโดประจำเดือน,1726.48,bills,False,False,routine,False,nt broadband thailand โอน ค่าเช่า คอนโด ประจำเดือน
c882c195-3d8e-418d-9c18-65c081800fbe,2025-07-19,11:15,Gentlewoman Store,เสื้อเบลเซอร์ทำงานคอลใหม่,2555.35,shopping,True,False,wants,False,gentlewoman store เสื้อ เบล เซอร์ ทำงาน คอ ล ใหม่
70010419-ba6d-4c9c-aeb9-424a2e1b7b5f,2025-09-09,21:39,ร้านส้มตำเจ๊ไก่ รัชดา,โจ๊กหมูใส่ไข่เยี่ยวม้า,87.59,food,False,False,routine,False,ร้าน ส้มตำ เจ๊ ไก่ รัชดา โจ๊ก หมู ใส่ ไข่เยี่ยวม้า
a2c93b1b-9396-4f26-970f-559cd4e80375,2025-05-07,20:05,การประปานครหลวง MWA,ค่าเน็ตบ้านรายเดือน 3BB,556.13,bills,False,False,routine,False,การประปา นครหลวง mwa ค่า เน็ต บ้าน รายเดือน 3 bb
7ec2fa28-e949-4c2d-8a9c-f3168f94ac44,2025-02-02,01:29,บัตรเครดิต KTC Visa,ชำระเงิน,3011.36,bills,False,False,routine,False,บัตรเครดิต ktc visa ชำระเงิน
0935a595-0be6-4584-83cb-643bbdd516c5,2025-04-25,10:24,PromptPay โอนเงินส่วนตัว,เคลียร์ยอด,595.05,other,True,True,wants,False,promptpay โอน เงิน ส่วนตัว เคลียร์ ยอด
9a01626b-4adb-4933-a06a-0f6b342f480f,2025-01-10,15:57,Netflix Thailand,Spotify Individual Subscription,1518.42,entertainment,True,False,wants,False,netflix thailand spotify individual subscription
f9bdc2f1-21da-48f4-8f5b-469ee64384c2,2025-01-04,23:46,McDonald's EmQuartier,สุกี้ชุดครอบครัวพร้อมเป็ดย่าง,351.09,food,True,False,wants,False,mcdonald s emquartier สุกี้ ชุด ครอบครัว พร้อม เป็ด ย่าง
4739d4d3-c18c-4296-8bb9-ab504ac8ce87,2025-04-19,19:49,Uniqlo Central Rama 9,เสื้อผ้าแฟชั่นเกาหลีแมตช์ชุด,1669.12,shopping,True,False,wants,False,uniqlo central rama 9 เสื้อผ้า แฟชั่น เกาหลี แมตช์ ชุด
8036990c-ea01-4276-9fdd-525d318d810d,2025-07-11,10:25,Gourmet Market Siam Paragon,พร้อมเพย์,257.92,shopping,False,False,routine,False,gourmet market siam paragon พร้อม เพย์
9aaadc4d-b7b7-4d06-859b-b3c4a8aa0d82,2025-04-04,15:42,Bolt Taxi Express,เคลียร์ยอด,1464.22,transport,True,False,wants,False,bolt taxi express เคลียร์ ยอด
055c9b55-1ff3-4316-ad4a-f8b8bb9b6327,2025-04-06,21:16,AirAsia Flight Booking,ไม่ระบุ,1735.18,transport,True,False,wants,False,airasia flight booking ไม่ ระบุ
d976cad6-e042-4582-b6f6-f03a126e5451,2025-02-13,18:04,โจ๊กสามย่าน สาขา 2,โจ๊กหมูใส่ไข่เยี่ยวม้า,151.52,food,False,False,routine,False,โจ๊ก สามย่าน สาขา 2 โจ๊ก หมู ใส่ ไข่เยี่ยวม้า
98259106-baa0-4d0a-a1d7-e5d7727948e5,2025-04-08,10:55,Steam Games Store,ตั๋วคอนเสิร์ตอินดี้มิวสิก,1512.61,entertainment,True,False,wants,False,steam games store ตั๋ว คอนเสิร์ต อินดี้ มิวสิก
8e4cceac-dcaa-48d7-93db-91af0b82ff18,2025-03-15,17:38,Momoparadise Central Rama 9,จ่ายผ่านแอป,1053.24,food,True,False,wants,False,momoparadise central rama 9 จ่าย ผ่าน แอ ป
3a45a0af-c287-4cb0-870c-7e5d58ac93d5,2025-11-28,14:26,วินมอเตอร์ไซค์ ซอยสุขุมวิท 21,เติมน้ำมัน Gasohol 95,75.65,transport,False,False,routine,False,วิน มอเตอร์ไซค์ ซอย สุขุมวิท 21 เติมน้ำมัน gasohol 95
c4ae4546-9785-4acc-8e8a-f45ba1f98440,2025-09-18,15:40,บัตรเครดิต SCB CardX,ชำระยอดบัตรเครดิตยอดเต็ม,1490.86,bills,False,False,routine,False,บัตรเครดิต scb cardx ชำระ ยอด บัตรเครดิต ยอด เต็ม
b1bbd2da-7123-4efa-83f3-779cebfc1249,2025-11-19,14:36,ธนาคารกรุงไทย Krungthai Next,ถอนเงินสดใช้จ่ายเบ็ดเตล็ด,227.5,other,False,False,routine,False,ธนาคาร กรุงไทย krungthai next ถอน เงินสด ใช้จ่าย เบ็ดเตล็ด
b2d6c36f-0e5e-41ab-b76b-b2d97160235b,2025-05-06,12:06,Muji Central Chidlom,โคมไฟมินิมอลแต่งโต๊ะทำงาน,1996.47,shopping,True,False,wants,False,muji central chidlom โคมไฟ มินิ มอ ล แต่ง โต๊ะทำงาน
3159d624-43bb-4737-9565-defef715c3c8,2025-04-19,21:02,Bar B Q Plaza,-,748.58,food,True,False,wants,False,bar b q plaza
168741eb-e34c-456c-9cf7-3f17df25a712,2025-01-03,15:47,ร้านข้าวต้มรอบดึก กวงเฮง,บะหมี่เกี๊ยวหมูแดงแห้ง,249.47,food,False,False,routine,False,ร้าน ข้าวต้ม รอบ ดึก กวง เฮง บะหมี่ เกี๊ยว หมูแดง แห้ง
7ae03d1e-3a76-4e95-920a-350289f0b6bb,2025-06-19,14:24,ชายสี่บะหมี่เกี๊ยว,ส้มตำไทยคอหมูย่าง,156.09,food,False,False,routine,False,ชาย สี่ บะหมี่ เกี๊ยว ส้มตำ ไทย คอ หมู ย่าง
50b98f01-6534-477b-86c9-5e4e547f7e7e,2025-01-15,20:14,McDonald's EmQuartier,xxx,1121.6,food,True,False,wants,False,mcdonald s emquartier xxx
3d5861df-f5b2-4067-9f6e-195ed3b16063,2025-12-08,13:16,Sephora Thailand,ซื้อเสื้อกล้ามและกางเกงสแล็ค,1744.28,shopping,True,False,wants,False,sephora thailand ซื้อ เสื้อกล้าม และ กางเกง สแล็ค
3ac04e8f-ef2a-4e58-8607-db8a9127aa28,2025-06-21,12:49,Uniqlo Central Rama 9,เครื่องเขียนสมุดโน้ตสไตล์ญี่ปุ่น,2989.49,shopping,True,False,wants,False,uniqlo central rama 9 เครื่องเขียน สมุด โน้ต สไตล์ ญี่ปุ่น
9f6fe420-2d01-4f2f-be97-e5a48f8c2447,2025-05-03,15:13,MK Restaurants,ชาบูหม้อไฟหมาล่าพรีเมียม,1026.11,food,True,False,wants,False,mk restaurants ชาบู หม้อไฟ หมา ล่า พรีเมียม
27ed0767-27ad-486d-b48b-33c99e6f4be2,2025-10-10,18:05,Line Man Taxi VIP,ตั๋วบินเชียงใหม่สุดสัปดาห์,1288.5,transport,True,False,wants,False,line man taxi vip ตั๋ว บิน เชียงใหม่ สุดสัปดาห์
ae03337c-4626-4eda-9ce1-7aa87d0c4f15,2025-12-07,01:37,Line Man Taxi VIP,เช่ารถขับเที่ยวกับเพื่อน,1651.36,transport,True,False,wants,False,line man taxi vip เช่า รถ ขับ เที่ยว กับ เพื่อน
98013fb2-c1bf-477f-894f-60bd6510546e,2025-05-04,08:10,MK Restaurants,เบอร์เกอร์เนื้อทรัฟเฟิล,819.39,food,True,False,wants,False,mk restaurants เบอร์เกอร์ เนื้อ ทรัฟเฟิล
1c6ab69d-49a6-4db6-8e60-b0c0cf10106c,2025-02-20,02:26,นิติบุคคลอาคารชุด ดิ ไอริส,ชำระค่าส่วนกลางคอนโดมิเนียม,2241.31,bills,False,False,routine,False,นิติบุคคล อาคารชุด ดิ ไอ ริ ส ชำระ ค่า ส่วนกลาง คอนโดมิเนียม
36d6c5db-c2f9-49a9-86b3-2533802f3196,2025-07-13,22:30,ธนาคารกรุงไทย Krungthai Next,โอนเงินคืนเพื่อนค่าอาหารกลางวัน,267.56,other,False,False,routine,False,ธนาคาร กรุงไทย krungthai next โอน เงิน คืน เพื่อน ค่า อาหารกลางวัน
3f200a15-c894-4235-985f-514b30e8f086,2025-02-15,08:04,Lotus's สุขุมวิท 50,ซื้อของใช้จำเป็นในห้องน้ำ,399.96,shopping,False,False,routine,False,lotus s สุขุมวิท 50 ซื้อ ของใช้ จำเป็น ใน ห้องน้ำ
9ee1b608-1a45-4bc1-a1d5-87ad8fc6e20a,2025-01-15,11:51,โจ๊กสามย่าน สาขา 2,โจ๊กหมูใส่ไข่เยี่ยวม้า,240.01,food,False,False,routine,False,โจ๊ก สามย่าน สาขา 2 โจ๊ก หมู ใส่ ไข่เยี่ยวม้า
6f5f448b-94d0-488b-8196-f6cebd9f6ad0,2025-02-27,22:56,ร้านส้มตำเจ๊ไก่ รัชดา,กะเพราหมูกรอบไข่ดาวไม่สุก,72.53,food,False,False,routine,False,ร้าน ส้มตำ เจ๊ ไก่ รัชดา กะเพรา หมูกรอบ ไข่ดาว ไม่ สุก
4fdcad1d-3f3d-467f-9751-de066cecd7aa,2025-07-13,22:32,Haidilao Hot Pot CentralWorld,เบอร์เกอร์เนื้อทรัฟเฟิล,1154.95,food,True,False,wants,False,haidilao hot pot centralworld เบอร์เกอร์ เนื้อ ทรัฟเฟิล
764015f9-6070-4a6d-b949-538951b10491,2025-11-25,16:42,Muji Central Chidlom,โคมไฟมินิมอลแต่งโต๊ะทำงาน,1851.61,shopping,True,True,wants,False,muji central chidlom โคมไฟ มินิ มอ ล แต่ง โต๊ะทำงาน
de9ae5ec-872b-4832-aba6-c5bd0df546da,2025-08-05,08:49,BCP บางจาก พระโขนง,เติมน้ำมันมอเตอร์ไซค์เต็มถัง,108.0,transport,False,False,routine,False,bcp บาง จาก พระ โขนง เติมน้ำมัน มอเตอร์ไซค์ เต็ม ถัง
0385e6c0-46e0-4321-96b3-e4e6379c4eb3,2025-06-05,09:30,Tops Supermarket All Seasons,กล่องเก็บของและอุปกรณ์อเนกประสงค์,214.87,shopping,False,False,routine,False,tops supermarket all seasons กล่อง เก็บ ของ และ อุปกรณ์ อเนกประสงค์
04afb361-8149-46d6-ac4e-213b3fec6d65,2025-04-20,14:42,โจ๊กสามย่าน สาขา 2,โจ๊กหมูใส่ไข่เยี่ยวม้า,173.65,food,False,False,routine,False,โจ๊ก สามย่าน สาขา 2 โจ๊ก หมู ใส่ ไข่เยี่ยวม้า
9f8c49d7-6290-4c1e-b639-b5ef063bbb14,2025-05-13,12:03,TrueMove H Postpaid,ค่าเน็ตบ้านรายเดือน 3BB,2315.56,bills,False,False,routine,False,truemove h postpaid ค่า เน็ต บ้าน รายเดือน 3 bb
3bea3bb6-b3cf-4b05-a8d2-c372b889dab9,2025-04-14,20:40,ชายสี่บะหมี่เกี๊ยว,ส้มตำไทยคอหมูย่าง,57.55,food,False,False,routine,False,ชาย สี่ บะหมี่ เกี๊ยว ส้มตำ ไทย คอ หมู ย่าง
174c871a-716a-4220-b8e6-93536792c23d,2025-12-31,01:00,GrabFood - ชานมไข่มุก KOI The,จ่ายผ่านแอป,655.79,food,True,True,impulse_delivery,False,grabfood ชา นม ไข่มุก koi the จ่าย ผ่าน แอ ป
036f0fc1-955d-4eb6-a144-1632c24b0dd6,2025-06-15,11:00,GrabCar Premium Bangkok,นั่ง Taxi Express ช่วงฝนตก,1319.41,transport,True,False,wants,False,grabcar premium bangkok นั่ง taxi express ช่วง ฝนตก
e065a3db-f407-42de-8d15-ba602a3a42a0,2025-06-13,22:07,วินมอเตอร์ไซค์ ซอยสุขุมวิท 21,เติมน้ำมันดีเซลเต็มถัง,103.09,transport,False,False,routine,False,วิน มอเตอร์ไซค์ ซอย สุขุมวิท 21 เติม น้ำมันดีเซล เต็ม ถัง
dd38b73b-4559-4764-9ce8-476552bcdf44,2025-07-22,02:38,Big C Supercenter รัชดา,น้ำยาซักผ้าและปรับผ้านุ่ม,404.79,shopping,False,False,routine,False,big c supercenter รัชดา น้ำยา ซักผ้า และ ปรับ ผ้า นุ่ม
13000cee-1922-49c7-abcb-de638176cb40,2025-02-17,15:45,ทางด่วน กทพ. Easy Pass,เติมน้ำมัน Gasohol 95,119.87,transport,False,False,routine,False,ทางด่วน กทพ easy pass เติมน้ำมัน gasohol 95
bcf5aa09-9280-472e-9862-7027f7c60381,2025-04-02,10:59,PlayStation Network TH,จ่ายผ่านแอป,1770.93,entertainment,True,False,wants,False,playstation network th จ่าย ผ่าน แอ ป
5b87d6a1-c70f-47d9-a0b0-bb91f0ccfe72,2025-09-24,14:03,Amazon Cafe PTT,บะหมี่เกี๊ยวหมูแดงแห้ง,197.49,food,False,False,routine,False,amazon cafe ptt บะหมี่ เกี๊ยว หมูแดง แห้ง
21c0abc9-9920-4ebe-9de5-30e542dd0c3a,2025-06-30,08:07,KFC Drive Thru,จ่ายผ่านแอป,416.5,food,True,False,wants,False,kfc drive thru จ่าย ผ่าน แอ ป
4a88cbab-6505-42e8-a69d-a50fdd611e38,2025-08-14,11:23,ข้าวมันไก่ตอนประตูน้ำ,มื้อเที่ยงกับทีม,240.52,food,False,False,routine,False,ข้าวมัน ไก่ตอน ประตูน้ำ มื้อ เที่ยง กับ ทีม
f0033762-193d-42a1-83c2-4317da929a76,2025-07-06,07:07,Lotus's สุขุมวิท 50,ซื้อยาสีฟัน แชมพู และสบู่เหลว,244.7,shopping,False,False,routine,False,lotus s สุขุมวิท 50 ซื้อ ยาสีฟัน แชมพู และ สบู่เหลว
d19ab3ba-6366-485a-8041-20316bd25947,2025-12-02,15:43,Muji Central Chidlom,โคมไฟมินิมอลแต่งโต๊ะทำงาน,2651.96,shopping,True,False,wants,False,muji central chidlom โคมไฟ มินิ มอ ล แต่ง โต๊ะทำงาน
b61cd625-2797-41a0-8e85-3a0d814b7a82,2025-05-04,12:39,Big C Supercenter รัชดา,ซื้อยาแก้แพ้และวิตามินซีรวม,237.07,shopping,False,False,routine,False,big c supercenter รัชดา ซื้อ ยา แก้ แพ้ และ วิตามิน ซี รวม
a32e65c2-4b19-4b8c-b53f-a97e711a9629,2025-03-17,11:11,KFC Drive Thru,จ่ายผ่านแอป,1154.25,food,True,False,wants,False,kfc drive thru จ่าย ผ่าน แอ ป
8574c6c7-7aab-4299-bf50-d804683f4b9c,2025-12-27,22:02,Line Man Taxi VIP,ตั๋วบินเชียงใหม่สุดสัปดาห์,2469.94,transport,True,False,wants,False,line man taxi vip ตั๋ว บิน เชียงใหม่ สุดสัปดาห์
2306b54c-761c-488e-961c-718aa3c4dc43,2025-05-23,15:58,โจ๊กสามย่าน สาขา 2,ข้าวต้มปลาอินทรีย์รอบค่ำ,80.94,food,False,False,routine,False,โจ๊ก สามย่าน สาขา 2 ข้าวต้ม ปลา อินทรีย์ รอบ ค่ำ
7d4c28d1-c63c-4b1a-819d-86261a88ca3e,2025-06-12,11:32,โอนเงินบริจาคมูลนิธิสุนัขจรจัด,โอนเงินซื้อของขวัญวันเกิดเพื่อน,72.63,other,True,False,wants,False,โอน เงินบริจาค มูลนิธิ สุนัขจรจัด โอน เงิน ซื้อ ของขวัญ วันเกิด เพื่อน
821b2333-fcf2-4419-8750-3f1785dcac36,2025-05-31,18:11,ร้านส้มตำเจ๊ไก่ รัชดา,xxx,95.25,food,False,False,routine,False,ร้าน ส้มตำ เจ๊ ไก่ รัชดา xxx
3fa441fc-44dd-461a-b6c1-29ba2f1fbd39,2025-06-18,18:51,H&M EmQuartier,ซื้อเสื้อกล้ามและกางเกงสแล็ค,1953.85,shopping,True,False,wants,False,h m emquartier ซื้อ เสื้อกล้าม และ กางเกง สแล็ค
f5c36a51-1e32-4775-94dd-9c078601d07e,2025-05-04,07:56,บัตรเครดิต SCB CardX,ชำระบิลบัตรเครดิตรายเดือน,1207.05,bills,False,False,routine,False,บัตรเครดิต scb cardx ชำ ระบิล บัตรเครดิต รายเดือน
c6af0c80-faaa-4485-9b41-eb93e146394b,2025-10-28,22:27,Bolt Taxi Express,จองตั๋วเครื่องบินไปเที่ยวภูเก็ต,592.67,transport,True,False,wants,False,bolt taxi express จองตั๋ว เครื่องบิน ไปเที่ยว ภูเก็ต
d1df3fff-2cab-4b89-9a66-08099b7e24af,2025-07-13,02:56,การประปานครหลวง MWA,โอนค่าเช่าคอนโดประจำเดือน,3029.2,bills,False,False,routine,False,การประปา นครหลวง mwa โอน ค่าเช่า คอนโด ประจำเดือน
76350026-a786-4592-8290-f8e807d8d9e6,2025-09-12,11:52,7-Eleven สาขาอโศก,ส้มตำไทยคอหมูย่าง,79.49,food,False,False,routine,False,7 eleven สาขา อโศก ส้มตำ ไทย คอ หมู ย่าง
20e86919-bfa0-42d0-97a0-0f15526297d8,2025-11-20,19:57,Boots Pharmacy พระราม 9,น้ำยาซักผ้าและปรับผ้านุ่ม,196.57,shopping,False,False,routine,False,boots pharmacy พระราม 9 น้ำยา ซักผ้า และ ปรับ ผ้า นุ่ม
c249c6f1-36e6-4b91-bd15-f1f01dba83c9,2025-11-05,02:07,TikTok Shop Thailand,กล่องสุ่มคอลเลกชันใหม่ล่าสุด,2077.28,shopping,True,True,impulse_online,False,tiktok shop thailand กล่อง สุ่ม คอลเลกชัน ใหม่ ล่าสุด
aada17b8-4ad8-42c5-9b94-55ffc3519478,2025-01-17,14:31,TrueMove H Postpaid,ค่าเน็ตบ้านรายเดือน 3BB,392.88,bills,False,False,routine,False,truemove h postpaid ค่า เน็ต บ้าน รายเดือน 3 bb
b387473e-c1f5-4342-87ef-2b121dd95aba,2025-11-29,22:20,7-Eleven สาขาอโศก,Iced Black Coffee หวานน้อย,146.6,food,False,False,routine,False,7 eleven สาขา อโศก iced black coffee หวาน น้อย
40880728-bb70-4408-84a9-e3def1b64d78,2025-02-01,01:15,Board Game Cafe Ari,ดื่มคราฟต์เบียร์สังสรรค์คืนวันศุกร์,1519.2,entertainment,True,False,wants,False,board game cafe ari ดื่ม คราฟต์ เบียร์ สังสรรค์ คืน วัน ศุกร์
ef090c7c-ba86-4234-b709-3ade6db3bc17,2025-05-14,21:26,AIS Fibre Broadband,ค่าบริการอินเทอร์เน็ตบ้านไฟเบอร์,700.13,bills,False,False,routine,False,ais fibre broadband ค่าบริการ อินเทอร์เน็ต บ้าน ไฟเบอร์
a3cbb9e1-60a2-4947-b362-a410691f33c0,2025-10-30,21:36,ค่าธรรมเนียมถอนเงินข้ามเขต,โอน,269.51,other,False,False,routine,False,ค่าธรรมเนียม ถอนเงิน ข้าม เขต โอน
4a6288a7-69b1-40d2-b857-e5cb76d73703,2025-12-12,18:49,Shell Station สุขุมวิท,Easy Pass เติมเงินทางด่วน,35.61,transport,False,False,routine,False,shell station สุขุมวิท easy pass เติม เงิน ทางด่วน
bef947b2-7671-4809-b316-5b72e5487ef0,2025-08-26,19:48,ค่าธรรมเนียมถอนเงินข้ามเขต,โอนเงินคืนเพื่อนค่าอาหารกลางวัน,54.82,other,False,False,routine,False,ค่าธรรมเนียม ถอนเงิน ข้าม เขต โอน เงิน คืน เพื่อน ค่า อาหารกลางวัน
47dd5a88-15b2-463a-b3e1-51c99bb0ffb4,2025-01-22,08:16,ร้านส้มตำเจ๊ไก่ รัชดา,เส้นเล็กน้ำตกหมูพิเศษ,130.14,food,False,False,routine,False,ร้าน ส้มตำ เจ๊ ไก่ รัชดา เส้น เล็ก น้ำตก หมู พิเศษ
a7dfad44-3b4f-4145-85bb-b61f90e4b33e,2025-08-01,19:03,GrabCar Premium Bangkok,Grab VIP เดินทางไปสนามบิน,1193.11,transport,True,False,wants,False,grabcar premium bangkok grab vip เดินทาง ไป สนามบิน
68a8b346-df66-4763-be00-a864c77e3065,2025-11-08,00:05,Foodpanda - Pizza Hut Delivery,โอน,1019.51,food,True,True,impulse_delivery,False,foodpanda pizza hut delivery โอน
d48e3244-0613-4523-9afa-6874e7c9e2e3,2025-12-14,07:11,BCP บางจาก พระโขนง,ค่ารถตู้ไปทำงานอนุสาวรีย์,108.88,transport,False,False,routine,False,bcp บาง จาก พระ โขนง ค่า รถตู้ ไป ทำงาน อนุสาวรีย์
5fdf76fb-f0aa-4d92-a19e-0200583d5cc8,2025-08-09,02:53,TikTok Shop Thailand,สั่งของเล่น Art Toy กล่องสุ่มไลฟ์ดึก,908.85,shopping,True,True,impulse_online,False,tiktok shop thailand สั่ง ของเล่น art toy กล่อง สุ่ม ไลฟ์ ดึก
223627d6-2cd7-4a92-b549-93d127edb04a,2025-12-22,14:01,The Beer Bar Sukhumvit 11,โอน,578.04,entertainment,True,False,wants,False,the beer bar sukhumvit 11 โอน
2f4c86e6-4b56-4790-89c9-11bd2af1f3dc,2025-11-22,14:42,Spotify Premium TH,Disney+ Hotstar รายปี,989.35,entertainment,True,False,wants,False,spotify premium th disney hotstar รายปี
865f8253-a2d7-4922-805a-21b47a4c1c5a,2025-11-02,10:21,BCP บางจาก พระโขนง,M-Flow ชำระค่าผ่านทางด่วน,56.47,transport,False,False,routine,False,bcp บาง จาก พระ โขนง m flow ชำระ ค่า ผ่าน ทางด่วน
62ea71c0-f225-498c-9f05-712ef23b365a,2025-11-24,01:57,Nintendo eShop,Spotify Individual Subscription,1460.43,entertainment,True,False,wants,False,nintendo eshop spotify individual subscription
c4ee1e32-377e-45dd-ac9d-f4da65d84901,2025-08-29,15:13,Lotus's สุขุมวิท 50,ไม่ระบุ,370.25,shopping,False,False,routine,False,lotus s สุขุมวิท 50 ไม่ ระบุ
19e3f2ae-ad73-4f99-a6b2-97c40e8fa63e,2025-02-07,20:18,Starbucks Reserve,ชาบูหม้อไฟหมาล่าพรีเมียม,1150.23,food,True,False,wants,False,starbucks reserve ชาบู หม้อไฟ หมา ล่า พรีเมียม
b27d68a0-1ec8-46c1-b3fc-9cef9bc142a1,2025-06-20,14:46,7-Eleven สาขาอโศก,โจ๊กหมูใส่ไข่เยี่ยวม้า,188.06,food,False,False,routine,False,7 eleven สาขา อโศก โจ๊ก หมู ใส่ ไข่เยี่ยวม้า
07c66bda-d1e8-4302-ac12-2952b62dd40d,2025-05-08,09:32,Spotify Premium TH,เล่นบอร์ดเกมกับกลุ่มเพื่อน,575.19,entertainment,True,False,wants,False,spotify premium th เล่น บอร์ด เกม กับ กลุ่ม เพื่อน
55bddb4a-6ab1-44ba-9c19-b5532eaa56e1,2025-06-14,20:45,Big C Supercenter รัชดา,ซื้อยาสีฟัน แชมพู และสบู่เหลว,344.6,shopping,False,False,routine,False,big c supercenter รัชดา ซื้อ ยาสีฟัน แชมพู และ สบู่เหลว
ce84e359-fe06-4bba-958f-5cd098ab6083,2025-04-18,08:54,Bar B Q Plaza,ชาบูหม้อไฟหมาล่าพรีเมียม,360.11,food,True,False,wants,False,bar b q plaza ชาบู หม้อไฟ หมา ล่า พรีเมียม
899d2ecf-8e83-46df-ba66-a42570b232d4,2025-01-28,21:57,3BB Broadband Member,ชำระยอดบัตรเครดิตยอดเต็ม,536.36,bills,False,False,routine,False,3 bb broadband member ชำระ ยอด บัตรเครดิต ยอด เต็ม
7eee889b-523e-49d4-9767-5e6d08341720,2025-04-11,01:40,Lazada 9.9 Official Store,เครื่องดูดฝุ่นไร้สายกดตอนเที่ยงคืน,2875.69,shopping,True,True,impulse_online,False,lazada 9 9 official store เครื่องดูดฝุ่น ไร้สาย กด ตอน เที่ยงคืน
a49f0347-9805-4c22-ba91-119f78243507,2025-06-10,21:39,IKEA Bangna,สกินแคร์เซรั่มบำรุงผิวหน้า,2144.26,shopping,True,False,wants,False,ikea bangna ส กิน แคร์ เซ รั่ม บำรุง ผิวหน้า
824ac64b-c49c-47a4-b45b-f95800193f9f,2025-04-13,00:47,Nintendo eShop,เล่นบอร์ดเกมกับกลุ่มเพื่อน,763.28,entertainment,True,False,wants,False,nintendo eshop เล่น บอร์ด เกม กับ กลุ่ม เพื่อน
680b3a32-b4cc-4421-8a97-063ad01a6a3e,2025-09-10,09:06,Gourmet Market Siam Paragon,ซื้อยาสีฟัน แชมพู และสบู่เหลว,471.59,shopping,False,False,routine,False,gourmet market siam paragon ซื้อ ยาสีฟัน แชมพู และ สบู่เหลว
5642c24c-2452-476c-a399-0a88ef810141,2025-08-09,14:22,Bar B Q Plaza,ดินเนอร์ร้านอาหารอิตาเลียน,928.63,food,True,False,wants,False,bar b q plaza ดินเนอร์ ร้านอาหาร อิตาเลียน
65ddaa7b-fbd0-4483-a02a-d14f90f75ab9,2025-09-03,11:13,MK Restaurants,ดินเนอร์ร้านอาหารอิตาเลียน,1005.47,food,True,False,wants,False,mk restaurants ดินเนอร์ ร้านอาหาร อิตาเลียน
cdb0f379-0192-4a18-a63b-22a261776ebf,2025-08-08,11:33,Steam Games Store,โอนเงิน,665.22,entertainment,True,False,wants,False,steam games store โอน เงิน
0f0b07bd-2144-4bd7-aa5b-5c0f4dc0ba62,2025-06-26,14:29,BCP บางจาก พระโขนง,เติมเงินบัตร BTS รายเดือน,90.1,transport,False,False,routine,False,bcp บาง จาก พระ โขนง เติม เงิน บัตร bts รายเดือน
8784c2a0-0fff-4abf-8162-a45ced5c476d,2025-06-26,16:22,โอนร่วมบุญผ้าป่าวัดป่า,โอนเงิน,489.32,other,True,True,wants,False,โอน ร่วม บุญ ผ้าป่า วัด ป่า โอน เงิน
cda42d14-0656-4638-b190-b1c50c78a0f0,2025-09-21,09:19,Amazon Cafe PTT,จ่ายเงิน,65.34,food,False,False,routine,False,amazon cafe ptt จ่าย เงิน
1b034066-c17a-4628-afad-27da93192b69,2025-07-31,22:19,Tops Supermarket All Seasons,ซื้อของใช้จำเป็นในห้องน้ำ,485.26,shopping,False,False,routine,False,tops supermarket all seasons ซื้อ ของใช้ จำเป็น ใน ห้องน้ำ
385be6d1-5aa6-43a8-9f2e-a7b4632ff5d3,2025-07-29,08:35,Starbucks Reserve,ยอดตัดบัญชี,642.37,food,True,False,wants,False,starbucks reserve ยอด ตัด บัญชี
161f438e-86a5-4c76-9200-bc8c44741101,2025-01-11,00:02,GrabCar Premium Bangkok,จองตั๋วเครื่องบินไปเที่ยวภูเก็ต,773.92,transport,True,False,wants,False,grabcar premium bangkok จองตั๋ว เครื่องบิน ไปเที่ยว ภูเก็ต
6f66338a-3bef-4d22-aa95-4f31b227824b,2025-12-13,08:07,ร้านส้มตำเจ๊ไก่ รัชดา,เคลียร์ยอด,187.28,food,False,False,routine,False,ร้าน ส้มตำ เจ๊ ไก่ รัชดา เคลียร์ ยอด
dfe794a6-eacc-4966-b6e9-532c6f144ca2,2025-07-07,12:34,AirAsia Flight Booking,Grab VIP เดินทางไปสนามบิน,824.36,transport,True,False,wants,False,airasia flight booking grab vip เดินทาง ไป สนามบิน
87d6101e-c1ee-48f4-af5c-28c3c2b96913,2025-07-20,00:13,Big C Supercenter รัชดา,กล่องเก็บของและอุปกรณ์อเนกประสงค์,296.14,shopping,False,False,routine,False,big c supercenter รัชดา กล่อง เก็บ ของ และ อุปกรณ์ อเนกประสงค์
bca4f437-c547-4cff-8142-cfabf2335938,2025-05-25,01:05,Central Online Shopping,สั่งของเล่น Art Toy กล่องสุ่มไลฟ์ดึก,1082.65,shopping,True,True,impulse_online,False,central online shopping สั่ง ของเล่น art toy กล่อง สุ่ม ไลฟ์ ดึก
b60202a1-1ec9-4e9a-9a20-062b87d6b09c,2025-07-03,17:09,McDonald's EmQuartier,เบอร์เกอร์เนื้อทรัฟเฟิล,920.18,food,True,False,wants,False,mcdonald s emquartier เบอร์เกอร์ เนื้อ ทรัฟเฟิล
a8526a86-bbec-49e9-8315-551da11d5cec,2025-10-08,13:20,Gourmet Market Siam Paragon,ซื้อของใช้จำเป็นในห้องน้ำ,381.06,shopping,False,False,routine,False,gourmet market siam paragon ซื้อ ของใช้ จำเป็น ใน ห้องน้ำ
862edbd5-0195-4e5d-8f91-be331ea358af,2025-04-20,02:28,GrabFood - ชานมไข่มุก KOI The,พิซซ่าถาดกลางหนานุ่มส่งรอบเที่ยงคืน,347.51,food,True,True,impulse_delivery,False,grabfood ชา นม ไข่มุก koi the พิซซ่า ถาด กลาง หนา นุ่ม ส่ง รอบ เที่ยงคืน
2f5221d5-62a2-4218-b4fa-e155bc267780,2025-08-25,07:30,Boots Pharmacy พระราม 9,กล่องเก็บของและอุปกรณ์อเนกประสงค์,190.77,shopping,False,False,routine,False,boots pharmacy พระราม 9 กล่อง เก็บ ของ และ อุปกรณ์ อเนกประสงค์
e3bef50d-4ba9-4c03-96d3-c5d8a4866dd6,2025-07-26,00:16,GrabFood - ชานมไข่มุก KOI The,เบอร์เกอร์ชุดใหญ่เฟรนช์ฟรายส์ดึก,375.32,food,True,True,impulse_delivery,False,grabfood ชา นม ไข่มุก koi the เบอร์เกอร์ ชุด ใหญ่ เฟรนช์ ฟรายส์ ดึก
73e07eed-c13d-4475-9504-48f9da82243f,2025-02-06,15:18,Uniqlo Central Rama 9,หนังสือแปลและนวนิยายขายดี,856.81,shopping,True,False,wants,False,uniqlo central rama 9 หนังสือ แปล และ นวนิยาย ขายดี
a9e9dc9c-9990-47ee-b539-0846a93a97f2,2025-02-24,22:55,ร้านข้าวราดแกงเมืองตรัง,ข้าวราดแกง 2 อย่างไข่ต้ม,153.74,food,False,False,routine,False,ร้าน ข้าวราดแกง เมือง ตรัง ข้าวราดแกง 2 อย่าง ไข่ต้ม
fbaf3c08-a125-4e93-989c-6c398189550c,2025-06-20,07:43,GrabCar Premium Bangkok,เรียกรถ GrabCar ไปปาร์ตี้,1408.11,transport,True,False,wants,False,grabcar premium bangkok เรียก รถ grabcar ไป ปาร์ตี้
b377324e-89ec-44d2-a7cb-ee8cd6b96f35,2025-11-25,15:40,บัตรเครดิต SCB CardX,ไม่ระบุ,1441.76,bills,False,False,routine,False,บัตรเครดิต scb cardx ไม่ ระบุ
a0964a4d-bc6c-4e4c-a16a-16613b8284d9,2025-12-07,13:17,ข้าวมันไก่ตอนประตูน้ำ,กะเพราหมูกรอบไข่ดาวไม่สุก,137.92,food,False,False,routine,False,ข้าวมัน ไก่ตอน ประตูน้ำ กะเพรา หมูกรอบ ไข่ดาว ไม่ สุก
b475763e-1ff0-4dc8-b3df-d26fd09056d3,2025-11-18,12:23,H&M EmQuartier,xxx,2500.89,shopping,True,False,wants,False,h m emquartier xxx
8395b80b-028b-4ac1-8a54-406c1233398c,2025-10-06,09:30,ข้าวมันไก่ตอนประตูน้ำ,พร้อมเพย์,65.8,food,False,False,routine,False,ข้าวมัน ไก่ตอน ประตูน้ำ พร้อม เพย์
ba6265ea-1e12-4679-8b5c-c4c741540760,2025-01-13,10:46,Tops Supermarket All Seasons,ซื้อของใช้จำเป็นในห้องน้ำ,230.47,shopping,False,False,routine,False,tops supermarket all seasons ซื้อ ของใช้ จำเป็น ใน ห้องน้ำ
58541087-916b-4082-89e1-9df17de91de7,2025-11-01,02:59,Foodpanda - Pizza Hut Delivery,พิซซ่าถาดกลางหนานุ่มส่งรอบเที่ยงคืน,629.16,food,True,True,impulse_delivery,False,foodpanda pizza hut delivery พิซซ่า ถาด กลาง หนา นุ่ม ส่ง รอบ เที่ยงคืน
f722d8d1-65b7-4e0e-8ac7-7a066948e39a,2025-09-16,16:42,ปตท. PTT Station สาขา 1,M-Flow ชำระค่าผ่านทางด่วน,54.73,transport,False,False,routine,False,ปตท ptt station สาขา 1 m flow ชำระ ค่า ผ่าน ทางด่วน
24d19d6e-087a-410b-a4d9-83ce46e05d81,2025-10-13,13:04,ทางด่วน กทพ. Easy Pass,-,118.7,transport,False,False,routine,False,ทางด่วน กทพ easy pass
848ee610-0484-47a1-9e6b-948afc0b7302,2025-10-27,10:43,โอนร่วมบุญผ้าป่าวัดป่า,ร่วมบริจาคอาหารสุนัขแมวจรจัด,84.19,other,True,True,wants,False,โอน ร่วม บุญ ผ้าป่า วัด ป่า ร่วม บริจาค อาหาร สุนัข แมว จรจัด
75ebbe7b-4c8e-457e-a0b2-7765b86fd1ef,2025-02-28,16:23,7-Eleven สาขาอโศก,ข้าวมันไก่เนื้อน่องไม่หนัง,141.0,food,False,False,routine,False,7 eleven สาขา อโศก ข้าวมันไก่ เนื้อ น่อง ไม่ หนัง
c247eddd-0847-4eb0-a519-17302401e587,2025-07-05,02:40,Caltex เอกมัย,เติมน้ำมันมอเตอร์ไซค์เต็มถัง,92.47,transport,False,False,routine,False,caltex เอกมัย เติมน้ำมัน มอเตอร์ไซค์ เต็ม ถัง
1f1d3a43-8716-4c14-90dd-baa344311536,2025-12-13,15:22,ร้านข้าวราดแกงเมืองตรัง,ข้าวต้มปลาอินทรีย์รอบค่ำ,215.11,food,False,False,routine,False,ร้าน ข้าวราดแกง เมือง ตรัง ข้าวต้ม ปลา อินทรีย์ รอบ ค่ำ
f9e88e5b-822c-4ea0-bca6-4a7db8edbd5b,2025-09-14,19:27,Boots Pharmacy พระราม 9,ชำระเงิน,171.85,shopping,False,False,routine,False,boots pharmacy พระราม 9 ชำระเงิน
47c2a2ca-2939-49e9-ba42-5722c1374088,2025-06-05,17:16,ร้านข้าวต้มรอบดึก กวงเฮง,Iced Black Coffee หวานน้อย,172.86,food,False,False,routine,False,ร้าน ข้าวต้ม รอบ ดึก กวง เฮง iced black coffee หวาน น้อย
652caf2d-242d-4ae2-8104-d0851e38abf4,2025-02-01,18:01,นิติบุคคลอาคารชุด ดิ ไอริส,ชำระค่าน้ำประปานครหลวง,3013.07,bills,False,False,routine,False,นิติบุคคล อาคารชุด ดิ ไอ ริ ส ชำระ ค่า น้ำประปา นครหลวง
1583a39f-208e-4f22-b6ee-28d6e162fefb,2025-09-09,17:01,ธนาคารกสิกรไทย K-Mobile,ค่าธรรมเนียมธุรกรรมธนาคาร,147.44,other,False,False,routine,False,ธนาคาร กสิกร ไทย k mobile ค่าธรรมเนียม ธุรกรรม ธนาคาร
deb23d88-c688-411a-9d68-17053155011d,2025-10-24,08:07,Steam Games Store,Spotify Individual Subscription,1285.07,entertainment,True,False,wants,False,steam games store spotify individual subscription
4eb3ab84-664b-4507-8e67-53ba49c58377,2025-02-19,17:53,BTS Skytrain อโศก,-,98.25,transport,False,False,routine,False,bts skytrain อโศก
f2ed6eb2-0e71-4597-9ca2-0235a675b047,2025-08-24,23:22,McDonald's EmQuartier,เบอร์เกอร์เนื้อทรัฟเฟิล,324.25,food,True,False,wants,False,mcdonald s emquartier เบอร์เกอร์ เนื้อ ทรัฟเฟิล
571b256d-289c-495b-bed6-e82dd24fe988,2026-01-01,13:12,Nintendo eShop,ซื้อเกมลดราคาบน Steam Store,1667.8,entertainment,True,False,wants,False,nintendo eshop ซื้อ เกม ลดราคา บน steam store
64cb3e2c-5cbb-4aea-b8e1-7f18dcd20ccf,2025-12-05,12:57,ที่จอดรถ อาคารเสริมมิตร,เติมน้ำมันดีเซลเต็มถัง,114.35,transport,False,False,routine,False,ที่จอดรถ อาคาร เสริม มิตร เติม น้ำมันดีเซล เต็ม ถัง
547f0bb6-d306-46b4-b3f5-9fb36b10cc0e,2025-07-02,12:45,Boots Pharmacy พระราม 9,ซื้อยาแก้แพ้และวิตามินซีรวม,377.14,shopping,False,False,routine,False,boots pharmacy พระราม 9 ซื้อ ยา แก้ แพ้ และ วิตามิน ซี รวม
88b8a372-6b85-41e7-95d2-efad08bcc05f,2025-09-03,09:27,ร้านอาหารตามสั่งลุงหนวด,ข้าวมันไก่เนื้อน่องไม่หนัง,98.98,food,False,False,routine,False,ร้านอาหาร ตาม สั่ง ลุง หนวด ข้าวมันไก่ เนื้อ น่อง ไม่ หนัง
887a337e-b7aa-4c3a-886c-767efb298c6a,2025-09-01,23:38,ตู้เติมเงิน บุญเติม,ส่งพัสดุเอกสารด่วน,381.23,other,False,False,routine,False,ตู้ เติม เงิน บุญ เติม ส่ง พัสดุ เอกสาร ด่วน
122a1e88-345f-48df-aa91-4c43498568bd,2025-01-05,14:14,GrabCar Premium Bangkok,เช่ารถขับเที่ยวกับเพื่อน,1553.41,transport,True,False,wants,False,grabcar premium bangkok เช่า รถ ขับ เที่ยว กับ เพื่อน
4b0d899f-b4c9-4d89-8b93-3801af28eb67,2025-10-05,11:24,ร้านข้าวราดแกงเมืองตรัง,บะหมี่เกี๊ยวหมูแดงแห้ง,190.28,food,False,False,routine,False,ร้าน ข้าวราดแกง เมือง ตรัง บะหมี่ เกี๊ยว หมูแดง แห้ง
7997f83d-912d-4e1a-bc21-16e4a19d274e,2025-09-01,10:45,TrueMove H Postpaid,โอนค่าเช่าคอนโดประจำเดือน,2835.31,bills,False,False,routine,False,truemove h postpaid โอน ค่าเช่า คอนโด ประจำเดือน
45d22954-731b-458e-84a2-b7d0c6cca11d,2025-02-20,17:46,Shell Station สุขุมวิท,จ่ายผ่านแอป,73.92,transport,False,False,routine,False,shell station สุขุมวิท จ่าย ผ่าน แอ ป
70122c39-6c22-474c-b4b4-e32f0713d0f3,2025-12-21,08:23,McDonald's EmQuartier,ปิ้งย่างบาร์บีคิวฉลองปิดโปรเจกต์,657.16,food,True,False,wants,False,mcdonald s emquartier ปิ้ง ย่าง บาร์บีคิว ฉลอง ปิด โปรเจกต์
3d75fa53-48ca-47c0-9874-9c0f90339add,2025-02-18,20:49,ทางด่วน กทพ. Easy Pass,จ่ายผ่านแอป,86.02,transport,False,False,routine,False,ทางด่วน กทพ easy pass จ่าย ผ่าน แอ ป
68b2e291-ee28-4c57-9cc8-e75f4b0307ba,2025-11-25,16:26,Muji Central Chidlom,เสื้อเบลเซอร์ทำงานคอลใหม่,2886.42,shopping,True,False,wants,False,muji central chidlom เสื้อ เบล เซอร์ ทำงาน คอ ล ใหม่
5f8506b3-6909-4bb4-806a-89fb6fc7d4f6,2025-03-02,16:56,Bar B Q Plaza,เบอร์เกอร์เนื้อทรัฟเฟิล,535.48,food,True,False,wants,False,bar b q plaza เบอร์เกอร์ เนื้อ ทรัฟเฟิล
4a4edcfc-2770-4f96-af32-6585dbb2c333,2025-11-12,10:57,Big C Supercenter รัชดา,ซื้อของใช้จำเป็นในห้องน้ำ,274.61,shopping,False,False,routine,False,big c supercenter รัชดา ซื้อ ของใช้ จำเป็น ใน ห้องน้ำ
f619ba6c-5535-4d16-8f38-66c0fdf24b30,2025-09-24,13:30,วัดสระเกศราชวรมหาวิหาร,โอนเงินคืนค่าแท็กซี่หารกัน,293.06,other,False,False,routine,False,วัด สระ เกศ ราชวรมหาวิหาร โอน เงิน คืน ค่า แท็กซี่ หาร กัน
ca083edb-5239-4865-8ebf-9d941c725797,2025-02-22,00:20,ค่าธรรมเนียมถอนเงินข้ามเขต,โอนเงินส่วนตัวเข้าบัญชีออมทรัพย์,323.59,other,False,False,routine,False,ค่าธรรมเนียม ถอนเงิน ข้าม เขต โอน เงิน ส่วนตัว เข้า บัญชีออมทรัพย์
bf5a2716-0e81-45ac-be34-01be8a33a91f,2025-03-27,11:45,โอนเงินบริจาคมูลนิธิสุนัขจรจัด,ร่วมบุญสร้างโรงพยาบาลสงฆ์,279.09,other,True,True,wants,False,โอน เงินบริจาค มูลนิธิ สุนัขจรจัด ร่วม บุญ สร้าง โรงพยาบาล สงฆ์
8b4a9473-de3e-4222-aef5-22158c4bd58e,2025-02-15,01:20,Lazada 9.9 Official Store,ช้อปปิ้งออนไลน์ช่วงลดราคาเที่ยงคืน,1559.38,shopping,True,True,impulse_online,False,lazada 9 9 official store ช้อปปิ้ง ออนไลน์ ช่วง ลดราคา เที่ยงคืน
2a214c28-cff2-40ba-8222-ac1f190975db,2025-07-13,08:02,Line Man Taxi VIP,จองตั๋วเครื่องบินไปเที่ยวภูเก็ต,577.53,transport,True,False,wants,False,line man taxi vip จองตั๋ว เครื่องบิน ไปเที่ยว ภูเก็ต
3ea17a64-b76e-4728-8cd2-5bed5cf8bac0,2025-05-20,15:34,Uniqlo Central Rama 9,กระเป๋าผ้าแบรนด์ยอดฮิต,882.39,shopping,True,False,wants,False,uniqlo central rama 9 กระเป๋า ผ้า แบรนด์ ยอดฮิต
79a9e28a-becc-4392-8fe5-63f0708eb76f,2025-02-25,16:07,Lotus's สุขุมวิท 50,กล่องเก็บของและอุปกรณ์อเนกประสงค์,409.23,shopping,False,False,routine,False,lotus s สุขุมวิท 50 กล่อง เก็บ ของ และ อุปกรณ์ อเนกประสงค์
dc1e7709-e53a-446d-a867-9ebf4912ca41,2025-06-30,16:27,ร้านข้าวราดแกงเมืองตรัง,ข้าวต้มปลาอินทรีย์รอบค่ำ,208.9,food,False,False,routine,False,ร้าน ข้าวราดแกง เมือง ตรัง ข้าวต้ม ปลา อินทรีย์ รอบ ค่ำ
0b27085a-0974-4de8-bba4-1ae244da3555,2025-01-13,19:57,ร้านอาหารตามสั่งลุงหนวด,ข้าวราดแกง 2 อย่างไข่ต้ม,50.34,food,False,False,routine,False,ร้านอาหาร ตาม สั่ง ลุง หนวด ข้าวราดแกง 2 อย่าง ไข่ต้ม
0c68247c-22dc-4984-a689-f3b6703f0b78,2025-10-12,12:05,PromptPay โอนเงินส่วนตัว,ไม่ระบุ,247.65,other,True,False,wants,False,promptpay โอน เงิน ส่วนตัว ไม่ ระบุ
2f729dfd-f8e3-4a95-9459-40c4322cea7a,2025-01-24,07:48,Steam Games Store,พร้อมเพย์,926.33,entertainment,True,False,wants,False,steam games store พร้อม เพย์
388ded56-90f6-4f2e-b260-a177000b28f9,2025-04-24,19:15,ร้านข้าวราดแกงเมืองตรัง,กะเพราหมูกรอบไข่ดาวไม่สุก,59.4,food,False,False,routine,False,ร้าน ข้าวราดแกง เมือง ตรัง กะเพรา หมูกรอบ ไข่ดาว ไม่ สุก
726c6979-8aac-4537-bab4-7c07b2079929,2025-08-22,19:44,NT Broadband Thailand,ค่าโทรศัพท์และบรอดแบนด์,3426.34,bills,False,False,routine,False,nt broadband thailand ค่าโทรศัพท์ และ บรอดแบนด์
13763a8f-8715-426b-b90c-c741c4977493,2025-09-28,10:10,McDonald's EmQuartier,Shibuya Honey Toast และชาร้อน,857.63,food,True,False,wants,False,mcdonald s emquartier shibuya honey toast และ ชาร้อน
4770a439-8b92-4857-822e-36231d0ac631,2025-12-15,07:26,Board Game Cafe Ari,เกมดิจิทัล Nintendo Switch,603.37,entertainment,True,False,wants,False,board game cafe ari เกม ดิจิทัล nintendo switch
e3d22431-9105-4409-8235-de7aa15c05fd,2025-04-20,14:30,Muji Central Chidlom,เสื้อผ้าแฟชั่นเกาหลีแมตช์ชุด,1851.7,shopping,True,False,wants,False,muji central chidlom เสื้อผ้า แฟชั่น เกาหลี แมตช์ ชุด
7b3011aa-2af4-4041-905a-8d5ed348031b,2025-08-15,15:56,ทางด่วน กทพ. Easy Pass,Easy Pass เติมเงินทางด่วน,55.24,transport,False,False,routine,False,ทางด่วน กทพ easy pass easy pass เติม เงิน ทางด่วน
dfd16a60-eaf4-49e7-b41e-4d38275ffbc2,2025-02-05,07:38,บัตรเครดิต KTC Visa,ชำระบิลบัตรเครดิตรายเดือน,877.33,bills,False,False,routine,False,บัตรเครดิต ktc visa ชำ ระบิล บัตรเครดิต รายเดือน
55364513-19bc-4b78-a130-fbf10ca4c025,2025-09-12,11:33,The Beer Bar Sukhumvit 11,โอน,1038.18,entertainment,True,False,wants,False,the beer bar sukhumvit 11 โอน
e49c4132-ec02-41ff-8ef9-1ec8a6a33a90,2025-01-31,20:17,IKEA Bangna,สกินแคร์เซรั่มบำรุงผิวหน้า,2871.44,shopping,True,False,wants,False,ikea bangna ส กิน แคร์ เซ รั่ม บำรุง ผิวหน้า
9135a748-b8b0-4f95-a204-8b95b4d1c268,2025-09-27,23:36,Foodpanda - Pizza Hut Delivery,ยำแซลมอนกุ้งสด สั่งตอนหิวรอบดึก,627.62,food,True,True,impulse_delivery,False,foodpanda pizza hut delivery ยำ แซลมอน กุ้ง สด สั่ง ตอน หิว รอบ ดึก
d60114f2-8ebd-43a6-b1a7-b0d0988160a8,2025-10-07,09:33,Bolt Taxi Express,แกร็บ VIP เดินทางไปสนามบิน,703.48,transport,True,False,wants,False,bolt taxi express แกร็บ vip เดินทาง ไป สนามบิน
c5d30faa-4a30-49e9-a867-afebbe0e84a5,2025-05-23,17:38,Gentlewoman Store,สกินแคร์เซรั่มบำรุงผิวหน้า,1830.62,shopping,True,False,wants,False,gentlewoman store ส กิน แคร์ เซ รั่ม บำรุง ผิวหน้า
fc0beaf4-4cd6-40fa-b8cc-3f2a911a0bcb,2025-03-02,10:02,NT Broadband Thailand,ค่าบริการอินเทอร์เน็ตบ้านไฟเบอร์,4240.25,bills,False,False,routine,False,nt broadband thailand ค่าบริการ อินเทอร์เน็ต บ้าน ไฟเบอร์
6acceebf-818c-4981-b245-cc434a70bc03,2025-07-01,21:47,ร้านอาหารตามสั่งลุงหนวด,xxx,216.99,food,False,False,routine,False,ร้านอาหาร ตาม สั่ง ลุง หนวด xxx
e937d462-c5bd-4c91-8cb4-81abbf937b3b,2025-03-21,17:57,BTS Skytrain อโศก,ชำระเงิน,26.55,transport,False,False,routine,False,bts skytrain อโศก ชำระเงิน
4c3deb46-3df8-4c30-990b-db84b7cbb34b,2025-07-21,08:44,Gourmet Market Siam Paragon,ซื้อยาแก้แพ้และวิตามินซีรวม,253.88,shopping,False,False,routine,False,gourmet market siam paragon ซื้อ ยา แก้ แพ้ และ วิตามิน ซี รวม
8981bc48-90b9-479b-a279-477e4e13ac13,2025-10-20,08:07,Amazon Cafe PTT,ส้มตำไทยคอหมูย่าง,170.0,food,False,False,routine,False,amazon cafe ptt ส้มตำ ไทย คอ หมู ย่าง
f46e8771-e402-41d7-8508-e807d1e96d8b,2025-03-08,17:36,Spotify Premium TH,ตั๋วชมภาพยนตร์รอบค่ำ,529.11,entertainment,True,False,wants,False,spotify premium th ตั๋ว ชม ภาพยนตร์ รอบ ค่ำ
78be9dad-cf50-4241-bea1-6d1cc7a2bcf7,2025-12-13,17:43,Starbucks Reserve,เบอร์เกอร์เนื้อทรัฟเฟิล,528.58,food,True,False,wants,False,starbucks reserve เบอร์เกอร์ เนื้อ ทรัฟเฟิล
2a87a4f5-d66b-4252-b5d2-85335a843498,2025-01-24,15:11,ชายสี่บะหมี่เกี๊ยว,แซนด์วิชทูน่ามื้อเช้า,243.81,food,False,False,routine,False,ชาย สี่ บะหมี่ เกี๊ยว แซนด์วิช ทูน่า มื้อ เช้า
57014193-2ff0-4051-b225-bee42d8efee1,2025-10-11,17:23,Momoparadise Central Rama 9,เบอร์เกอร์เนื้อทรัฟเฟิล,1083.54,food,True,False,wants,False,momoparadise central rama 9 เบอร์เกอร์ เนื้อ ทรัฟเฟิล
f7c57134-455e-433a-83a0-dd2bf28b7a52,2025-08-07,13:56,Starbucks Reserve,เบอร์เกอร์เนื้อทรัฟเฟิล,938.84,food,True,False,wants,False,starbucks reserve เบอร์เกอร์ เนื้อ ทรัฟเฟิล
9241849e-c8d9-4ed2-a7e3-88479f70853b,2025-11-30,18:33,ตู้เติมเงิน บุญเติม,เติมเงินมือถือระบบเติมเงิน,191.88,other,False,False,routine,False,ตู้ เติม เงิน บุญ เติม เติม เงิน มือถือ ระบบ เติม เงิน
1fa97a32-01e5-44b1-9ada-8c61296333ca,2025-02-23,18:21,ชายสี่บะหมี่เกี๊ยว,ข้าวต้มปลาอินทรีย์รอบค่ำ,229.75,food,False,False,routine,False,ชาย สี่ บะหมี่ เกี๊ยว ข้าวต้ม ปลา อินทรีย์ รอบ ค่ำ
5bc4d7da-7e56-473a-b98b-eb052b11ffbb,2025-09-13,09:33,Big C Supercenter รัชดา,ผลไม้นำเข้าและนมจืด,380.44,shopping,False,False,routine,False,big c supercenter รัชดา ผลไม้ นำเข้า และ นม จืด
11323ae9-900a-462f-aeff-2442783b9ddc,2025-08-25,22:14,วินมอเตอร์ไซค์ ซอยสุขุมวิท 21,ค่ารถตู้ไปทำงานอนุสาวรีย์,57.36,transport,False,False,routine,False,วิน มอเตอร์ไซค์ ซอย สุขุมวิท 21 ค่า รถตู้ ไป ทำงาน อนุสาวรีย์
cc7f8aea-9ec3-4e42-96f3-6f6f7c40b8bb,2025-05-13,17:50,Steam Games Store,ตั๋วชมภาพยนตร์รอบค่ำ,228.72,entertainment,True,False,wants,False,steam games store ตั๋ว ชม ภาพยนตร์ รอบ ค่ำ
ba358ef7-4c5a-4ec2-8432-cfad0be5a187,2025-08-02,22:39,Shell Station สุขุมวิท,ค่าวินมอไซค์ไปต่อรถไฟฟ้า,26.98,transport,False,False,routine,False,shell station สุขุมวิท ค่า วิน มอไซค์ ไป ต่อ รถไฟฟ้า
961c22a4-0693-4587-bb2f-72de0c591073,2025-04-10,15:41,BTS Skytrain อโศก,พร้อมเพย์,86.5,transport,False,False,routine,False,bts skytrain อโศก พร้อม เพย์
a448c1e9-785d-4de4-9422-956f43ff2568,2025-03-16,16:58,Spotify Premium TH,จ่ายเงิน,543.64,entertainment,True,False,wants,False,spotify premium th จ่าย เงิน
c69aff2f-0bc3-4b85-ac8e-334826db5fda,2025-05-21,20:52,Line Man Taxi VIP,เรียกรถ GrabCar ไปปาร์ตี้,811.38,transport,True,False,wants,False,line man taxi vip เรียก รถ grabcar ไป ปาร์ตี้
e4d1400e-2417-4367-ba5f-a89eb9c167f5,2025-10-14,20:22,McDonald's EmQuartier,สุกี้ชาบูเนื้อวากิวไม่อั้น,976.83,food,True,False,wants,False,mcdonald s emquartier สุกี้ ชาบู เนื้อ วา กิว ไม่ อั้น
0b5e9da3-20c6-43c9-9b2a-ea7e37d76496,2025-07-29,22:19,H&M EmQuartier,ลิปสติกและพาเลตต์อายแชโดว์,1760.04,shopping,True,False,wants,False,h m emquartier ลิปสติก และ พา เลตต์ อายแชโดว์
6f72f1c2-6813-4870-ac8b-442ecaac3dc2,2025-06-30,22:47,ATM KBank หน้าคอนโด,ถอนเงินสดใช้จ่ายเบ็ดเตล็ด,453.05,other,False,False,routine,False,atm kbank หน้า คอนโด ถอน เงินสด ใช้จ่าย เบ็ดเตล็ด
beff62c7-e0a2-458b-a870-c0c01f76f71f,2025-08-03,13:30,NT Broadband Thailand,ชำระค่าส่วนกลางคอนโดมิเนียม,1003.05,bills,False,False,routine,False,nt broadband thailand ชำระ ค่า ส่วนกลาง คอนโดมิเนียม
b7b0d90a-05ee-4394-b252-7752ad93e1ed,2025-05-28,09:24,นิติบุคคลอาคารชุด ดิ ไอริส,เบี้ยประกันสุขภาพรายเดือน,936.59,bills,False,False,routine,False,นิติบุคคล อาคารชุด ดิ ไอ ริ ส เบี้ยประกัน สุขภาพ รายเดือน
2eac3af9-ff7f-4c51-b474-8b17f0cac664,2025-05-17,23:11,BCP บางจาก พระโขนง,ชำระเงิน,94.08,transport,False,False,routine,False,bcp บาง จาก พระ โขนง ชำระเงิน
7737abbf-8b0a-4b9c-96f3-7c8bb922ce3c,2025-07-07,18:06,Big C Supercenter รัชดา,พร้อมเพย์,307.27,shopping,False,False,routine,False,big c supercenter รัชดา พร้อม เพย์
8e5521d5-f2ff-4ef3-a175-16c765c933b1,2025-04-23,20:38,ที่จอดรถ อาคารเสริมมิตร,Easy Pass เติมเงินทางด่วน,91.64,transport,False,False,routine,False,ที่จอดรถ อาคาร เสริม มิตร easy pass เติม เงิน ทางด่วน
d178dd75-0dbb-4837-a075-ba5dce5b77e6,2025-05-07,13:02,โจ๊กสามย่าน สาขา 2,โจ๊กหมูใส่ไข่เยี่ยวม้า,173.04,food,False,False,routine,False,โจ๊ก สามย่าน สาขา 2 โจ๊ก หมู ใส่ ไข่เยี่ยวม้า
5cf83b75-0dc3-4687-8458-b8b77f7db361,2025-08-18,09:49,ร้านส้มตำเจ๊ไก่ รัชดา,ชำระเงิน,165.79,food,False,False,routine,False,ร้าน ส้มตำ เจ๊ ไก่ รัชดา ชำระเงิน
a16e73ae-93e0-4556-b522-50f90310a850,2025-07-01,09:12,วินมอเตอร์ไซค์ ซอยสุขุมวิท 21,พร้อมเพย์,52.4,transport,False,False,routine,False,วิน มอเตอร์ไซค์ ซอย สุขุมวิท 21 พร้อม เพย์
88b2c4c6-e581-47c6-9555-5d89d7189f70,2025-06-04,13:37,ร้านส้มตำเจ๊ไก่ รัชดา,บะหมี่เกี๊ยวหมูแดงแห้ง,170.24,food,False,False,routine,False,ร้าน ส้มตำ เจ๊ ไก่ รัชดา บะหมี่ เกี๊ยว หมูแดง แห้ง
37a02bcd-5401-4aa0-bb83-8b5032b55bf7,2025-05-29,07:35,ปตท. PTT Station สาขา 2,เติมน้ำมันมอเตอร์ไซค์เต็มถัง,62.32,transport,False,False,routine,False,ปตท ptt station สาขา 2 เติมน้ำมัน มอเตอร์ไซค์ เต็ม ถัง
d7128116-57df-41b2-a46f-d95b16cdb7a8,2025-01-18,18:04,PlayStation Network TH,Netflix Premium รายเดือน 4K,1506.85,entertainment,True,False,wants,False,playstation network th netflix premium รายเดือน 4 k
988d732d-9bb6-4baf-92df-dc6fdb1bbbc4,2025-06-04,08:42,Tops Supermarket All Seasons,ซื้อของใช้จำเป็นในห้องน้ำ,135.08,shopping,False,False,routine,False,tops supermarket all seasons ซื้อ ของใช้ จำเป็น ใน ห้องน้ำ
7104d8c1-067e-4896-a050-509f142a6742,2025-01-07,08:10,Momoparadise Central Rama 9,เซ็ตซูชิพรีเมียมแซลมอน 5 คำ,995.87,food,True,False,wants,False,momoparadise central rama 9 เซ็ต ซูชิ พรีเมียม แซลมอน 5 คำ
87df97fb-4770-4dd4-85fa-1b40a7287556,2025-11-01,02:44,Central Online Shopping,ช้อปปิ้งออนไลน์ช่วงลดราคาเที่ยงคืน,1320.9,shopping,True,True,impulse_online,False,central online shopping ช้อปปิ้ง ออนไลน์ ช่วง ลดราคา เที่ยงคืน
bc315418-98c5-4806-9579-d0af9783e347,2025-02-19,18:08,โจ๊กสามย่าน สาขา 2,แซนด์วิชทูน่ามื้อเช้า,203.56,food,False,False,routine,False,โจ๊ก สามย่าน สาขา 2 แซนด์วิช ทูน่า มื้อ เช้า
2838c74f-3a11-49e7-bfcc-3cea141093a2,2025-06-01,02:25,BCP บางจาก พระโขนง,ค่าวินมอไซค์ไปต่อรถไฟฟ้า,52.97,transport,False,False,routine,False,bcp บาง จาก พระ โขนง ค่า วิน มอไซค์ ไป ต่อ รถไฟฟ้า
fa6f5f3d-13b2-44c7-9ace-d0ffe36976f8,2025-12-11,14:56,ATM KBank หน้าคอนโด,ค่าธรรมเนียมธุรกรรมธนาคาร,270.67,other,False,False,routine,False,atm kbank หน้า คอนโด ค่าธรรมเนียม ธุรกรรม ธนาคาร
d86ece6a-9c4d-4d17-9cad-d54926e4534b,2025-02-14,19:52,วัดสระเกศราชวรมหาวิหาร,โอนเงินคืนเพื่อนค่าอาหารกลางวัน,127.91,other,False,False,routine,False,วัด สระ เกศ ราชวรมหาวิหาร โอน เงิน คืน เพื่อน ค่า อาหารกลางวัน
0085d948-f4a1-4f1e-86ae-0f8da87361b4,2025-03-24,13:51,AirAsia Flight Booking,ตั๋วบินเชียงใหม่สุดสัปดาห์,1955.42,transport,True,False,wants,False,airasia flight booking ตั๋ว บิน เชียงใหม่ สุดสัปดาห์
5693d89c-43f1-4e24-8afc-0b092ca5da9d,2025-07-06,07:54,โอนเงินบริจาคมูลนิธิสุนัขจรจัด,ร่วมบุญสร้างโรงพยาบาลสงฆ์,444.03,other,True,False,wants,False,โอน เงินบริจาค มูลนิธิ สุนัขจรจัด ร่วม บุญ สร้าง โรงพยาบาล สงฆ์
ce13186e-6df8-482f-9722-a63f29a99d67,2025-08-20,08:27,Bolt Taxi Express,Grab VIP เดินทางไปสนามบิน,2006.11,transport,True,False,wants,False,bolt taxi express grab vip เดินทาง ไป สนามบิน
2067e011-fbcd-4d70-9ddf-c23d10b62709,2025-03-30,12:17,Bolt Taxi Express,เรียกรถ GrabCar ไปปาร์ตี้,1619.05,transport,True,False,wants,False,bolt taxi express เรียก รถ grabcar ไป ปาร์ตี้
35a53f3b-67f5-4e14-918b-45abe5c7bf28,2025-02-16,01:23,ค่าเช่าคอนโด ลุมพินีทาวเวอร์,พร้อมเพย์,2473.0,bills,False,False,routine,False,ค่าเช่า คอนโด ลุมพินี ทาวเวอร์ พร้อม เพย์
9c5bdaf1-0834-4204-b3af-b0236eeb16b9,2025-03-31,14:10,Line Man Taxi VIP,นั่ง Taxi Express ช่วงฝนตก,2077.46,transport,True,False,wants,False,line man taxi vip นั่ง taxi express ช่วง ฝนตก
2ebe74b4-86f2-4164-a64c-64df214320f5,2025-02-06,13:48,Big C Supercenter รัชดา,-,371.39,shopping,False,False,routine,False,big c supercenter รัชดา
dbf62343-65d3-4724-8cb0-f2fd4828773e,2025-04-12,00:57,Lineman - ยำกุ้งสดแซ่บลืมผัว,ชานมไข่มุก golden bubble x2,896.72,food,True,True,impulse_delivery,False,lineman ยำ กุ้ง สด แซ่บ ลืม ผัว ชา นม ไข่มุก golden bubble x 2
d25c0a54-50dc-4f06-8c56-2a62b4842f8f,2025-03-12,07:46,ร้านข้าวราดแกงเมืองตรัง,ข้าวกล่องเซเว่นพร้อมน้ำดื่ม,108.27,food,False,False,routine,False,ร้าน ข้าวราดแกง เมือง ตรัง ข้าว กล่อง เซเว่น พร้อม น้ำดื่ม
78e0ca7d-d0ed-48bd-a9df-a60d7dc54631,2025-06-18,15:03,Tops Supermarket All Seasons,ซื้อยาแก้แพ้และวิตามินซีรวม,362.53,shopping,False,False,routine,False,tops supermarket all seasons ซื้อ ยา แก้ แพ้ และ วิตามิน ซี รวม
a5230917-96f9-4e87-8ef8-20cb26ceb522,2025-03-19,10:08,Caltex เอกมัย,เติมเงินบัตร BTS รายเดือน,107.37,transport,False,False,routine,False,caltex เอกมัย เติม เงิน บัตร bts รายเดือน
3c38b6e1-1d8e-41df-be7e-59c58460abdf,2025-04-23,11:06,IKEA Bangna,กระเป๋าผ้าแบรนด์ยอดฮิต,1488.53,shopping,True,False,wants,False,ikea bangna กระเป๋า ผ้า แบรนด์ ยอดฮิต
08e6edc2-8bfb-4cb3-add2-c2b4c5291aac,2025-07-21,11:23,Shell Station สุขุมวิท,เคลียร์ยอด,28.31,transport,False,False,routine,False,shell station สุขุมวิท เคลียร์ ยอด
558d8a57-217e-4d67-b728-1e89e002bbf9,2025-05-17,08:21,Board Game Cafe Ari,ยอดตัดบัญชี,267.78,entertainment,True,False,wants,False,board game cafe ari ยอด ตัด บัญชี
80fe7e65-1ffc-4ede-8483-b55d8d3302a0,2025-09-17,18:38,7-Eleven สาขาอโศก,โอน,97.42,food,False,False,routine,False,7 eleven สาขา อโศก โอน
98181a34-936b-43b9-9959-0e644f92815b,2025-11-05,08:58,ข้าวมันไก่ตอนประตูน้ำ,ส้มตำไทยคอหมูย่าง,141.67,food,False,False,routine,False,ข้าวมัน ไก่ตอน ประตูน้ำ ส้มตำ ไทย คอ หมู ย่าง
f0b32cd2-448e-4d58-b8ca-2cff888483eb,2025-04-02,22:41,PromptPay โอนเงินส่วนตัว,ร่วมบุญสร้างโรงพยาบาลสงฆ์,414.65,other,True,False,wants,False,promptpay โอน เงิน ส่วนตัว ร่วม บุญ สร้าง โรงพยาบาล สงฆ์
3c959f05-d45b-4626-82ad-c28c8f3aff6b,2025-05-07,08:10,Bar B Q Plaza,Iced Caramel Macchiato Venti,1032.09,food,True,False,wants,False,bar b q plaza iced caramel macchiato venti
245a3af0-7c40-4580-8d56-699d19f917b6,2025-05-19,22:44,Amazon Cafe PTT,พร้อมเพย์,149.98,food,False,False,routine,False,amazon cafe ptt พร้อม เพย์
4efee57a-51b1-4984-99ce-1ef95fc1ce3e,2025-06-18,21:23,BCP บางจาก พระโขนง,ค่ารถตู้ไปทำงานอนุสาวรีย์,42.18,transport,False,False,routine,False,bcp บาง จาก พระ โขนง ค่า รถตู้ ไป ทำงาน อนุสาวรีย์
e1380d93-bb67-4d78-874f-c28be17003d0,2025-03-02,01:14,Amazon Cafe PTT,ข้าวต้มปลาอินทรีย์รอบค่ำ,184.51,food,False,False,routine,False,amazon cafe ptt ข้าวต้ม ปลา อินทรีย์ รอบ ค่ำ
08ebd13f-8ad2-4bab-a520-cc24e5f531e1,2025-02-06,17:10,Haidilao Hot Pot CentralWorld,ดินเนอร์ร้านอาหารอิตาเลียน,1089.18,food,True,False,wants,False,haidilao hot pot centralworld ดินเนอร์ ร้านอาหาร อิตาเลียน
51971c9e-0a75-47c8-bf81-407dbcc8e9ab,2025-08-09,14:06,The Beer Bar Sukhumvit 11,Disney+ Hotstar รายปี,746.09,entertainment,True,False,wants,False,the beer bar sukhumvit 11 disney hotstar รายปี
d98208e8-d5b0-48f4-acd2-bb36a5c0b89c,2025-03-13,20:34,Haidilao Hot Pot CentralWorld,เบอร์เกอร์เนื้อทรัฟเฟิล,1118.68,food,True,False,wants,False,haidilao hot pot centralworld เบอร์เกอร์ เนื้อ ทรัฟเฟิล
4e5f87e3-c698-49d2-b898-fa4522fef4ed,2025-02-23,07:38,นิติบุคคลอาคารชุด ดิ ไอริส,ค่าเน็ตบ้านรายเดือน 3BB,2805.29,bills,False,False,routine,False,นิติบุคคล อาคารชุด ดิ ไอ ริ ส ค่า เน็ต บ้าน รายเดือน 3 bb
027d7184-9503-4282-b423-896760565535,2025-09-15,07:25,ตู้เติมเงิน บุญเติม,โอนเงินคืนค่าแท็กซี่หารกัน,308.97,other,False,False,routine,False,ตู้ เติม เงิน บุญ เติม โอน เงิน คืน ค่า แท็กซี่ หาร กัน
39308327-0e2c-4342-9373-ff8f23060a1d,2025-11-17,20:04,ร้านอาหารตามสั่งลุงหนวด,เคลียร์ยอด,207.63,food,False,False,routine,False,ร้านอาหาร ตาม สั่ง ลุง หนวด เคลียร์ ยอด
aea6eafc-5990-43f7-b7b4-01fd90a226fc,2025-07-29,22:33,โจ๊กสามย่าน สาขา 2,เส้นเล็กน้ำตกหมูพิเศษ,137.47,food,False,False,routine,False,โจ๊ก สามย่าน สาขา 2 เส้น เล็ก น้ำตก หมู พิเศษ
af612313-cfaa-4fe6-91ac-719f56192edf,2025-12-26,15:30,Shell Station สุขุมวิท,เติมน้ำมันมอเตอร์ไซค์เต็มถัง,94.04,transport,False,False,routine,False,shell station สุขุมวิท เติมน้ำมัน มอเตอร์ไซค์ เต็ม ถัง
bb443509-94e3-4a07-9183-e84845c520c8,2025-01-26,23:17,McDonald's EmQuartier,เซ็ตซูชิพรีเมียมแซลมอน 5 คำ,518.7,food,True,False,wants,False,mcdonald s emquartier เซ็ต ซูชิ พรีเมียม แซลมอน 5 คำ
0b78233b-fd31-4d18-bbeb-7729d35b6885,2025-02-06,08:43,KFC Drive Thru,ปิ้งย่างบาร์บีคิวฉลองปิดโปรเจกต์,826.72,food,True,False,wants,False,kfc drive thru ปิ้ง ย่าง บาร์บีคิว ฉลอง ปิด โปรเจกต์
16da1c93-adaf-4313-830a-be298919bc09,2025-12-31,08:49,AirAsia Flight Booking,เรียกรถ GrabCar ไปปาร์ตี้,925.27,transport,True,False,wants,False,airasia flight booking เรียก รถ grabcar ไป ปาร์ตี้
4b231114-74f2-469d-95de-1b5b33af425e,2025-06-06,09:19,McDonald's EmQuartier,ชาบูหม้อไฟหมาล่าพรีเมียม,358.14,food,True,False,wants,False,mcdonald s emquartier ชาบู หม้อไฟ หมา ล่า พรีเมียม
1c8353f2-af53-4c00-9a39-ca23cf87e965,2025-03-07,02:24,GrabFood - ชานมไข่มุก KOI The,ไก่ทอดบอนชอนชุดปาร์ตี้ สั่งดึก,1411.55,food,True,True,impulse_delivery,False,grabfood ชา นม ไข่มุก koi the ไก่ทอด บอน ชอน ชุด ปาร์ตี้ สั่ง ดึก
8f6dd10e-bccf-4dc0-81ed-63e034b504a9,2025-08-18,22:27,ร้านข้าวต้มรอบดึก กวงเฮง,มื้อเที่ยงกับทีม,116.86,food,False,False,routine,False,ร้าน ข้าวต้ม รอบ ดึก กวง เฮง มื้อ เที่ยง กับ ทีม
d0ef97d9-d566-4419-9daa-17a1f6a69f40,2025-02-10,18:19,Gourmet Market Siam Paragon,ผลไม้นำเข้าและนมจืด,338.02,shopping,False,False,routine,False,gourmet market siam paragon ผลไม้ นำเข้า และ นม จืด
40499d3e-d9ca-4bb6-9ea0-e2ef295cae74,2025-10-04,23:13,Gentlewoman Store,หนังสือแปลและนวนิยายขายดี,2794.35,shopping,True,False,wants,False,gentlewoman store หนังสือ แปล และ นวนิยาย ขายดี
7d9e9605-f7dd-4b60-8a94-b9b814e29dbb,2025-12-28,10:30,Line Man Taxi VIP,เรียกรถ GrabCar ไปปาร์ตี้,1983.06,transport,True,False,wants,False,line man taxi vip เรียก รถ grabcar ไป ปาร์ตี้
17f463c1-1511-4e6c-8773-4851bfc821fd,2025-01-30,21:23,Gourmet Market Siam Paragon,ซื้อของใช้จำเป็นในห้องน้ำ,428.97,shopping,False,False,routine,False,gourmet market siam paragon ซื้อ ของใช้ จำเป็น ใน ห้องน้ำ
74933d93-9a30-47b0-96fb-32e9bd974648,2025-10-06,08:38,Tops Supermarket All Seasons,ยอดตัดบัญชี,371.96,shopping,False,False,routine,False,tops supermarket all seasons ยอด ตัด บัญชี
56cd64c5-bc4c-4ecd-a0ef-8c0ccf427cb3,2025-09-07,22:00,Momoparadise Central Rama 9,เบอร์เกอร์เนื้อทรัฟเฟิล,523.92,food,True,False,wants,False,momoparadise central rama 9 เบอร์เกอร์ เนื้อ ทรัฟเฟิล
1781dbd3-8ffb-4dbc-b6d1-06e90b2b474e,2025-03-30,20:52,ร้านส้มตำเจ๊ไก่ รัชดา,ข้าวราดแกง 2 อย่างไข่ต้ม,135.33,food,False,False,routine,False,ร้าน ส้มตำ เจ๊ ไก่ รัชดา ข้าวราดแกง 2 อย่าง ไข่ต้ม
aba767d7-08e5-4c50-996f-53ef9c6343be,2025-03-04,22:58,The Beer Bar Sukhumvit 11,ตั๋วคอนเสิร์ตอินดี้มิวสิก,1659.96,entertainment,True,False,wants,False,the beer bar sukhumvit 11 ตั๋ว คอนเสิร์ต อินดี้ มิวสิก
9bcd4127-a5fa-4865-bf47-ed59337be62e,2025-05-13,17:16,McDonald's EmQuartier,เบอร์เกอร์เนื้อทรัฟเฟิล,494.83,food,True,False,wants,False,mcdonald s emquartier เบอร์เกอร์ เนื้อ ทรัฟเฟิล
1379058e-79e3-4db8-bc62-ffe010070351,2025-11-11,18:27,7-Eleven สาขาอโศก,ข้าวราดแกง 2 อย่างไข่ต้ม,55.27,food,False,False,routine,False,7 eleven สาขา อโศก ข้าวราดแกง 2 อย่าง ไข่ต้ม
19690f8e-4a42-48af-9cea-82c24eb6e775,2025-11-06,22:24,ร้านข้าวต้มรอบดึก กวงเฮง,แซนด์วิชทูน่ามื้อเช้า,191.7,food,False,False,routine,False,ร้าน ข้าวต้ม รอบ ดึก กวง เฮง แซนด์วิช ทูน่า มื้อ เช้า
6eda8f05-7d39-4798-b45a-6a1fcca9667d,2025-03-02,20:39,Netflix Thailand,Disney+ Hotstar รายปี,316.48,entertainment,True,False,wants,False,netflix thailand disney hotstar รายปี
4ee62377-d045-46ba-9bbe-25036f108796,2025-05-03,20:51,Sukishi Korean Buffet,ไก่ทอด KFC บักเก็ตพิเศษ,705.07,food,True,False,wants,False,sukishi korean buffet ไก่ทอด kfc บัก เก็ต พิเศษ
537e434c-4687-4a6a-a37e-1b5387bb309a,2026-01-01,18:47,Lotus's สุขุมวิท 50,ซื้อยาแก้แพ้และวิตามินซีรวม,136.32,shopping,False,False,routine,False,lotus s สุขุมวิท 50 ซื้อ ยา แก้ แพ้ และ วิตามิน ซี รวม
bfa89484-2251-4538-8db8-b722983e85eb,2025-10-28,07:52,IKEA Bangna,กระเป๋าผ้าแบรนด์ยอดฮิต,2628.09,shopping,True,False,wants,False,ikea bangna กระเป๋า ผ้า แบรนด์ ยอดฮิต
86c9f279-894d-4992-8f59-cd32a4c93bb1,2025-06-21,13:38,ร้านข้าวราดแกงเมืองตรัง,เคลียร์ยอด,75.98,food,False,False,routine,False,ร้าน ข้าวราดแกง เมือง ตรัง เคลียร์ ยอด
8d6906bf-b2ac-4839-8664-bc852e69352e,2025-06-06,22:31,ร้านข้าวต้มรอบดึก กวงเฮง,ข้าวกล่องเซเว่นพร้อมน้ำดื่ม,245.85,food,False,False,routine,False,ร้าน ข้าวต้ม รอบ ดึก กวง เฮง ข้าว กล่อง เซเว่น พร้อม น้ำดื่ม
ef98899d-4319-41b0-acd7-759c1de77685,2025-05-30,11:41,Boots Pharmacy พระราม 9,โอนเงิน,479.44,shopping,False,False,routine,False,boots pharmacy พระราม 9 โอน เงิน
3a1037f0-e28b-42b8-907f-ec71aaa7a2bd,2025-04-29,21:41,Steam Games Store,จ่ายเงิน,475.74,entertainment,True,False,wants,False,steam games store จ่าย เงิน
9badc7db-2dc9-4d40-8727-3ee108b6b82e,2025-03-08,16:10,ร้านข้าวต้มรอบดึก กวงเฮง,อาหารตามสั่งจานด่วน,185.41,food,False,False,routine,False,ร้าน ข้าวต้ม รอบ ดึก กวง เฮง อาหาร ตาม สั่ง จาน ด่วน
49388795-c361-450a-874d-5a380d5a5fe9,2025-12-22,16:09,ที่จอดรถ อาคารเสริมมิตร,คืนเพื่อน,106.62,transport,False,False,routine,False,ที่จอดรถ อาคาร เสริม มิตร คืน เพื่อน
388ee958-82f7-47c6-b20f-868b695d4309,2025-08-17,02:41,Amazon Cafe PTT,บะหมี่เกี๊ยวหมูแดงแห้ง,131.38,food,False,False,routine,False,amazon cafe ptt บะหมี่ เกี๊ยว หมูแดง แห้ง
d5977b71-7946-43dd-9ef4-952559319b7d,2025-04-04,20:10,IKEA Bangna,สกินแคร์เซรั่มบำรุงผิวหน้า,1464.13,shopping,True,False,wants,False,ikea bangna ส กิน แคร์ เซ รั่ม บำรุง ผิวหน้า
285e365e-d835-4a25-9c3d-683f89d5cc0e,2025-08-24,14:06,Haidilao Hot Pot CentralWorld,Iced Caramel Macchiato Venti,567.07,food,True,False,wants,False,haidilao hot pot centralworld iced caramel macchiato venti
97c05287-8310-4ce2-bfef-795c11411c79,2025-07-18,14:25,H&M EmQuartier,คืนเพื่อน,1606.82,shopping,True,False,wants,False,h m emquartier คืน เพื่อน
e3bdf6d5-ec26-41a0-8e43-7c6cf3ed3f07,2025-12-09,16:50,Shell Station สุขุมวิท,ค่าวินมอไซค์ไปต่อรถไฟฟ้า,68.76,transport,False,False,routine,False,shell station สุขุมวิท ค่า วิน มอไซค์ ไป ต่อ รถไฟฟ้า
25f2bfd1-6a32-4005-b5ef-284e52bbedd5,2025-06-29,08:27,Major Cineplex รัชโยธิน,เล่นบอร์ดเกมกับกลุ่มเพื่อน,1505.13,entertainment,True,False,wants,False,major cineplex รัชโยธิน เล่น บอร์ด เกม กับ กลุ่ม เพื่อน
60f1f9da-e2f1-4437-9d90-1603d97abf30,2025-07-16,01:32,Nintendo eShop,ปาร์ตี้วันเกิดกับเพื่อนร่วมงาน,480.13,entertainment,True,False,wants,False,nintendo eshop ปาร์ตี้ วันเกิด กับ เพื่อนร่วมงาน
172adfef-3c83-4b5e-8eee-e58d982da4d4,2025-02-25,22:06,Gentlewoman Store,เสื้อผ้าแฟชั่นเกาหลีแมตช์ชุด,2831.08,shopping,True,False,wants,False,gentlewoman store เสื้อผ้า แฟชั่น เกาหลี แมตช์ ชุด
96baf788-ea73-4b3d-b554-f5db4ce5b475,2025-04-21,22:45,ที่จอดรถ อาคารเสริมมิตร,-,46.07,transport,False,False,routine,False,ที่จอดรถ อาคาร เสริม มิตร
30ac46eb-5d59-40e8-a4a7-7a259467b232,2025-11-21,09:09,The Beer Bar Sukhumvit 11,ดื่มคราฟต์เบียร์สังสรรค์คืนวันศุกร์,1221.52,entertainment,True,False,wants,False,the beer bar sukhumvit 11 ดื่ม คราฟต์ เบียร์ สังสรรค์ คืน วัน ศุกร์
d135a482-449c-443c-8a83-f8cff429c1fd,2025-10-25,09:22,Gourmet Market Siam Paragon,ผลไม้นำเข้าและนมจืด,182.36,shopping,False,False,routine,False,gourmet market siam paragon ผลไม้ นำเข้า และ นม จืด
2e112db7-be54-4d69-b499-49a552228272,2025-02-11,16:49,SF Cinema World CentralWorld,เกมดิจิทัล Nintendo Switch,1497.87,entertainment,True,False,wants,False,sf cinema world centralworld เกม ดิจิทัล nintendo switch
fd50813e-ebb4-4c29-a657-47c2c0f2e463,2025-08-06,14:09,SF Cinema World CentralWorld,เกมดิจิทัล Nintendo Switch,377.69,entertainment,True,False,wants,False,sf cinema world centralworld เกม ดิจิทัล nintendo switch
8ca2c27d-3035-40b4-8b51-fe4536c359d6,2025-11-11,00:35,Shell Station สุขุมวิท,ค่าจอดรถรายชั่วโมงอาคาร,30.92,transport,False,False,routine,False,shell station สุขุมวิท ค่า จอด รถ ราย ชั่วโมง อาคาร
7f55d614-c78a-4339-8f88-6f64a356ec57,2025-06-09,11:49,โจ๊กสามย่าน สาขา 2,แซนด์วิชทูน่ามื้อเช้า,91.04,food,False,False,routine,False,โจ๊ก สามย่าน สาขา 2 แซนด์วิช ทูน่า มื้อ เช้า
035ea240-aaa4-4658-8acd-d7827c732bb1,2025-08-25,15:00,IKEA Bangna,เครื่องเขียนสมุดโน้ตสไตล์ญี่ปุ่น,2536.84,shopping,True,False,wants,False,ikea bangna เครื่องเขียน สมุด โน้ต สไตล์ ญี่ปุ่น
44a68607-d4f1-4922-9b85-fe63530c443e,2025-09-24,11:20,ชายสี่บะหมี่เกี๊ยว,โจ๊กหมูใส่ไข่เยี่ยวม้า,198.38,food,False,False,routine,False,ชาย สี่ บะหมี่ เกี๊ยว โจ๊ก หมู ใส่ ไข่เยี่ยวม้า
d0748d39-d265-4b9c-bdb3-f3eebc09cd4c,2025-09-18,09:17,GrabCar Premium Bangkok,Grab VIP เดินทางไปสนามบิน,351.71,transport,True,False,wants,False,grabcar premium bangkok grab vip เดินทาง ไป สนามบิน
31c1ed7f-4546-43df-acf1-8178436165e2,2025-07-25,13:45,Momoparadise Central Rama 9,ดินเนอร์ร้านอาหารอิตาเลียน,453.96,food,True,True,wants,False,momoparadise central rama 9 ดินเนอร์ ร้านอาหาร อิตาเลียน
60492174-d45c-43ef-855f-d6c7db4a8285,2025-10-06,02:09,ข้าวมันไก่ตอนประตูน้ำ,เกาเหลาเลือดหมูข้าวเปล่า,239.75,food,False,False,routine,False,ข้าวมัน ไก่ตอน ประตูน้ำ เกาเหลา เลือดหมู ข้าว เปล่า
c942c46e-e67e-40bf-a9ba-d225ca670b55,2025-08-29,10:23,Sukishi Korean Buffet,เบอร์เกอร์เนื้อทรัฟเฟิล,559.71,food,True,False,wants,False,sukishi korean buffet เบอร์เกอร์ เนื้อ ทรัฟเฟิล
6a7a16ef-7a4d-414f-a23c-31eb4f00542b,2025-03-13,14:42,ธนาคารกรุงไทย Krungthai Next,โอนเงินคืนเพื่อนค่าอาหารกลางวัน,336.71,other,False,False,routine,False,ธนาคาร กรุงไทย krungthai next โอน เงิน คืน เพื่อน ค่า อาหารกลางวัน
3a9a526b-0ac1-40fd-8cb6-1887ef2d98d0,2025-08-11,15:41,MK Restaurants,Iced Caramel Macchiato Venti,1006.35,food,True,False,wants,False,mk restaurants iced caramel macchiato venti
f5d160db-a5f2-4b52-84f2-dd51959087d2,2025-10-02,01:07,GrabCar Premium Bangkok,เรียกรถ GrabCar ไปปาร์ตี้,609.56,transport,True,False,wants,False,grabcar premium bangkok เรียก รถ grabcar ไป ปาร์ตี้
c1b8b804-9d97-4723-bb0e-4bd7a28f7409,2025-02-25,22:41,Sephora Thailand,โคมไฟมินิมอลแต่งโต๊ะทำงาน,553.82,shopping,True,True,wants,False,sephora thailand โคมไฟ มินิ มอ ล แต่ง โต๊ะทำงาน
24d20059-ef32-451f-b0dd-cb95e6f29eeb,2025-09-13,11:52,Karaoke City Praditmanutham,ตั๋วคอนเสิร์ตอินดี้มิวสิก,521.37,entertainment,True,False,wants,False,karaoke city praditmanutham ตั๋ว คอนเสิร์ต อินดี้ มิวสิก
dfdbb169-badf-4938-8047-392131425c55,2025-12-25,00:13,ShopeeFood - McDonald's 24hrs,เบอร์เกอร์ชุดใหญ่เฟรนช์ฟรายส์ดึก,698.28,food,True,True,impulse_delivery,False,shopeefood mcdonald s 24 hrs เบอร์เกอร์ ชุด ใหญ่ เฟรนช์ ฟรายส์ ดึก
9fffbd63-ed07-4feb-9eee-93386a4b30d2,2025-05-26,13:20,Line Man Taxi VIP,เรียกรถ GrabCar ไปปาร์ตี้,589.29,transport,True,True,wants,False,line man taxi vip เรียก รถ grabcar ไป ปาร์ตี้
64ab6f6e-dd65-42ea-83fc-2069fd2d786c,2025-04-26,21:31,Bar B Q Plaza,Shibuya Honey Toast และชาร้อน,521.44,food,True,True,wants,False,bar b q plaza shibuya honey toast และ ชาร้อน
6fb83215-a4b4-4971-a026-f9bf0563436b,2025-02-15,21:57,Shell Station สุขุมวิท,เติมน้ำมันมอเตอร์ไซค์เต็มถัง,72.26,transport,False,False,routine,False,shell station สุขุมวิท เติมน้ำมัน มอเตอร์ไซค์ เต็ม ถัง
2c8f7c13-8be6-48d5-97c8-5b87e9499cb4,2025-06-25,00:48,Foodpanda - Pizza Hut Delivery,เบอร์เกอร์ชุดใหญ่เฟรนช์ฟรายส์ดึก,666.73,food,True,True,impulse_delivery,False,foodpanda pizza hut delivery เบอร์เกอร์ ชุด ใหญ่ เฟรนช์ ฟรายส์ ดึก
98f2667e-0d0c-47a6-99bc-a22bb72753a2,2025-05-04,09:14,ค่าเช่าคอนโด ลุมพินีทาวเวอร์,โอน,947.52,bills,False,False,routine,False,ค่าเช่า คอนโด ลุมพินี ทาวเวอร์ โอน
ebe861d0-6c32-40b1-8f23-1dfe828319e7,2025-10-21,22:27,Caltex เอกมัย,M-Flow ชำระค่าผ่านทางด่วน,102.51,transport,False,False,routine,False,caltex เอกมัย m flow ชำระ ค่า ผ่าน ทางด่วน
9defada3-15a0-4b0c-87e2-9c3c7fe987c8,2025-02-08,09:11,Gourmet Market Siam Paragon,น้ำยาซักผ้าและปรับผ้านุ่ม,325.49,shopping,False,False,routine,False,gourmet market siam paragon น้ำยา ซักผ้า และ ปรับ ผ้า นุ่ม
13687ae9-4fa3-4458-add7-ba7ff9777edd,2025-10-01,11:12,นิติบุคคลอาคารชุด ดิ ไอริส,ค่าบริการอินเทอร์เน็ตบ้านไฟเบอร์,3734.73,bills,False,False,routine,False,นิติบุคคล อาคารชุด ดิ ไอ ริ ส ค่าบริการ อินเทอร์เน็ต บ้าน ไฟเบอร์
cb474a41-2cc4-4eaf-b18d-38f99be1b22e,2025-05-09,14:43,Shell Station สุขุมวิท,ค่าวินไปหน้าปากซอยสุขุมวิท,74.07,transport,False,False,routine,False,shell station สุขุมวิท ค่า วิน ไป หน้า ปากซอย สุขุมวิท
44ea672e-fc54-42a4-850b-f94b0e9e602f,2025-01-28,15:39,AIS Fibre Broadband,ค่าบริการอินเทอร์เน็ตบ้านไฟเบอร์,2879.39,bills,False,False,routine,False,ais fibre broadband ค่าบริการ อินเทอร์เน็ต บ้าน ไฟเบอร์
6c5c782c-6ab4-42ab-9b26-2fef66f939ec,2025-06-03,07:29,ร้านส้มตำเจ๊ไก่ รัชดา,โจ๊กหมูใส่ไข่เยี่ยวม้า,171.6,food,False,False,routine,False,ร้าน ส้มตำ เจ๊ ไก่ รัชดา โจ๊ก หมู ใส่ ไข่เยี่ยวม้า
a25ebfcc-ae79-4918-9606-ceb104b4112d,2025-06-01,08:33,KFC Drive Thru,Iced Caramel Macchiato Venti,483.44,food,True,False,wants,False,kfc drive thru iced caramel macchiato venti
9c9a5884-193d-45b6-9aaa-c5210f37eece,2025-04-28,21:24,โอนเงินบริจาคมูลนิธิสุนัขจรจัด,บริจาคช่วยมูลนิธิการกุศล,141.14,other,True,False,wants,False,โอน เงินบริจาค มูลนิธิ สุนัขจรจัด บริจาค ช่วย มูลนิธิ การกุศล
56f61e34-7944-4099-a0d7-975e726a5eed,2025-02-10,22:12,H&M EmQuartier,จ่ายเงิน,1719.99,shopping,True,False,wants,False,h m emquartier จ่าย เงิน
fc7fe34c-4d92-4aab-b12d-754befd5de65,2025-09-30,19:09,ที่จอดรถ อาคารเสริมมิตร,ค่ารถตู้ไปทำงานอนุสาวรีย์,39.09,transport,False,False,routine,False,ที่จอดรถ อาคาร เสริม มิตร ค่า รถตู้ ไป ทำงาน อนุสาวรีย์
8e238dfc-e850-4a29-b9dc-3f14491fd1b8,2025-12-02,11:30,TrueMove H Postpaid,เคลียร์ยอด,957.94,bills,False,False,routine,False,truemove h postpaid เคลียร์ ยอด
8f937875-5c26-48bc-b922-42aff929bf91,2025-06-03,13:56,ร้านอาหารตามสั่งลุงหนวด,Iced Black Coffee หวานน้อย,231.43,food,False,False,routine,False,ร้านอาหาร ตาม สั่ง ลุง หนวด iced black coffee หวาน น้อย
931b5b11-4c92-4409-9781-f417e54b129f,2025-03-21,15:20,Amazon Cafe PTT,โจ๊กหมูใส่ไข่เยี่ยวม้า,163.23,food,False,False,routine,False,amazon cafe ptt โจ๊ก หมู ใส่ ไข่เยี่ยวม้า
f5f2315d-5a3d-4843-8aed-30b3387881ba,2025-02-04,14:51,SF Cinema World CentralWorld,เล่นบอร์ดเกมกับกลุ่มเพื่อน,1162.4,entertainment,True,False,wants,False,sf cinema world centralworld เล่น บอร์ด เกม กับ กลุ่ม เพื่อน
35772bb6-4eb8-4fcb-8a12-f7961a544edc,2025-05-20,00:11,B2S Think Space,เคลียร์ยอด,2068.55,shopping,True,False,wants,False,b 2 s think space เคลียร์ ยอด
ef4bf0b9-3699-4030-b13a-53bd6c479007,2025-04-30,11:57,ร้านอาหารตามสั่งลุงหนวด,เกาเหลาเลือดหมูข้าวเปล่า,65.29,food,False,False,routine,False,ร้านอาหาร ตาม สั่ง ลุง หนวด เกาเหลา เลือดหมู ข้าว เปล่า
41bf6b29-7852-40d6-85d8-95d2b15c66a7,2025-03-30,11:05,Amazon Cafe PTT,ชำระเงิน,60.13,food,False,False,routine,False,amazon cafe ptt ชำระเงิน
c3b49602-ac0e-4ad5-ab0f-25440f3c8ba7,2025-10-20,22:27,Caltex เอกมัย,เติมน้ำมัน E20 รถยนต์ส่วนตัว,43.8,transport,False,False,routine,False,caltex เอกมัย เติมน้ำมัน e 20 รถยนต์ ส่วนตัว
3dc23c17-11e6-4812-bbe8-b294382de3a0,2025-10-24,17:55,บัตรเครดิต SCB CardX,ชำระบิลบัตรเครดิตรายเดือน,844.61,bills,False,False,routine,False,บัตรเครดิต scb cardx ชำ ระบิล บัตรเครดิต รายเดือน
567a2420-577e-4748-9632-9d8289a4ef20,2025-03-25,00:44,Apple Store Online TH,เครื่องดูดฝุ่นไร้สายกดตอนเที่ยงคืน,2435.77,shopping,True,True,impulse_online,False,apple store online th เครื่องดูดฝุ่น ไร้สาย กด ตอน เที่ยงคืน
5fc5dee7-6740-42c2-b757-59c179dc70df,2025-06-03,10:05,KFC Drive Thru,ปิ้งย่างบาร์บีคิวฉลองปิดโปรเจกต์,747.63,food,True,False,wants,False,kfc drive thru ปิ้ง ย่าง บาร์บีคิว ฉลอง ปิด โปรเจกต์
ed3e5d19-381d-4141-9c45-1b033c1a492a,2025-03-03,17:44,ข้าวมันไก่ตอนประตูน้ำ,กะเพราหมูกรอบไข่ดาวไม่สุก,200.88,food,False,False,routine,False,ข้าวมัน ไก่ตอน ประตูน้ำ กะเพรา หมูกรอบ ไข่ดาว ไม่ สุก
93a5229d-cb17-4421-a42b-ee41cdc9a44f,2025-04-10,07:32,ค่าธรรมเนียมถอนเงินข้ามเขต,ทำบุญค่าน้ำค่าไฟวัดประจำเดือน,89.73,other,False,False,routine,False,ค่าธรรมเนียม ถอนเงิน ข้าม เขต ทำบุญ ค่าน้ำค่าไฟ วัด ประจำเดือน
764ed0d3-b410-4322-80b1-4d1af5e890b3,2025-10-04,20:33,ร้านข้าวราดแกงเมืองตรัง,มื้อเที่ยงกับทีม,190.62,food,False,False,routine,False,ร้าน ข้าวราดแกง เมือง ตรัง มื้อ เที่ยง กับ ทีม
e7a7c010-5938-495a-9721-286187ba6775,2025-03-09,17:01,บัตรเครดิต KTC Visa,ค่าเน็ตบ้านรายเดือน 3BB,1741.76,bills,False,False,routine,False,บัตรเครดิต ktc visa ค่า เน็ต บ้าน รายเดือน 3 bb
485b4ef7-fe6d-466a-ab7c-068933d707da,2025-11-04,10:27,Starbucks Reserve,ไม่ระบุ,874.59,food,True,False,wants,False,starbucks reserve ไม่ ระบุ
866a3fe7-1a0e-4bae-b8ff-2ea23cc258b9,2025-08-07,13:56,ตู้เติมเงิน บุญเติม,ค่าธรรมเนียมธุรกรรมธนาคาร,399.52,other,False,False,routine,False,ตู้ เติม เงิน บุญ เติม ค่าธรรมเนียม ธุรกรรม ธนาคาร
86d41449-f0ab-4386-83a1-d5a4f56474a6,2025-12-02,17:04,BTS Skytrain อโศก,เติมน้ำมันมอเตอร์ไซค์เต็มถัง,66.77,transport,False,False,routine,False,bts skytrain อโศก เติมน้ำมัน มอเตอร์ไซค์ เต็ม ถัง
bf9a8bc5-7281-4f7c-9df8-d1edc1097b4e,2025-05-01,07:42,H&M EmQuartier,พร้อมเพย์,865.78,shopping,True,False,wants,False,h m emquartier พร้อม เพย์
07946a0f-4285-48c8-a75c-e8f4e8fb8507,2025-03-15,21:14,ประกันภัยรถยนต์ วิริยะประกันภัย,โอนค่าเช่าคอนโดประจำเดือน,896.44,bills,False,False,routine,False,ประกันภัย รถยนต์ วิริยะ ประกันภัย โอน ค่าเช่า คอนโด ประจำเดือน
ccd8531f-5455-49b2-aaec-7db66a273260,2025-02-08,00:57,H&M EmQuartier,คืนเพื่อน,912.91,shopping,True,False,wants,False,h m emquartier คืน เพื่อน
025c68bc-4c0c-40d6-b65b-6d97967a8f9e,2025-07-05,21:18,Momoparadise Central Rama 9,เคลียร์ยอด,818.04,food,True,False,wants,False,momoparadise central rama 9 เคลียร์ ยอด
b3121283-6a01-4b41-bdbb-4f66b9821512,2025-02-20,16:30,Bar B Q Plaza,สุกี้ชาบูเนื้อวากิวไม่อั้น,319.32,food,True,False,wants,False,bar b q plaza สุกี้ ชาบู เนื้อ วา กิว ไม่ อั้น
f57aab11-e6f5-43e0-93f0-d9775c58d473,2025-11-23,01:17,นิติบุคคลอาคารชุด ดิ ไอริส,ชำระยอดบัตรเครดิตยอดเต็ม,2450.66,bills,False,False,routine,False,นิติบุคคล อาคารชุด ดิ ไอ ริ ส ชำระ ยอด บัตรเครดิต ยอด เต็ม
4cb4f5ef-2e22-4c09-8a71-8d2c8e7b490f,2025-06-11,21:36,KFC Drive Thru,บุฟเฟต์ปิ้งย่างเกาหลีชุดใหญ่,900.25,food,True,False,wants,False,kfc drive thru บุฟเฟต์ ปิ้ง ย่าง เกาหลี ชุด ใหญ่
db4687f4-3f18-4b90-a1ac-5590adf639ac,2025-03-19,20:10,7-Eleven สาขาอโศก,อาหารตามสั่งจานด่วน,61.87,food,False,False,routine,False,7 eleven สาขา อโศก อาหาร ตาม สั่ง จาน ด่วน
7154aacf-16f6-4608-a56a-0ba73997d321,2025-10-24,19:17,YouTube Premium Monthly,ดื่มคราฟต์เบียร์สังสรรค์คืนวันศุกร์,358.38,entertainment,True,False,wants,False,youtube premium monthly ดื่ม คราฟต์ เบียร์ สังสรรค์ คืน วัน ศุกร์
0144da64-d851-43d9-b059-34abd7cb5205,2025-07-11,16:43,Major Cineplex รัชโยธิน,Disney+ Hotstar รายปี,629.47,entertainment,True,False,wants,False,major cineplex รัชโยธิน disney hotstar รายปี
1421cc57-4f51-4a1e-a4c2-dfc27e8afd93,2025-01-26,17:55,Line Man Taxi VIP,นั่ง Taxi Express ช่วงฝนตก,737.19,transport,True,True,wants,False,line man taxi vip นั่ง taxi express ช่วง ฝนตก
1d05b06d-1064-4e05-9223-0de06c2642b4,2025-06-28,21:17,Momoparadise Central Rama 9,Shibuya Honey Toast และชาร้อน,662.54,food,True,False,wants,False,momoparadise central rama 9 shibuya honey toast และ ชาร้อน
47c9be67-e517-4ab6-a88c-f71dce1974c8,2025-12-15,12:17,Netflix Thailand,ดื่มคราฟต์เบียร์สังสรรค์คืนวันศุกร์,449.08,entertainment,True,False,wants,False,netflix thailand ดื่ม คราฟต์ เบียร์ สังสรรค์ คืน วัน ศุกร์
2a886071-8a66-4fa9-9545-3399e030a7f5,2025-07-22,19:59,3BB Broadband Member,xxx,1251.75,bills,False,False,routine,False,3 bb broadband member xxx
9b3f68d1-15c9-480b-9fac-55afd12f70f6,2025-12-01,17:56,นิติบุคคลอาคารชุด ดิ ไอริส,เบี้ยประกันสุขภาพรายเดือน,1804.38,bills,False,False,routine,False,นิติบุคคล อาคารชุด ดิ ไอ ริ ส เบี้ยประกัน สุขภาพ รายเดือน
3a10b614-d256-4de1-9c47-5377e795a836,2025-02-24,15:39,ปตท. PTT Station สาขา 2,เติมน้ำมัน Gasohol 95,46.36,transport,False,False,routine,False,ปตท ptt station สาขา 2 เติมน้ำมัน gasohol 95
531ad73c-198f-4529-ac13-dee86b091060,2025-07-14,18:49,Big C Supercenter รัชดา,โอน,151.28,shopping,False,False,routine,False,big c supercenter รัชดา โอน
1cae6742-f90b-48ed-87ec-be0a4758ba6f,2025-03-28,08:27,บัตรเครดิต KTC Visa,ค่าบริการอินเทอร์เน็ตบ้านไฟเบอร์,1135.17,bills,False,False,routine,False,บัตรเครดิต ktc visa ค่าบริการ อินเทอร์เน็ต บ้าน ไฟเบอร์
7b15ee8a-d906-4735-9f8b-9a8919cc87b8,2025-03-24,20:23,ข้าวมันไก่ตอนประตูน้ำ,มื้อเที่ยงกับทีม,247.47,food,False,False,routine,False,ข้าวมัน ไก่ตอน ประตูน้ำ มื้อ เที่ยง กับ ทีม
84764588-be37-4865-a4e6-6d3fa008cc11,2025-10-13,13:42,Boots Pharmacy พระราม 9,ยอดตัดบัญชี,236.81,shopping,False,False,routine,False,boots pharmacy พระราม 9 ยอด ตัด บัญชี
e8880e8f-b452-40ed-b6c9-543bfd327976,2025-12-01,07:59,AirAsia Flight Booking,ตั๋วบินเชียงใหม่สุดสัปดาห์,903.23,transport,True,False,wants,False,airasia flight booking ตั๋ว บิน เชียงใหม่ สุดสัปดาห์
4b01a297-00c2-4199-8542-6447e079d58a,2025-06-20,17:17,GrabCar Premium Bangkok,จองตั๋วเครื่องบินไปเที่ยวภูเก็ต,1099.65,transport,True,False,wants,False,grabcar premium bangkok จองตั๋ว เครื่องบิน ไปเที่ยว ภูเก็ต
2776816f-d439-47ac-ab00-a26c6ff8c174,2025-01-28,22:06,IKEA Bangna,ลิปสติกและพาเลตต์อายแชโดว์,1167.6,shopping,True,False,wants,False,ikea bangna ลิปสติก และ พา เลตต์ อายแชโดว์
c21bbf4d-5cc4-4a20-a1a2-e70ce42fffab,2025-09-06,21:43,AIS Fibre Broadband,ค่าเน็ตบ้านรายเดือน 3BB,2150.69,bills,False,False,routine,False,ais fibre broadband ค่า เน็ต บ้าน รายเดือน 3 bb
8df180f3-a6a1-4aed-8128-2987f2804e76,2025-05-01,11:47,Amazon Cafe PTT,ข้าวราดแกง 2 อย่างไข่ต้ม,147.53,food,False,False,routine,False,amazon cafe ptt ข้าวราดแกง 2 อย่าง ไข่ต้ม
421b09a2-6404-4399-901d-9897d271bc51,2025-01-28,16:40,ร้านข้าวราดแกงเมืองตรัง,กะเพราหมูกรอบไข่ดาวไม่สุก,110.42,food,False,False,routine,False,ร้าน ข้าวราดแกง เมือง ตรัง กะเพรา หมูกรอบ ไข่ดาว ไม่ สุก
204956ae-c217-4bdd-8d22-5f7fca32f3fe,2025-05-11,15:31,Board Game Cafe Ari,ตั๋วชมภาพยนตร์รอบค่ำ,516.45,entertainment,True,False,wants,False,board game cafe ari ตั๋ว ชม ภาพยนตร์ รอบ ค่ำ
73ecfefa-80d5-4ea9-a4ea-8e0405a92b3a,2025-08-12,08:31,BTS Skytrain อโศก,เติมน้ำมันดีเซลเต็มถัง,64.42,transport,False,False,routine,False,bts skytrain อโศก เติม น้ำมันดีเซล เต็ม ถัง
4eff5b09-1776-4fca-9f1b-ae1741897caa,2025-12-19,13:20,Sukishi Korean Buffet,Iced Caramel Macchiato Venti,688.12,food,True,False,wants,False,sukishi korean buffet iced caramel macchiato venti
9a376e27-7304-4407-ab03-345b124c8e3f,2025-07-05,19:09,ชายสี่บะหมี่เกี๊ยว,Iced Black Coffee หวานน้อย,52.44,food,False,False,routine,False,ชาย สี่ บะหมี่ เกี๊ยว iced black coffee หวาน น้อย
ba804b25-d1a2-43ab-933c-d6e433af4851,2025-01-12,13:52,Amazon Cafe PTT,กะเพราหมูกรอบไข่ดาวไม่สุก,224.26,food,False,False,routine,False,amazon cafe ptt กะเพรา หมูกรอบ ไข่ดาว ไม่ สุก
ffd0ab21-ffec-42b7-8678-a465c50a5e82,2025-09-20,14:43,ที่จอดรถ อาคารเสริมมิตร,ค่าวินมอไซค์ไปต่อรถไฟฟ้า,118.69,transport,False,False,routine,False,ที่จอดรถ อาคาร เสริม มิตร ค่า วิน มอไซค์ ไป ต่อ รถไฟฟ้า
5547e314-f93d-4e93-9048-ad596404a91d,2025-06-22,07:32,ร้านส้มตำเจ๊ไก่ รัชดา,ส้มตำไทยคอหมูย่าง,218.81,food,False,False,routine,False,ร้าน ส้มตำ เจ๊ ไก่ รัชดา ส้มตำ ไทย คอ หมู ย่าง
0fedfcee-4b31-4294-bf85-87dee5cf6f3d,2025-03-01,08:59,Lotus's สุขุมวิท 50,ซื้อยาสีฟัน แชมพู และสบู่เหลว,171.99,shopping,False,False,routine,False,lotus s สุขุมวิท 50 ซื้อ ยาสีฟัน แชมพู และ สบู่เหลว
62c6d2ff-d446-4d4f-a99f-489fc75d9ae5,2025-08-22,12:21,7-Eleven สาขาอโศก,ข้าวมันไก่เนื้อน่องไม่หนัง,85.22,food,False,False,routine,False,7 eleven สาขา อโศก ข้าวมันไก่ เนื้อ น่อง ไม่ หนัง
cbbd6903-836e-4804-bc7d-4faa31b22b3d,2025-09-25,16:44,PlayStation Network TH,เกมดิจิทัล Nintendo Switch,991.28,entertainment,True,False,wants,False,playstation network th เกม ดิจิทัล nintendo switch
099c428b-3c6e-4aac-a190-e905c20f891d,2025-11-15,00:49,Lazada 9.9 Official Store,กล่องสุ่มคอลเลกชันใหม่ล่าสุด,2000.42,shopping,True,True,impulse_online,False,lazada 9 9 official store กล่อง สุ่ม คอลเลกชัน ใหม่ ล่าสุด
3eb755e9-1617-4ec5-9e3c-2cee67733c83,2025-02-09,02:28,ทางด่วน กทพ. Easy Pass,เติมน้ำมันมอเตอร์ไซค์เต็มถัง,112.2,transport,False,False,routine,False,ทางด่วน กทพ easy pass เติมน้ำมัน มอเตอร์ไซค์ เต็ม ถัง
1d04eba2-05f5-46c1-97cf-e64ab36096a7,2025-11-14,08:14,H&M EmQuartier,เครื่องเขียนสมุดโน้ตสไตล์ญี่ปุ่น,2117.05,shopping,True,False,wants,False,h m emquartier เครื่องเขียน สมุด โน้ต สไตล์ ญี่ปุ่น
f297e6e7-f054-4d6a-a6c3-605e23c4c771,2025-08-04,23:21,Lineman - ยำกุ้งสดแซ่บลืมผัว,xxx,712.05,food,True,True,impulse_delivery,False,lineman ยำ กุ้ง สด แซ่บ ลืม ผัว xxx
699fe987-c213-4ee2-b3d0-da7b552f8cb8,2025-08-29,21:08,ร้านอาหารตามสั่งลุงหนวด,อาหารตามสั่งจานด่วน,217.7,food,False,False,routine,False,ร้านอาหาร ตาม สั่ง ลุง หนวด อาหาร ตาม สั่ง จาน ด่วน
610f4c75-d8d2-4156-b4d6-33dc67b10b33,2025-10-03,11:11,ประกันภัยรถยนต์ วิริยะประกันภัย,โอนค่าเช่าคอนโดประจำเดือน,1881.46,bills,False,False,routine,False,ประกันภัย รถยนต์ วิริยะ ประกันภัย โอน ค่าเช่า คอนโด ประจำเดือน
96574d2e-5110-49e4-ba08-e5021d76f9fe,2025-04-27,23:11,7-Eleven สาขาอโศก,กาแฟคั่วเข้มแก้วเช้า,127.61,food,False,False,routine,False,7 eleven สาขา อโศก กาแฟ คั่ว เข้ม แก้ว เช้า
5c1c76ce-8497-4854-b635-44d3c524762e,2025-08-12,10:41,ปตท. PTT Station สาขา 2,M-Flow ชำระค่าผ่านทางด่วน,96.97,transport,False,False,routine,False,ปตท ptt station สาขา 2 m flow ชำระ ค่า ผ่าน ทางด่วน
b06de75d-4a74-4914-85cc-8f45121c3fca,2025-08-10,11:07,IKEA Bangna,ลิปสติกและพาเลตต์อายแชโดว์,472.74,shopping,True,False,wants,False,ikea bangna ลิปสติก และ พา เลตต์ อายแชโดว์
df806c40-719d-4bc9-a4c8-863ea3066220,2025-10-18,07:47,Lotus's สุขุมวิท 50,ผลไม้นำเข้าและนมจืด,243.25,shopping,False,False,routine,False,lotus s สุขุมวิท 50 ผลไม้ นำเข้า และ นม จืด
8c60f873-1f28-406f-9fdc-7debcb0ea298,2025-10-27,00:32,ที่จอดรถ อาคารเสริมมิตร,เติมน้ำมัน Gasohol 95,90.35,transport,False,False,routine,False,ที่จอดรถ อาคาร เสริม มิตร เติมน้ำมัน gasohol 95
49f33464-e283-48a9-b10a-61c8ef6e4c6f,2025-10-22,13:33,TrueMove H Postpaid,ชำระค่าน้ำประปานครหลวง,2592.05,bills,False,False,routine,False,truemove h postpaid ชำระ ค่า น้ำประปา นครหลวง
ec686c55-e622-4ee2-8f8e-2df2b990186a,2025-08-16,01:51,KFC Drive Thru,ชำระเงิน,1109.28,food,True,False,wants,False,kfc drive thru ชำระเงิน
84524feb-7e2d-4d6e-8d4a-cfb2cc878f41,2025-07-12,10:48,McDonald's EmQuartier,ไก่ทอด KFC บักเก็ตพิเศษ,441.84,food,True,False,wants,False,mcdonald s emquartier ไก่ทอด kfc บัก เก็ต พิเศษ
6e1847b9-7cbd-4b1a-ad6e-80ccdf02a194,2025-04-24,10:01,Uniqlo Central Rama 9,ซื้อเสื้อกล้ามและกางเกงสแล็ค,2350.48,shopping,True,False,wants,False,uniqlo central rama 9 ซื้อ เสื้อกล้าม และ กางเกง สแล็ค
d603c713-4481-43c2-8ec8-a2deed3ef929,2025-07-24,14:58,Major Cineplex รัชโยธิน,Disney+ Hotstar รายปี,1555.52,entertainment,True,False,wants,False,major cineplex รัชโยธิน disney hotstar รายปี
67e0c08c-c169-4c6e-ad00-f107b0f0d672,2025-09-08,15:59,Board Game Cafe Ari,PlayStation Plus Member,705.31,entertainment,True,False,wants,False,board game cafe ari playstation plus member
149534d8-c48c-4391-bb6a-7917d620ee5d,2025-02-25,16:45,B2S Think Space,โคมไฟมินิมอลแต่งโต๊ะทำงาน,1857.27,shopping,True,True,wants,False,b 2 s think space โคมไฟ มินิ มอ ล แต่ง โต๊ะทำงาน
58cba0de-ebec-4c78-8c00-cd93a98dd15c,2025-12-27,00:39,ShopeeFood - McDonald's 24hrs,พร้อมเพย์,559.21,food,True,True,impulse_delivery,False,shopeefood mcdonald s 24 hrs พร้อม เพย์
4bf27879-bd22-41a4-9f23-7bd86961b568,2025-09-12,13:31,3BB Broadband Member,ชำระบิลบัตรเครดิตรายเดือน,488.2,bills,False,False,routine,False,3 bb broadband member ชำ ระบิล บัตรเครดิต รายเดือน
ff90afa7-7fb1-4253-bd48-c5b33a78080b,2025-10-26,13:09,Momoparadise Central Rama 9,เบอร์เกอร์เนื้อทรัฟเฟิล,669.27,food,True,True,wants,False,momoparadise central rama 9 เบอร์เกอร์ เนื้อ ทรัฟเฟิล
1c1193e9-5725-4092-8f52-90e80944a079,2025-07-23,11:16,IKEA Bangna,ลิปสติกและพาเลตต์อายแชโดว์,1477.69,shopping,True,False,wants,False,ikea bangna ลิปสติก และ พา เลตต์ อายแชโดว์
9e509c21-7215-4c23-89b2-b4e334f62e23,2025-07-22,20:56,Spotify Premium TH,ร้องคาราโอเกะปาร์ตี้วันหยุด,580.6,entertainment,True,False,wants,False,spotify premium th ร้อง คาราโอเกะ ปาร์ตี้ วันหยุด
23a56965-9b85-4169-9b8c-e4472552f43f,2025-08-23,23:48,ปตท. PTT Station สาขา 2,Easy Pass เติมเงินทางด่วน,39.11,transport,False,False,routine,False,ปตท ptt station สาขา 2 easy pass เติม เงิน ทางด่วน
e5a17daa-017c-44d4-9d20-307d72f63bca,2025-06-05,12:10,Tops Supermarket All Seasons,ผลไม้นำเข้าและนมจืด,337.99,shopping,False,False,routine,False,tops supermarket all seasons ผลไม้ นำเข้า และ นม จืด
f401e0ed-9281-4326-bc9a-f7747d506ed6,2025-10-12,22:13,ร้านส้มตำเจ๊ไก่ รัชดา,เส้นเล็กน้ำตกหมูพิเศษ,57.66,food,False,False,routine,False,ร้าน ส้มตำ เจ๊ ไก่ รัชดา เส้น เล็ก น้ำตก หมู พิเศษ
a36294fb-a0d0-4497-b386-e0931285a571,2025-08-06,20:57,โจ๊กสามย่าน สาขา 2,มื้อเที่ยงกับทีม,238.75,food,False,False,routine,False,โจ๊ก สามย่าน สาขา 2 มื้อ เที่ยง กับ ทีม
147c0bcc-646a-4596-9bec-a18e81d0dff8,2025-09-15,23:05,Central Online Shopping,ช้อปปิ้งออนไลน์ช่วงลดราคาเที่ยงคืน,984.83,shopping,True,True,impulse_online,False,central online shopping ช้อปปิ้ง ออนไลน์ ช่วง ลดราคา เที่ยงคืน
b0006abd-64a7-4d75-aa15-d9bcf34510f6,2025-04-02,16:08,GrabCar Premium Bangkok,Grab VIP เดินทางไปสนามบิน,1100.68,transport,True,False,wants,False,grabcar premium bangkok grab vip เดินทาง ไป สนามบิน
113054f8-a155-480b-bc87-68f1432bcf7a,2025-10-29,22:07,Gentlewoman Store,ยอดตัดบัญชี,2626.29,shopping,True,False,wants,False,gentlewoman store ยอด ตัด บัญชี
d7e61212-f396-4168-ade7-88d2bec671db,2025-04-14,12:49,Haidilao Hot Pot CentralWorld,ปิ้งย่างบาร์บีคิวฉลองปิดโปรเจกต์,547.74,food,True,False,wants,False,haidilao hot pot centralworld ปิ้ง ย่าง บาร์บีคิว ฉลอง ปิด โปรเจกต์
a323c3ba-48f4-4917-89e6-be95d09973db,2025-12-22,15:36,GrabCar Premium Bangkok,คืนเพื่อน,259.66,transport,True,False,wants,False,grabcar premium bangkok คืน เพื่อน
21cc12d9-50ea-4d30-9178-6381452038e2,2025-03-20,18:54,SF Cinema World CentralWorld,เกมดิจิทัล Nintendo Switch,858.91,entertainment,True,False,wants,False,sf cinema world centralworld เกม ดิจิทัล nintendo switch
4bba00a1-0ed2-4f51-af58-211be5539739,2025-08-05,17:52,โอนร่วมบุญผ้าป่าวัดป่า,บริจาคช่วยมูลนิธิการกุศล,393.84,other,True,False,wants,False,โอน ร่วม บุญ ผ้าป่า วัด ป่า บริจาค ช่วย มูลนิธิ การกุศล
438ce920-3868-42f3-9914-028d9123db77,2025-04-03,20:10,ตู้เติมเงิน บุญเติม,ส่งพัสดุเอกสารด่วน,212.66,other,False,False,routine,False,ตู้ เติม เงิน บุญ เติม ส่ง พัสดุ เอกสาร ด่วน
3dd635a6-8fac-44ad-967c-befa78e9cb70,2025-03-10,15:19,H&M EmQuartier,เสื้อเบลเซอร์ทำงานคอลใหม่,1117.5,shopping,True,False,wants,False,h m emquartier เสื้อ เบล เซอร์ ทำงาน คอ ล ใหม่
95d8cc5d-1737-4b7d-bbfb-46668c80f022,2025-01-10,01:49,Lazada 9.9 Official Store,Flash Sale 00:00 หูฟังบลูทูธ,1834.37,shopping,True,True,impulse_online,False,lazada 9 9 official store flash sale 00 00 หูฟัง บลูทูธ
77531cc4-9e99-43ef-9e3c-830122f6b1a1,2025-02-28,09:33,ที่จอดรถ อาคารเสริมมิตร,เคลียร์ยอด,35.66,transport,False,False,routine,False,ที่จอดรถ อาคาร เสริม มิตร เคลียร์ ยอด
5701cc40-34ec-4975-ae2f-c09989dd51ca,2025-06-16,07:36,ร้านข้าวราดแกงเมืองตรัง,ข้าวกล่องเซเว่นพร้อมน้ำดื่ม,103.85,food,False,False,routine,False,ร้าน ข้าวราดแกง เมือง ตรัง ข้าว กล่อง เซเว่น พร้อม น้ำดื่ม
6e9ed148-9d72-4876-a30e-6e851d6ebac9,2025-01-26,22:55,Gentlewoman Store,หนังสือแปลและนวนิยายขายดี,1834.99,shopping,True,True,wants,False,gentlewoman store หนังสือ แปล และ นวนิยาย ขายดี
4fdae96a-ea29-48b1-9d09-1927ea288bdb,2025-12-25,12:31,McDonald's EmQuartier,ไก่ทอด KFC บักเก็ตพิเศษ,419.86,food,True,True,wants,False,mcdonald s emquartier ไก่ทอด kfc บัก เก็ต พิเศษ
457d0186-caa2-48bf-a5e5-30f9d9df65ea,2025-09-22,02:43,ที่จอดรถ อาคารเสริมมิตร,เติมน้ำมันมอเตอร์ไซค์เต็มถัง,73.93,transport,False,False,routine,False,ที่จอดรถ อาคาร เสริม มิตร เติมน้ำมัน มอเตอร์ไซค์ เต็ม ถัง
41586e6c-6f90-4dc1-b56e-6270c21faecc,2025-02-02,10:31,Lotus's สุขุมวิท 50,ซื้อยาสีฟัน แชมพู และสบู่เหลว,228.84,shopping,False,False,routine,False,lotus s สุขุมวิท 50 ซื้อ ยาสีฟัน แชมพู และ สบู่เหลว
b57474e0-eb95-4919-b427-538bac47a8c9,2025-07-02,16:49,ข้าวมันไก่ตอนประตูน้ำ,Iced Black Coffee หวานน้อย,241.24,food,False,False,routine,False,ข้าวมัน ไก่ตอน ประตูน้ำ iced black coffee หวาน น้อย
55a85ce9-abc1-4beb-8444-8d0b30152514,2025-10-17,13:39,BTS Skytrain อโศก,M-Flow ชำระค่าผ่านทางด่วน,114.24,transport,False,False,routine,False,bts skytrain อโศก m flow ชำระ ค่า ผ่าน ทางด่วน
65bdeab5-e752-4d99-b922-a7bdb9c7a19e,2025-08-28,12:26,The Beer Bar Sukhumvit 11,ตั๋วคอนเสิร์ตอินดี้มิวสิก,784.7,entertainment,True,False,wants,False,the beer bar sukhumvit 11 ตั๋ว คอนเสิร์ต อินดี้ มิวสิก
f6c8f742-f1ae-4bbc-99d0-a478e1ab7c30,2025-03-25,15:45,Lotus's สุขุมวิท 50,น้ำยาซักผ้าและปรับผ้านุ่ม,122.18,shopping,False,False,routine,False,lotus s สุขุมวิท 50 น้ำยา ซักผ้า และ ปรับ ผ้า นุ่ม
35a32b50-0824-4279-804b-119c4e90c3f2,2025-10-12,02:55,TikTok Shop Thailand,เครื่องดูดฝุ่นไร้สายกดตอนเที่ยงคืน,2070.46,shopping,True,True,impulse_online,False,tiktok shop thailand เครื่องดูดฝุ่น ไร้สาย กด ตอน เที่ยงคืน
81494b13-8892-499b-a0b4-8a207bc0de74,2025-02-01,13:52,Amazon Cafe PTT,เคลียร์ยอด,50.57,food,False,False,routine,False,amazon cafe ptt เคลียร์ ยอด
e94ace69-485e-4fc1-bb8f-eecdbb0c5c0d,2025-09-04,11:52,วินมอเตอร์ไซค์ ซอยสุขุมวิท 21,เติมเงินบัตร BTS รายเดือน,65.6,transport,False,False,routine,False,วิน มอเตอร์ไซค์ ซอย สุขุมวิท 21 เติม เงิน บัตร bts รายเดือน
58edae10-49bb-4f4b-a378-81927384f168,2025-07-02,14:31,NT Broadband Thailand,โอนค่าเช่าคอนโดประจำเดือน,3071.41,bills,False,False,routine,False,nt broadband thailand โอน ค่าเช่า คอนโด ประจำเดือน
d2bdf1a8-52ec-401e-9780-ab8506406199,2025-11-19,18:35,Amazon Cafe PTT,แซนด์วิชทูน่ามื้อเช้า,96.07,food,False,False,routine,False,amazon cafe ptt แซนด์วิช ทูน่า มื้อ เช้า
8aa43299-d6d5-4bdf-8690-55d20db2ff29,2025-07-31,07:13,Boots Pharmacy พระราม 9,ผลไม้นำเข้าและนมจืด,436.84,shopping,False,False,routine,False,boots pharmacy พระราม 9 ผลไม้ นำเข้า และ นม จืด
bb1757c0-f1bd-413b-a88f-5b253b1d289d,2025-07-31,07:10,ตู้เติมเงิน บุญเติม,ส่งพัสดุเอกสารด่วน,484.27,other,False,False,routine,False,ตู้ เติม เงิน บุญ เติม ส่ง พัสดุ เอกสาร ด่วน
08413048-53be-4a66-860e-a872f3bca41e,2025-08-24,08:13,โอนร่วมบุญผ้าป่าวัดป่า,บริจาคช่วยมูลนิธิการกุศล,222.11,other,True,False,wants,False,โอน ร่วม บุญ ผ้าป่า วัด ป่า บริจาค ช่วย มูลนิธิ การกุศล
82889d04-dac5-483a-aac9-40b6659d361e,2025-03-05,08:33,Sukishi Korean Buffet,โอน,641.77,food,True,False,wants,False,sukishi korean buffet โอน
2c03ca7d-a662-4f62-b12b-40632bb27c12,2025-06-07,17:29,Nintendo eShop,โอนเงิน,643.92,entertainment,True,False,wants,False,nintendo eshop โอน เงิน
85536bb2-ddff-421a-af6d-a720e9c8ea52,2025-02-22,11:06,IKEA Bangna,กระเป๋าผ้าแบรนด์ยอดฮิต,2362.91,shopping,True,False,wants,False,ikea bangna กระเป๋า ผ้า แบรนด์ ยอดฮิต
36e6d357-d969-4f77-8aab-793e5a2d4a07,2025-03-28,15:04,บัตรเครดิต SCB CardX,ชำระค่าน้ำประปานครหลวง,2447.53,bills,False,False,routine,False,บัตรเครดิต scb cardx ชำระ ค่า น้ำประปา นครหลวง
8e9f25e2-497e-493c-9f66-c35e6ec275a6,2025-03-07,18:17,ประกันภัยรถยนต์ วิริยะประกันภัย,ยอดตัดบัญชี,1768.79,bills,False,False,routine,False,ประกันภัย รถยนต์ วิริยะ ประกันภัย ยอด ตัด บัญชี
3f799514-23eb-452f-8399-36d009d79db7,2025-04-30,18:08,บัตรเครดิต KTC Visa,ชำระบิลบัตรเครดิตรายเดือน,1835.85,bills,False,False,routine,False,บัตรเครดิต ktc visa ชำ ระบิล บัตรเครดิต รายเดือน
20c23522-b839-47d3-928e-27cf76f4ef53,2025-01-19,19:21,Haidilao Hot Pot CentralWorld,สุกี้ชุดครอบครัวพร้อมเป็ดย่าง,587.08,food,True,False,wants,False,haidilao hot pot centralworld สุกี้ ชุด ครอบครัว พร้อม เป็ด ย่าง
893b4f2b-0616-44a3-980d-c54d4c316219,2025-06-25,12:04,การประปานครหลวง MWA,ชำระค่าน้ำประปานครหลวง,3666.58,bills,False,False,routine,False,การประปา นครหลวง mwa ชำระ ค่า น้ำประปา นครหลวง
33afef80-42b6-4d66-90ff-738a19e953d5,2025-01-31,10:43,Line Man Taxi VIP,คืนเพื่อน,636.56,transport,True,False,wants,False,line man taxi vip คืน เพื่อน
0c0c1553-6b38-47b5-b526-c2bbaa04a714,2025-11-11,19:49,Bolt Taxi Express,ตั๋วบินเชียงใหม่สุดสัปดาห์,1463.95,transport,True,False,wants,False,bolt taxi express ตั๋ว บิน เชียงใหม่ สุดสัปดาห์
27f0e4ff-05ec-46d1-b52c-528b675f61ca,2025-05-19,15:55,Karaoke City Praditmanutham,ตั๋วชมภาพยนตร์รอบค่ำ,1026.38,entertainment,True,False,wants,False,karaoke city praditmanutham ตั๋ว ชม ภาพยนตร์ รอบ ค่ำ
835c4042-cbbe-4e25-a6f6-2b0c17c909ec,2025-05-05,20:52,GrabCar Premium Bangkok,นั่ง Taxi Express ช่วงฝนตก,1613.92,transport,True,False,wants,False,grabcar premium bangkok นั่ง taxi express ช่วง ฝนตก
f225cf3b-2be6-407d-b08a-7aa8c1c281c6,2025-02-18,12:50,NT Broadband Thailand,เบี้ยประกันชีวิตและอุบัติเหตุ,3452.42,bills,False,False,routine,False,nt broadband thailand เบี้ย ประกันชีวิต และ อุบัติเหตุ
90e1dc52-08e6-4ea3-a8fe-fe0c4b9454cd,2025-08-16,13:00,Line Man Taxi VIP,คืนเพื่อน,1508.94,transport,True,False,wants,False,line man taxi vip คืน เพื่อน
ebedb164-c047-4471-a7a0-15436df6c850,2025-06-27,21:02,GrabCar Premium Bangkok,เช่ารถขับเที่ยวกับเพื่อน,2006.63,transport,True,True,wants,False,grabcar premium bangkok เช่า รถ ขับ เที่ยว กับ เพื่อน
fc2cc66a-b0e8-49cd-9091-dca6b34c2348,2025-08-13,09:09,Muji Central Chidlom,จ่ายผ่านแอป,871.79,shopping,True,False,wants,False,muji central chidlom จ่าย ผ่าน แอ ป
88811401-eb5b-4e99-90e7-a93ba44425ae,2025-05-22,17:35,PlayStation Network TH,ร้องคาราโอเกะปาร์ตี้วันหยุด,1410.9,entertainment,True,False,wants,False,playstation network th ร้อง คาราโอเกะ ปาร์ตี้ วันหยุด
f870e533-0fa0-483b-8678-b465201d66d0,2025-05-05,22:50,ประกันภัยรถยนต์ วิริยะประกันภัย,โอนค่าเช่าคอนโดประจำเดือน,2874.79,bills,False,False,routine,False,ประกันภัย รถยนต์ วิริยะ ประกันภัย โอน ค่าเช่า คอนโด ประจำเดือน
cce10f5b-e108-4651-826f-2d6125082679,2025-07-26,01:32,ShopeeFood - McDonald's 24hrs,ชานมไข่มุก golden bubble x2,375.63,food,True,True,impulse_delivery,False,shopeefood mcdonald s 24 hrs ชา นม ไข่มุก golden bubble x 2
6daf2437-abf6-4bbd-abee-607e5300c3bd,2025-09-11,14:14,Sephora Thailand,จ่ายผ่านแอป,2325.51,shopping,True,False,wants,False,sephora thailand จ่าย ผ่าน แอ ป
ee8d68b5-a35b-43a4-83a6-d1a3c29ed03b,2025-03-17,13:52,ค่าเช่าคอนโด ลุมพินีทาวเวอร์,เบี้ยประกันชีวิตและอุบัติเหตุ,1883.9,bills,False,False,routine,False,ค่าเช่า คอนโด ลุมพินี ทาวเวอร์ เบี้ย ประกันชีวิต และ อุบัติเหตุ
e458f624-88a7-4a39-b5a7-bab38b63473e,2025-02-24,22:33,MK Restaurants,ไก่ทอด KFC บักเก็ตพิเศษ,575.21,food,True,False,wants,False,mk restaurants ไก่ทอด kfc บัก เก็ต พิเศษ
d8bd61b7-0937-4a6c-af8f-b6ba1ab5b442,2025-02-19,13:49,ร้านข้าวต้มรอบดึก กวงเฮง,-,159.12,food,False,False,routine,False,ร้าน ข้าวต้ม รอบ ดึก กวง เฮง
43172652-2385-44e8-b489-325bbd54b9ff,2025-11-06,09:11,Amazon Cafe PTT,แซนด์วิชทูน่ามื้อเช้า,117.86,food,False,False,routine,False,amazon cafe ptt แซนด์วิช ทูน่า มื้อ เช้า
1c59e311-87ec-4f60-a1a6-27336cd75600,2025-06-16,18:02,Tops Supermarket All Seasons,น้ำยาซักผ้าและปรับผ้านุ่ม,145.27,shopping,False,False,routine,False,tops supermarket all seasons น้ำยา ซักผ้า และ ปรับ ผ้า นุ่ม
d448cd8f-cc9f-4601-b8b8-8c2ef8c08e9f,2025-03-29,18:49,Steam Games Store,ตั๋วหนัง IMAX 3D พร้อมป๊อปคอร์น,347.86,entertainment,True,False,wants,False,steam games store ตั๋วหนัง imax 3 d พร้อม ป๊อปคอร์น
8b8b5672-4190-459e-b5fb-461df19948c4,2025-11-18,09:04,7-Eleven สาขาอโศก,ข้าวต้มปลาอินทรีย์รอบค่ำ,164.89,food,False,False,routine,False,7 eleven สาขา อโศก ข้าวต้ม ปลา อินทรีย์ รอบ ค่ำ
33d2a06f-75ba-4fa1-90db-d65700d4c688,2025-07-14,20:36,ชายสี่บะหมี่เกี๊ยว,ชำระเงิน,167.6,food,False,False,routine,False,ชาย สี่ บะหมี่ เกี๊ยว ชำระเงิน
b9a49e76-3091-451a-9a24-ffc53e8cb05e,2025-10-29,11:22,7-Eleven สาขาอโศก,ข้าวต้มปลาอินทรีย์รอบค่ำ,244.66,food,False,False,routine,False,7 eleven สาขา อโศก ข้าวต้ม ปลา อินทรีย์ รอบ ค่ำ
4410dff9-c0dc-471e-8d75-09a18bc008ba,2025-09-30,13:52,ค่าธรรมเนียมถอนเงินข้ามเขต,ทำบุญค่าน้ำค่าไฟวัดประจำเดือน,329.71,other,False,False,routine,False,ค่าธรรมเนียม ถอนเงิน ข้าม เขต ทำบุญ ค่าน้ำค่าไฟ วัด ประจำเดือน
8d07560c-eef4-498b-b6c5-e151f22ace4b,2025-04-13,00:47,Lineman - ยำกุ้งสดแซ่บลืมผัว,ยำแซลมอนกุ้งสด สั่งตอนหิวรอบดึก,1104.61,food,True,True,impulse_delivery,False,lineman ยำ กุ้ง สด แซ่บ ลืม ผัว ยำ แซลมอน กุ้ง สด สั่ง ตอน หิว รอบ ดึก
0c63fadc-2982-4656-ae92-f3970c9300e1,2025-07-04,19:12,ร้านข้าวต้มรอบดึก กวงเฮง,ข้าวต้มปลาอินทรีย์รอบค่ำ,61.21,food,False,False,routine,False,ร้าน ข้าวต้ม รอบ ดึก กวง เฮง ข้าวต้ม ปลา อินทรีย์ รอบ ค่ำ
eb00a797-145a-4508-973d-2549931f3e69,2025-10-22,17:13,Board Game Cafe Ari,PlayStation Plus Member,1076.71,entertainment,True,False,wants,False,board game cafe ari playstation plus member
36d8696f-61b1-4c59-88e3-82584b9ef780,2025-03-11,17:28,Karaoke City Praditmanutham,ร้องคาราโอเกะปาร์ตี้วันหยุด,1757.47,entertainment,True,False,wants,False,karaoke city praditmanutham ร้อง คาราโอเกะ ปาร์ตี้ วันหยุด
ec278673-f18b-4a54-bb52-9cc5f00a44dc,2025-08-28,08:47,B2S Think Space,โคมไฟมินิมอลแต่งโต๊ะทำงาน,2250.28,shopping,True,False,wants,False,b 2 s think space โคมไฟ มินิ มอ ล แต่ง โต๊ะทำงาน
ebe3a797-f373-4a82-8cd7-dc4af0f4210e,2025-03-01,02:23,Muji Central Chidlom,-,2673.84,shopping,True,False,wants,False,muji central chidlom
41080eac-97e7-4040-a893-44ca51b6f29b,2025-12-12,20:34,Karaoke City Praditmanutham,โอน,706.24,entertainment,True,False,wants,False,karaoke city praditmanutham โอน
8c2b67e9-2084-4fe1-885a-b71424d13346,2025-03-03,14:19,Boots Pharmacy พระราม 9,กล่องเก็บของและอุปกรณ์อเนกประสงค์,123.05,shopping,False,False,routine,False,boots pharmacy พระราม 9 กล่อง เก็บ ของ และ อุปกรณ์ อเนกประสงค์
098cb5d3-a44b-4e28-afc6-50d3e680d0b4,2025-04-02,14:03,บัตรเครดิต SCB CardX,ค่าบริการอินเทอร์เน็ตบ้านไฟเบอร์,3853.78,bills,False,False,routine,False,บัตรเครดิต scb cardx ค่าบริการ อินเทอร์เน็ต บ้าน ไฟเบอร์
e95de624-2af4-4cff-84c0-55e4bd3eb239,2025-04-25,01:12,Apple Store Online TH,Flash Sale 00:00 หูฟังบลูทูธ,2232.04,shopping,True,True,impulse_online,False,apple store online th flash sale 00 00 หูฟัง บลูทูธ
bc8d5636-7c17-4966-aad3-997e6c99f5b5,2025-02-03,09:05,Spotify Premium TH,ไม่ระบุ,764.87,entertainment,True,False,wants,False,spotify premium th ไม่ ระบุ
2ff2f6d8-b055-4d22-a9ea-dd38806581e3,2025-05-19,21:46,Muji Central Chidlom,โคมไฟมินิมอลแต่งโต๊ะทำงาน,1051.81,shopping,True,False,wants,False,muji central chidlom โคมไฟ มินิ มอ ล แต่ง โต๊ะทำงาน
9a7d67f3-8040-4ebf-aeeb-3c57cb3a04b3,2025-07-10,07:33,โอนร่วมบุญผ้าป่าวัดป่า,โอนเงินซื้อของขวัญวันเกิดเพื่อน,386.85,other,True,False,wants,False,โอน ร่วม บุญ ผ้าป่า วัด ป่า โอน เงิน ซื้อ ของขวัญ วันเกิด เพื่อน
5a2a473b-c668-472d-ae46-df51577a2a75,2025-05-16,00:22,Lineman - ยำกุ้งสดแซ่บลืมผัว,ไก่ทอดบอนชอนชุดปาร์ตี้ สั่งดึก,717.34,food,True,True,impulse_delivery,False,lineman ยำ กุ้ง สด แซ่บ ลืม ผัว ไก่ทอด บอน ชอน ชุด ปาร์ตี้ สั่ง ดึก
b6b87fc1-2cab-46b0-b4b9-a397da84bd70,2025-05-09,01:15,GrabFood - ชานมไข่มุก KOI The,พิซซ่าถาดกลางหนานุ่มส่งรอบเที่ยงคืน,574.89,food,True,True,impulse_delivery,False,grabfood ชา นม ไข่มุก koi the พิซซ่า ถาด กลาง หนา นุ่ม ส่ง รอบ เที่ยงคืน
6e67f256-056b-47bb-9a86-245d35f36050,2025-01-12,00:25,GrabCar Premium Bangkok,จองตั๋วเครื่องบินไปเที่ยวภูเก็ต,1371.63,transport,True,False,wants,False,grabcar premium bangkok จองตั๋ว เครื่องบิน ไปเที่ยว ภูเก็ต
4d4dc475-0c08-46f1-b3fc-f5b16a1f6745,2025-01-29,18:33,ร้านอาหารตามสั่งลุงหนวด,อาหารตามสั่งจานด่วน,232.81,food,False,False,routine,False,ร้านอาหาร ตาม สั่ง ลุง หนวด อาหาร ตาม สั่ง จาน ด่วน
69c3285f-4452-4867-a0b0-a70016073ed2,2025-08-31,13:59,Caltex เอกมัย,แตะบัตร เอ็มอาร์ที สถานีพระราม 9,55.72,transport,False,False,routine,False,caltex เอกมัย แตะ บัตร เอ็ม อาร์ ที สถานี พระราม 9
174e2fc3-a62b-49a4-a10a-2da9fda4477f,2025-08-22,13:19,Shell Station สุขุมวิท,เติมน้ำมันดีเซลเต็มถัง,114.41,transport,False,False,routine,False,shell station สุขุมวิท เติม น้ำมันดีเซล เต็ม ถัง
8abda938-2fe0-406f-9f2c-030a0549c68b,2025-09-25,12:39,3BB Broadband Member,ค่าเน็ตบ้านรายเดือน 3BB,3507.73,bills,False,False,routine,False,3 bb broadband member ค่า เน็ต บ้าน รายเดือน 3 bb
fdf5862b-9294-4871-9298-9e5bb1745146,2025-09-02,08:33,ชายสี่บะหมี่เกี๊ยว,แซนด์วิชทูน่ามื้อเช้า,200.11,food,False,False,routine,False,ชาย สี่ บะหมี่ เกี๊ยว แซนด์วิช ทูน่า มื้อ เช้า
fb549f9b-af14-4ed1-a948-9d5eae46e589,2025-02-06,16:02,Uniqlo Central Rama 9,ซื้อเสื้อกล้ามและกางเกงสแล็ค,2857.84,shopping,True,False,wants,False,uniqlo central rama 9 ซื้อ เสื้อกล้าม และ กางเกง สแล็ค
92e3ee92-b3b1-4db8-8507-d1bae9b96988,2025-04-17,20:18,McDonald's EmQuartier,ไก่ทอด KFC บักเก็ตพิเศษ,903.79,food,True,False,wants,False,mcdonald s emquartier ไก่ทอด kfc บัก เก็ต พิเศษ
5f5bcfa1-8f74-40ae-8a14-e3beafdcb5a7,2025-11-04,13:30,BCP บางจาก พระโขนง,เคลียร์ยอด,71.83,transport,False,False,routine,False,bcp บาง จาก พระ โขนง เคลียร์ ยอด
b3a89a99-4e5d-4b5b-a854-bca428d54f62,2025-06-16,11:05,Momoparadise Central Rama 9,ไก่ทอด KFC บักเก็ตพิเศษ,910.62,food,True,False,wants,False,momoparadise central rama 9 ไก่ทอด kfc บัก เก็ต พิเศษ
612167dc-8190-4a87-8411-304a07a18d66,2025-08-01,22:47,ร้านข้าวราดแกงเมืองตรัง,โจ๊กหมูใส่ไข่เยี่ยวม้า,57.4,food,False,False,routine,False,ร้าน ข้าวราดแกง เมือง ตรัง โจ๊ก หมู ใส่ ไข่เยี่ยวม้า
6f016e9d-3859-43d9-82c6-aaf0577f6a26,2025-12-18,19:35,7-Eleven สาขาอโศก,บะหมี่เกี๊ยวหมูแดงแห้ง,105.78,food,False,False,routine,False,7 eleven สาขา อโศก บะหมี่ เกี๊ยว หมูแดง แห้ง
759d7793-2cb4-4130-b1c3-4a75b0bbf74a,2025-05-10,08:54,The Beer Bar Sukhumvit 11,PlayStation Plus Member,1775.85,entertainment,True,False,wants,False,the beer bar sukhumvit 11 playstation plus member
70dc1534-d778-4662-9f7d-e0cc4aed9694,2025-10-23,23:04,GrabFood - ชานมไข่มุก KOI The,พิซซ่าถาดกลางหนานุ่มส่งรอบเที่ยงคืน,551.33,food,True,True,impulse_delivery,False,grabfood ชา นม ไข่มุก koi the พิซซ่า ถาด กลาง หนา นุ่ม ส่ง รอบ เที่ยงคืน
07754827-2341-413d-8555-9da0da132bbf,2025-01-02,17:13,Lotus's สุขุมวิท 50,ผลไม้นำเข้าและนมจืด,205.95,shopping,False,False,routine,False,lotus s สุขุมวิท 50 ผลไม้ นำเข้า และ นม จืด
7e0cba04-969e-4270-9393-2f92bf6d425b,2025-09-28,12:28,ชายสี่บะหมี่เกี๊ยว,โจ๊กหมูใส่ไข่เยี่ยวม้า,130.17,food,False,False,routine,False,ชาย สี่ บะหมี่ เกี๊ยว โจ๊ก หมู ใส่ ไข่เยี่ยวม้า
89d1af42-a6d2-4e2c-bc2f-670d2ad94b7d,2025-08-18,08:19,Lotus's สุขุมวิท 50,โอน,323.7,shopping,False,False,routine,False,lotus s สุขุมวิท 50 โอน
54496478-0e82-45d1-9da6-74a867f619f8,2025-05-28,09:11,KFC Drive Thru,เบอร์เกอร์เนื้อทรัฟเฟิล,270.41,food,True,False,wants,False,kfc drive thru เบอร์เกอร์ เนื้อ ทรัฟเฟิล
3727c588-d4d4-4cc9-a572-ae08a43f3a3d,2025-07-27,08:28,Gentlewoman Store,หนังสือแปลและนวนิยายขายดี,692.48,shopping,True,True,wants,False,gentlewoman store หนังสือ แปล และ นวนิยาย ขายดี
b540d517-88cf-49de-b19c-c32776c6eed9,2025-06-19,08:21,ปตท. PTT Station สาขา 1,M-Flow ชำระค่าผ่านทางด่วน,39.64,transport,False,False,routine,False,ปตท ptt station สาขา 1 m flow ชำระ ค่า ผ่าน ทางด่วน
93a0e24e-6115-41ed-b6f3-7393fda38266,2025-07-28,21:20,ที่จอดรถ อาคารเสริมมิตร,โอน,101.15,transport,False,False,routine,False,ที่จอดรถ อาคาร เสริม มิตร โอน
0a714fe5-5233-4f28-a31d-8f9825de04e9,2025-09-07,12:23,MK Restaurants,Shibuya Honey Toast และชาร้อน,727.48,food,True,False,wants,False,mk restaurants shibuya honey toast และ ชาร้อน
46e6beb0-8fe6-4ebd-8759-77e68361429c,2025-10-28,16:09,บัตรเครดิต KTC Visa,ชำระค่าน้ำประปานครหลวง,1728.44,bills,False,False,routine,False,บัตรเครดิต ktc visa ชำระ ค่า น้ำประปา นครหลวง
b4173832-6db1-4e93-93b8-5f9eb4afa1ab,2025-12-18,10:42,Gourmet Market Siam Paragon,กล่องเก็บของและอุปกรณ์อเนกประสงค์,300.92,shopping,False,False,routine,False,gourmet market siam paragon กล่อง เก็บ ของ และ อุปกรณ์ อเนกประสงค์
33db6651-36aa-4058-9125-f6008e3b7e7b,2025-08-15,17:40,KFC Drive Thru,เซ็ตซูชิพรีเมียมแซลมอน 5 คำ,1183.87,food,True,False,wants,False,kfc drive thru เซ็ต ซูชิ พรีเมียม แซลมอน 5 คำ
b24ecf91-f853-4ab2-9078-d4ae72041a2f,2025-05-26,14:15,Momoparadise Central Rama 9,ชาบูหม้อไฟหมาล่าพรีเมียม,1088.55,food,True,True,wants,False,momoparadise central rama 9 ชาบู หม้อไฟ หมา ล่า พรีเมียม
5ad2389a-88b3-449e-8df7-cdbd15b3a493,2025-11-22,13:27,ทางด่วน กทพ. Easy Pass,M-Flow ชำระค่าผ่านทางด่วน,58.0,transport,False,False,routine,False,ทางด่วน กทพ easy pass m flow ชำระ ค่า ผ่าน ทางด่วน
d2eec5ba-972a-494c-a9b9-30c8d9de976c,2025-02-25,23:18,KFC Drive Thru,ปิ้งย่างบาร์บีคิวฉลองปิดโปรเจกต์,998.06,food,True,True,wants,False,kfc drive thru ปิ้ง ย่าง บาร์บีคิว ฉลอง ปิด โปรเจกต์
083070be-1f9f-4397-8521-551eb504e302,2025-10-02,22:10,Boots Pharmacy พระราม 9,ซื้อยาสีฟัน แชมพู และสบู่เหลว,212.73,shopping,False,False,routine,False,boots pharmacy พระราม 9 ซื้อ ยาสีฟัน แชมพู และ สบู่เหลว
d5d19641-70f4-4ab5-8225-dd898b33f000,2025-04-20,08:00,YouTube Premium Monthly,ตั๋วชมภาพยนตร์รอบค่ำ,1555.59,entertainment,True,False,wants,False,youtube premium monthly ตั๋ว ชม ภาพยนตร์ รอบ ค่ำ
24ef73a7-020d-4a18-ac1c-9f4a86722b98,2025-11-11,22:08,3BB Broadband Member,โอน,1889.11,bills,False,False,routine,False,3 bb broadband member โอน
f3d1403d-d3e6-43bc-aca1-d0d2501a4694,2025-06-03,12:24,Netflix Thailand,เล่นบอร์ดเกมกับกลุ่มเพื่อน,703.07,entertainment,True,False,wants,False,netflix thailand เล่น บอร์ด เกม กับ กลุ่ม เพื่อน
9e49a892-a5a9-4c6a-8b02-095a28f569d3,2025-07-03,13:35,Gourmet Market Siam Paragon,ซื้อของใช้จำเป็นในห้องน้ำ,159.18,shopping,False,False,routine,False,gourmet market siam paragon ซื้อ ของใช้ จำเป็น ใน ห้องน้ำ
00245b3c-2739-4895-ab5d-257c7f53b787,2025-01-30,10:43,Uniqlo Central Rama 9,กระเป๋าผ้าแบรนด์ยอดฮิต,1986.21,shopping,True,False,wants,False,uniqlo central rama 9 กระเป๋า ผ้า แบรนด์ ยอดฮิต
7169c7f0-9a3d-46aa-ac04-f22501c3d32d,2025-11-17,15:16,Haidilao Hot Pot CentralWorld,เบอร์เกอร์เนื้อทรัฟเฟิล,820.55,food,True,False,wants,False,haidilao hot pot centralworld เบอร์เกอร์ เนื้อ ทรัฟเฟิล
0d18bdfb-c503-4f8e-a520-64e980f6d95b,2025-07-01,16:32,ค่าเช่าคอนโด ลุมพินีทาวเวอร์,จ่ายผ่านแอป,1782.69,bills,False,False,routine,False,ค่าเช่า คอนโด ลุมพินี ทาวเวอร์ จ่าย ผ่าน แอ ป
8e6afa93-87c4-4cbe-b4e4-72cc0d933d9a,2025-07-06,16:31,วินมอเตอร์ไซค์ ซอยสุขุมวิท 21,โอน,39.63,transport,False,False,routine,False,วิน มอเตอร์ไซค์ ซอย สุขุมวิท 21 โอน
3ab94e86-32af-49f7-a49d-99730f741860,2025-04-30,22:28,Sephora Thailand,เสื้อผ้าแฟชั่นเกาหลีแมตช์ชุด,1347.68,shopping,True,False,wants,False,sephora thailand เสื้อผ้า แฟชั่น เกาหลี แมตช์ ชุด
89b7e9f5-b13d-48b5-88b2-18d82a525fbe,2025-09-23,00:25,GrabCar Premium Bangkok,ตั๋วบินเชียงใหม่สุดสัปดาห์,394.91,transport,True,False,wants,False,grabcar premium bangkok ตั๋ว บิน เชียงใหม่ สุดสัปดาห์
db3cf3b4-cd0d-490b-b414-387bf442c070,2025-12-06,21:05,Sukishi Korean Buffet,สุกี้ชุดครอบครัวพร้อมเป็ดย่าง,426.38,food,True,False,wants,False,sukishi korean buffet สุกี้ ชุด ครอบครัว พร้อม เป็ด ย่าง
6231f777-fef9-46d9-9dc6-a10e8f24fb70,2025-11-23,20:46,YouTube Premium Monthly,ร้องคาราโอเกะปาร์ตี้วันหยุด,1664.69,entertainment,True,False,wants,False,youtube premium monthly ร้อง คาราโอเกะ ปาร์ตี้ วันหยุด
f34f8682-4804-4b12-a110-dddbdfde7540,2025-05-19,17:59,Board Game Cafe Ari,จ่ายผ่านแอป,1213.55,entertainment,True,False,wants,False,board game cafe ari จ่าย ผ่าน แอ ป
6cef2818-d392-4225-9cf7-7be4a4eb303b,2025-03-18,22:35,ร้านข้าวต้มรอบดึก กวงเฮง,เส้นเล็กน้ำตกหมูพิเศษ,158.62,food,False,False,routine,False,ร้าน ข้าวต้ม รอบ ดึก กวง เฮง เส้น เล็ก น้ำตก หมู พิเศษ
951d6deb-3472-4822-a4c5-a2b4a32b176d,2025-01-01,18:36,Sukishi Korean Buffet,Iced Caramel Macchiato Venti,984.41,food,True,False,wants,False,sukishi korean buffet iced caramel macchiato venti
7fc1e6ee-4996-49bc-842d-fa4464e5754d,2025-01-11,14:17,Line Man Taxi VIP,เรียกรถ GrabCar ไปปาร์ตี้,289.07,transport,True,False,wants,False,line man taxi vip เรียก รถ grabcar ไป ปาร์ตี้
5b6ad5e9-3771-473c-a3c4-53b8f5465fd8,2025-05-06,19:47,Bar B Q Plaza,บุฟเฟต์ปิ้งย่างเกาหลีชุดใหญ่,674.27,food,True,False,wants,False,bar b q plaza บุฟเฟต์ ปิ้ง ย่าง เกาหลี ชุด ใหญ่
054e5850-c592-4b42-90c0-a9459ee87c7c,2025-04-08,19:02,AirAsia Flight Booking,Grab VIP เดินทางไปสนามบิน,2317.92,transport,True,False,wants,False,airasia flight booking grab vip เดินทาง ไป สนามบิน
90eaa87f-ffc5-4593-a31e-affe97243cfb,2025-06-26,01:26,Major Cineplex รัชโยธิน,พร้อมเพย์,1205.71,entertainment,True,False,wants,False,major cineplex รัชโยธิน พร้อม เพย์
ffaaa323-ce25-47ec-9432-18729d3fd5f9,2025-05-30,19:33,ร้านข้าวต้มรอบดึก กวงเฮง,อาหารตามสั่งจานด่วน,95.49,food,False,False,routine,False,ร้าน ข้าวต้ม รอบ ดึก กวง เฮง อาหาร ตาม สั่ง จาน ด่วน
e837d123-e37f-457c-8d56-74d1229dd518,2025-10-01,12:41,3BB Broadband Member,ชำระค่าไฟฟ้าประจำเดือน MEA,3132.81,bills,False,False,routine,False,3 bb broadband member ชำระ ค่าไฟฟ้า ประจำเดือน mea
e073eb8c-df9a-427d-bf1e-ec3cb19054c4,2025-06-15,19:25,ค่าเช่าคอนโด ลุมพินีทาวเวอร์,โอนค่าเช่าคอนโดประจำเดือน,2419.96,bills,False,False,routine,False,ค่าเช่า คอนโด ลุมพินี ทาวเวอร์ โอน ค่าเช่า คอนโด ประจำเดือน
b4cee172-bff9-4453-a00e-849dffc970dd,2025-05-07,18:15,บัตรเครดิต KTC Visa,ชำระค่าไฟฟ้าประจำเดือน MEA,577.9,bills,False,False,routine,False,บัตรเครดิต ktc visa ชำระ ค่าไฟฟ้า ประจำเดือน mea
601ad917-be9b-4de2-9aae-efc8a111aba3,2025-08-01,11:47,Lotus's สุขุมวิท 50,ชำระเงิน,334.09,shopping,False,False,routine,False,lotus s สุขุมวิท 50 ชำระเงิน
35ad5038-9563-4f5c-b794-dba011b89519,2025-09-08,17:20,Amazon Cafe PTT,แซนด์วิชทูน่ามื้อเช้า,172.16,food,False,False,routine,False,amazon cafe ptt แซนด์วิช ทูน่า มื้อ เช้า
fe1b5334-a959-451e-b72b-057d76966b06,2025-11-27,02:41,Line Man Taxi VIP,จองตั๋วเครื่องบินไปเที่ยวภูเก็ต,376.01,transport,True,True,wants,False,line man taxi vip จองตั๋ว เครื่องบิน ไปเที่ยว ภูเก็ต
b07933b2-ffb3-4e6a-80ac-6400b1c714f2,2025-11-20,17:57,Big C Supercenter รัชดา,ของสดวัตถุดิบทำกับข้าว,143.11,shopping,False,False,routine,False,big c supercenter รัชดา ของสด วัตถุดิบ ทำกับข้าว
3bddfc39-ce99-4898-9c7c-37aa83371f6f,2025-01-29,19:17,Uniqlo Central Rama 9,หนังสือแปลและนวนิยายขายดี,2747.63,shopping,True,False,wants,False,uniqlo central rama 9 หนังสือ แปล และ นวนิยาย ขายดี
e5628427-d541-48ad-a1e0-5ada3c052a9f,2025-11-10,08:21,ค่าเช่าคอนโด ลุมพินีทาวเวอร์,ค่าเน็ตบ้านรายเดือน 3BB,3141.69,bills,False,False,routine,False,ค่าเช่า คอนโด ลุมพินี ทาวเวอร์ ค่า เน็ต บ้าน รายเดือน 3 bb
16b88991-2450-4bd4-8f2b-d1f1eecb3d39,2025-06-29,00:58,ธนาคารกสิกรไทย K-Mobile,ส่งพัสดุเอกสารด่วน,58.43,other,False,False,routine,False,ธนาคาร กสิกร ไทย k mobile ส่ง พัสดุ เอกสาร ด่วน
a142c670-bf3f-46b7-abd7-55598e13c450,2025-05-11,12:29,ร้านข้าวราดแกงเมืองตรัง,โจ๊กหมูใส่ไข่เยี่ยวม้า,187.84,food,False,False,routine,False,ร้าน ข้าวราดแกง เมือง ตรัง โจ๊ก หมู ใส่ ไข่เยี่ยวม้า
4ad2873c-26cc-47ec-ac2a-1b9d450efffe,2025-10-26,02:11,GrabFood - ชานมไข่มุก KOI The,พิซซ่าถาดกลางหนานุ่มส่งรอบเที่ยงคืน,829.86,food,True,True,impulse_delivery,False,grabfood ชา นม ไข่มุก koi the พิซซ่า ถาด กลาง หนา นุ่ม ส่ง รอบ เที่ยงคืน
800a9431-f2ff-4c83-8046-611f33323754,2025-08-04,22:06,Lotus's สุขุมวิท 50,ซื้อของใช้จำเป็นในห้องน้ำ,322.73,shopping,False,False,routine,False,lotus s สุขุมวิท 50 ซื้อ ของใช้ จำเป็น ใน ห้องน้ำ
d76ac5e5-29b3-413f-abf8-ddeb582818b1,2025-12-08,17:44,การประปานครหลวง MWA,ชำระยอดบัตรเครดิตยอดเต็ม,3183.28,bills,False,False,routine,False,การประปา นครหลวง mwa ชำระ ยอด บัตรเครดิต ยอด เต็ม
c0355c88-ceae-4570-b056-2bcdc94f148e,2025-04-24,18:52,ร้านข้าวต้มรอบดึก กวงเฮง,อาหารตามสั่งจานด่วน,162.38,food,False,False,routine,False,ร้าน ข้าวต้ม รอบ ดึก กวง เฮง อาหาร ตาม สั่ง จาน ด่วน
55d489ff-44e3-4860-9fcf-3ad2d8edce44,2025-06-30,09:39,Gourmet Market Siam Paragon,ซื้อยาสีฟัน แชมพู และสบู่เหลว,464.0,shopping,False,False,routine,False,gourmet market siam paragon ซื้อ ยาสีฟัน แชมพู และ สบู่เหลว
dffb9fc4-3ef2-449d-930b-e8b0ef5c7941,2025-07-30,12:53,Sukishi Korean Buffet,สุกี้ชาบูเนื้อวากิวไม่อั้น,532.77,food,True,False,wants,False,sukishi korean buffet สุกี้ ชาบู เนื้อ วา กิว ไม่ อั้น
0b067bdb-ec40-4359-bdea-bb2d24842358,2025-05-15,15:35,ที่จอดรถ อาคารเสริมมิตร,Easy Pass เติมเงินทางด่วน,81.77,transport,False,False,routine,False,ที่จอดรถ อาคาร เสริม มิตร easy pass เติม เงิน ทางด่วน
b3fbea36-879a-444a-941f-65572a149416,2025-09-19,19:30,Big C Supercenter รัชดา,ซื้อยาสีฟัน แชมพู และสบู่เหลว,385.29,shopping,False,False,routine,False,big c supercenter รัชดา ซื้อ ยาสีฟัน แชมพู และ สบู่เหลว
36477134-fe1e-4701-8ab1-e1f8ee5e4838,2025-04-10,18:10,ร้านอาหารตามสั่งลุงหนวด,เกาเหลาเลือดหมูข้าวเปล่า,68.08,food,False,False,routine,False,ร้านอาหาร ตาม สั่ง ลุง หนวด เกาเหลา เลือดหมู ข้าว เปล่า
2edbb6e5-fe0b-4ee0-9644-da9aeb86c920,2025-09-28,12:00,Bolt Taxi Express,เช่ารถขับเที่ยวกับเพื่อน,2222.06,transport,True,False,wants,False,bolt taxi express เช่า รถ ขับ เที่ยว กับ เพื่อน
8dec1bef-5a84-48ea-ae0d-f12ff80637a1,2025-10-11,08:39,บัตรเครดิต KTC Visa,ชำระค่าไฟฟ้าประจำเดือน MEA,1083.41,bills,False,False,routine,False,บัตรเครดิต ktc visa ชำระ ค่าไฟฟ้า ประจำเดือน mea
4f745c2c-3d65-49a5-8102-fc1890c024f2,2025-05-15,02:35,GrabFood - ชานมไข่มุก KOI The,ยำมาม่าหมูยอไข่แดงเค็มรอบดึก,329.09,food,True,True,impulse_delivery,False,grabfood ชา นม ไข่มุก koi the ยำ มาม่า หมูยอ ไข่แดง เค็ม รอบ ดึก
1faaa676-1505-4c55-9be4-ba2baa807cdb,2025-10-06,17:28,ร้านข้าวราดแกงเมืองตรัง,ข้าวราดแกง 2 อย่างไข่ต้ม,81.18,food,False,False,routine,False,ร้าน ข้าวราดแกง เมือง ตรัง ข้าวราดแกง 2 อย่าง ไข่ต้ม
19557180-02dc-4882-9ded-76bbc0f516ed,2025-12-14,21:02,PlayStation Network TH,ไม่ระบุ,1202.39,entertainment,True,False,wants,False,playstation network th ไม่ ระบุ
afb638f2-22d8-44ec-b4f0-ce640da7e514,2025-03-21,16:10,BCP บางจาก พระโขนง,แตะบัตร MRT สถานีพระราม 9,48.79,transport,False,False,routine,False,bcp บาง จาก พระ โขนง แตะ บัตร mrt สถานี พระราม 9
36b49fa8-2cb8-4261-9174-895b1a30a27a,2025-02-09,08:28,ร้านข้าวต้มรอบดึก กวงเฮง,แซนด์วิชทูน่ามื้อเช้า,171.0,food,False,False,routine,False,ร้าน ข้าวต้ม รอบ ดึก กวง เฮง แซนด์วิช ทูน่า มื้อ เช้า
6efca341-0830-41ce-a4da-74cb618f82fa,2025-11-29,09:58,Line Man Taxi VIP,เรียกรถ GrabCar ไปปาร์ตี้,1940.84,transport,True,False,wants,False,line man taxi vip เรียก รถ grabcar ไป ปาร์ตี้
78594a1a-f8f7-458c-af72-fa1c7c0691a8,2025-10-17,17:21,AIS Fibre Broadband,เบี้ยประกันสุขภาพรายเดือน,1073.86,bills,False,False,routine,False,ais fibre broadband เบี้ยประกัน สุขภาพ รายเดือน
ee2f6bd2-e864-4b79-8867-eee9ed04fb66,2025-05-29,14:32,Starbucks Reserve,ปิ้งย่างบาร์บีคิวฉลองปิดโปรเจกต์,617.81,food,True,False,wants,False,starbucks reserve ปิ้ง ย่าง บาร์บีคิว ฉลอง ปิด โปรเจกต์
fff2a810-cb70-4dd5-a9bc-81af2e147ffc,2025-10-21,15:25,Board Game Cafe Ari,เล่นบอร์ดเกมกับกลุ่มเพื่อน,423.33,entertainment,True,False,wants,False,board game cafe ari เล่น บอร์ด เกม กับ กลุ่ม เพื่อน
300cbd9f-fec8-4f1b-ac5a-edea5ea8c532,2025-04-08,18:52,Bolt Taxi Express,เรียกรถ GrabCar ไปปาร์ตี้,1365.63,transport,True,False,wants,False,bolt taxi express เรียก รถ grabcar ไป ปาร์ตี้
55b9ef83-f13e-4df9-a689-fd13a8fc9ab6,2025-04-27,07:40,Bar B Q Plaza,ปิ้งย่างบาร์บีคิวฉลองปิดโปรเจกต์,1071.7,food,True,True,wants,False,bar b q plaza ปิ้ง ย่าง บาร์บีคิว ฉลอง ปิด โปรเจกต์
1a946069-b5ea-403e-b326-072db2723284,2025-07-28,08:47,Muji Central Chidlom,เสื้อเบลเซอร์ทำงานคอลใหม่,862.83,shopping,True,False,wants,False,muji central chidlom เสื้อ เบล เซอร์ ทำงาน คอ ล ใหม่
e6d94ec4-6802-41b4-a92f-c576851f7dcd,2025-09-21,23:10,TikTok Shop Thailand,ช้อปปิ้งออนไลน์ช่วงลดราคาเที่ยงคืน,2816.93,shopping,True,True,impulse_online,False,tiktok shop thailand ช้อปปิ้ง ออนไลน์ ช่วง ลดราคา เที่ยงคืน
1c32590a-857f-4b82-bf4d-febd6f95c4f7,2025-01-31,22:07,Gentlewoman Store,เสื้อผ้าแฟชั่นเกาหลีแมตช์ชุด,1364.63,shopping,True,False,wants,False,gentlewoman store เสื้อผ้า แฟชั่น เกาหลี แมตช์ ชุด
3e065b61-a755-4179-8671-a71557162f54,2025-05-24,07:40,Caltex เอกมัย,เติมเงินบัตร BTS รายเดือน,28.91,transport,False,False,routine,False,caltex เอกมัย เติม เงิน บัตร bts รายเดือน
a8ce6005-694f-4644-91c6-a6ada20cc4af,2025-05-15,20:33,บัตรเครดิต KTC Visa,ชำระยอดบัตรเครดิตยอดเต็ม,3208.55,bills,False,False,routine,False,บัตรเครดิต ktc visa ชำระ ยอด บัตรเครดิต ยอด เต็ม
9823f386-0e7a-4b8c-8c70-3526a3685666,2025-07-08,22:26,Bolt Taxi Express,เรียกรถ GrabCar ไปปาร์ตี้,1357.78,transport,True,False,wants,False,bolt taxi express เรียก รถ grabcar ไป ปาร์ตี้
933c7649-39b1-49bc-bf0a-9647a69592c5,2025-05-17,00:00,ShopeeFood - McDonald's 24hrs,ชานมไข่มุก golden bubble x2,1009.49,food,True,True,impulse_delivery,False,shopeefood mcdonald s 24 hrs ชา นม ไข่มุก golden bubble x 2
e48ba31f-ce87-41f7-b566-4ef84c89c1d6,2025-08-06,02:21,Bolt Taxi Express,เรียกรถ GrabCar ไปปาร์ตี้,1844.96,transport,True,False,wants,False,bolt taxi express เรียก รถ grabcar ไป ปาร์ตี้
262f0513-0eaa-4549-8d4f-ba4d73e786dd,2025-09-25,00:15,TikTok Shop Thailand,เครื่องดูดฝุ่นไร้สายกดตอนเที่ยงคืน,1043.12,shopping,True,True,impulse_online,False,tiktok shop thailand เครื่องดูดฝุ่น ไร้สาย กด ตอน เที่ยงคืน
613b7e4e-cf83-4761-a201-b1e01124310f,2025-12-22,18:45,Line Man Taxi VIP,นั่ง Taxi Express ช่วงฝนตก,900.91,transport,True,False,wants,False,line man taxi vip นั่ง taxi express ช่วง ฝนตก
ae74e4aa-0a2b-4228-b3b0-0440f3f4ec38,2025-11-21,20:18,ที่จอดรถ อาคารเสริมมิตร,เติมน้ำมันมอเตอร์ไซค์เต็มถัง,93.75,transport,False,False,routine,False,ที่จอดรถ อาคาร เสริม มิตร เติมน้ำมัน มอเตอร์ไซค์ เต็ม ถัง
