transaction_id,merchant,memo,category_true,category_pred_baseline,category_pred_logreg,category_pred_lgbm,best_ml_pred,top1_prob,top2_prob,confidence_margin,is_unseen_merchant,sub_type,is_ml_misclassified,error_attribution
87a3b94f-e07c-442c-9261-8771fbf75512,Bar B Q Plaza,ชำระเงิน,food,other,food,food,food,0.5352,0.1394,0.3958,False,wants,False,ml_wins_baseline_wrong
693fb52b-f310-46d2-8d30-56742256c44c,Lotus's สุขุมวิท 50,กล่องเก็บของและอุปกรณ์อเนกประสงค์,shopping,other,shopping,shopping,shopping,0.8482,0.0455,0.8027,False,routine,False,ml_wins_baseline_wrong
a1d61151-ab21-43c2-87e0-3649957f4903,ข้าวมันไก่ตอนประตูน้ำ,Iced Black Coffee หวานน้อย,food,food,food,food,food,0.7455,0.0751,0.6703,False,routine,False,both_correct
3722d79f-0140-4b34-ad5b-3c3a8811d968,Uniqlo Central Rama 9,เสื้อผ้าแฟชั่นเกาหลีแมตช์ชุด,shopping,shopping,shopping,shopping,shopping,0.8001,0.0822,0.7178,False,wants,False,both_correct
0769d42d-eca3-478f-8ea6-6fe35e451cdf,YouTube Premium Monthly,จ่ายผ่านแอป,entertainment,entertainment,entertainment,entertainment,entertainment,0.5215,0.1599,0.3616,False,wants,False,both_correct
7a991a53-81ea-4baa-a4b0-ae6ed70d9763,McDonald's EmQuartier,โอนเงิน,food,food,other,transport,other,0.3456,0.3029,0.0427,False,wants,True,baseline_wins_ml_wrong
f4913496-8ec3-4209-9627-c5dec04808fa,ปตท. PTT Station สาขา 2,เติมเงินบัตร BTS รายเดือน,transport,transport,transport,transport,transport,0.7708,0.0646,0.7062,False,routine,False,both_correct
83fccaba-01d9-4b9a-a81e-009c7d5e4bd9,The Beer Bar Sukhumvit 11,xxx,entertainment,other,entertainment,entertainment,entertainment,0.7289,0.0872,0.6417,False,wants,False,ml_wins_baseline_wrong
70eae3b5-0e5c-467f-b38f-ab57c3a040be,ร้านส้มตำเจ๊ไก่ รัชดา,โอนเงิน,food,food,food,food,food,0.5668,0.1766,0.3903,False,routine,False,both_correct
72314932-4699-497a-9c0b-01d0d32acf5f,Lotus's สุขุมวิท 50,ซื้อยาแก้แพ้และวิตามินซีรวม,shopping,other,shopping,shopping,shopping,0.8355,0.0478,0.7877,False,routine,False,ml_wins_baseline_wrong
6517f38e-eac8-4734-a4c5-c488dfbb09d6,GrabCar Premium Bangkok,นั่ง Taxi Express ช่วงฝนตก,transport,transport,transport,transport,transport,0.841,0.0444,0.7966,False,wants,False,both_correct
938a0612-19f8-4512-ab2a-5752070f2edd,ร้านอาหารตามสั่งลุงหนวด,กาแฟคั่วเข้มแก้วเช้า,food,food,food,food,food,0.7094,0.0732,0.6362,False,routine,False,both_correct
ae2fcbf6-32fb-4ee4-9309-f8b03fb8c28b,Steam Games Store,ปาร์ตี้วันเกิดกับเพื่อนร่วมงาน,entertainment,entertainment,entertainment,entertainment,entertainment,0.7986,0.0542,0.7444,False,wants,False,both_correct
2ff79268-037b-44a4-900c-5a4e558e0aa5,Momoparadise Central Rama 9,ดินเนอร์ร้านอาหารอิตาเลียน,food,food,food,food,food,0.6533,0.1638,0.4895,False,wants,False,both_correct
9438cec1-28b3-4048-8221-dc091a12e0bc,McDonald's EmQuartier,Iced Caramel Macchiato Venti,food,food,food,food,food,0.7273,0.0989,0.6284,False,wants,False,both_correct
3250ea80-abff-425e-abcc-70e548bfac22,Sukishi Korean Buffet,สุกี้ชุดครอบครัวพร้อมเป็ดย่าง,food,food,food,food,food,0.7419,0.0689,0.673,False,wants,False,both_correct
b729b5a9-8a29-4290-9285-69d3b2532584,Foodpanda - Pizza Hut Delivery,ชานมไข่มุก golden bubble x2,food,food,food,food,food,0.6378,0.106,0.5318,False,impulse_delivery,False,both_correct
785e58df-369d-41cb-89af-d3c9965c6c5a,AIS Fibre Broadband,เบี้ยประกันสุขภาพรายเดือน,bills,bills,bills,bills,bills,0.7163,0.0645,0.6518,False,routine,False,both_correct
f0101d07-443f-4407-a813-5535e4e29902,โจ๊กสามย่าน สาขา 2,Iced Black Coffee หวานน้อย,food,food,food,food,food,0.7868,0.0562,0.7307,False,routine,False,both_correct
baa8ff52-b11e-4a2d-97b5-0dc632e2dd50,Sukishi Korean Buffet,ปิ้งย่างบาร์บีคิวฉลองปิดโปรเจกต์,food,food,food,food,food,0.7749,0.0498,0.725,False,wants,False,both_correct
ce1db391-dc17-41e9-9e27-1856d169ea77,PlayStation Network TH,ซื้อเกมลดราคาบน Steam Store,entertainment,entertainment,entertainment,entertainment,entertainment,0.8442,0.0609,0.7834,False,wants,False,both_correct
ab05f61b-5bfa-4dd4-a4ad-d87a62ac68ff,Karaoke City Praditmanutham,ตั๋วชมภาพยนตร์รอบค่ำ,entertainment,other,entertainment,entertainment,entertainment,0.8006,0.0583,0.7423,False,wants,False,ml_wins_baseline_wrong
1fcd4381-7cc1-4586-88e1-b02bd2b0321e,Apple Store Online TH,Apple Watch สายสปอร์ตแฟชั่น,shopping,shopping,shopping,entertainment,shopping,0.467,0.2093,0.2577,False,impulse_online,False,both_correct
d36e6d41-bbc7-431a-ae1c-4fd1cf13281d,ร้านข้าวต้มรอบดึก กวงเฮง,บะหมี่เกี๊ยวหมูแดงแห้ง,food,food,food,food,food,0.8793,0.0314,0.8479,False,routine,False,both_correct
75819a85-2d1e-4a0c-93ff-76471b5159a4,Karaoke City Praditmanutham,Spotify Individual Subscription,entertainment,entertainment,entertainment,entertainment,entertainment,0.7932,0.0565,0.7367,False,wants,False,both_correct
2dc9b22d-ef7b-442a-b8ae-495b0a701a89,Karaoke City Praditmanutham,ปาร์ตี้วันเกิดกับเพื่อนร่วมงาน,entertainment,other,entertainment,entertainment,entertainment,0.7445,0.071,0.6735,False,wants,False,ml_wins_baseline_wrong
5fc54ccc-afba-4e47-8eb2-9dd80cbe6ad7,BTS Skytrain อโศก,ค่าวินไปหน้าปากซอยสุขุมวิท,transport,transport,transport,transport,transport,0.7855,0.0619,0.7236,False,routine,False,both_correct
70ef765a-7f0f-4509-bf7e-a94f43146f6c,PromptPay โอนเงินส่วนตัว,บริจาคช่วยมูลนิธิการกุศล,other,other,other,other,other,0.8757,0.0292,0.8464,False,wants,False,both_correct
5c9775e8-7090-4f48-856b-aa88513fba88,Bolt Taxi Express,เช่ารถขับเที่ยวกับเพื่อน,transport,transport,transport,transport,transport,0.7416,0.0873,0.6544,False,wants,False,both_correct
6ad09354-3a55-46bb-960f-80fae031b51c,ร้านอาหารตามสั่งลุงหนวด,xxx,food,food,food,food,food,0.7237,0.0927,0.631,False,routine,False,both_correct
b01cb8e6-e2eb-4868-8f98-ee1f9a7f609f,Haidilao Hot Pot CentralWorld,เซ็ตซูชิพรีเมียมแซลมอน 5 คำ,food,shopping,food,food,food,0.7317,0.0749,0.6568,False,wants,False,ml_wins_baseline_wrong
b1bbb412-3b2e-4081-b5b1-1970282d5b12,Spotify Premium TH,Disney+ Hotstar รายปี,entertainment,entertainment,entertainment,entertainment,entertainment,0.8524,0.0369,0.8154,False,wants,False,both_correct
f3ab0176-eeea-45ac-a529-0be559a01d96,บัตรเครดิต SCB CardX,ชำระบิลบัตรเครดิตรายเดือน,bills,bills,bills,bills,bills,0.8757,0.03,0.8457,False,routine,False,both_correct
5fe3223a-7f03-420c-b6c6-aa0027f0200c,ชายสี่บะหมี่เกี๊ยว,ข้าวต้มปลาอินทรีย์รอบค่ำ,food,food,food,food,food,0.7637,0.0566,0.7071,False,routine,False,both_correct
6ca3bf9d-8f36-45d2-a00d-ffc4726b2d8b,Gentlewoman Store,หนังสือแปลและนวนิยายขายดี,shopping,other,shopping,shopping,shopping,0.7487,0.0701,0.6786,False,wants,False,ml_wins_baseline_wrong
4cbf022f-a679-491a-9360-c9b6ba096abb,ปตท. PTT Station สาขา 1,ค่าวินไปหน้าปากซอยสุขุมวิท,transport,transport,transport,transport,transport,0.8503,0.0416,0.8087,False,routine,False,both_correct
6332aa2e-ad7d-463f-8466-bd3df46d7ca6,Sukishi Korean Buffet,สุกี้ชาบูเนื้อวากิวไม่อั้น,food,food,food,food,food,0.7793,0.0605,0.7189,False,wants,False,both_correct
6d847e2a-fa85-44ac-9da3-b94145961988,Major Cineplex รัชโยธิน,Spotify Individual Subscription,entertainment,entertainment,entertainment,entertainment,entertainment,0.854,0.0394,0.8147,False,wants,False,both_correct
f094dc21-13bd-41b9-9ab7-13ba50390521,PromptPay โอนเงินส่วนตัว,โอนเงินซื้อของขวัญวันเกิดเพื่อน,other,other,other,other,other,0.8692,0.0366,0.8326,False,wants,False,both_correct
a566044b-0dbb-448c-8403-fc1b4ee0698b,การประปานครหลวง MWA,ชำระเงิน,bills,bills,bills,food,bills,0.4809,0.1375,0.3434,False,routine,False,both_correct
dea4dbd9-2cba-4300-b7bb-73f3d08d3f64,Line Man Taxi VIP,จองตั๋วเครื่องบินไปเที่ยวภูเก็ต,transport,transport,transport,transport,transport,0.8392,0.0463,0.7929,False,wants,False,both_correct
dc73c613-2b81-4a2b-b426-d5901def0fd7,Line Man Taxi VIP,จองตั๋วเครื่องบินไปเที่ยวภูเก็ต,transport,transport,transport,transport,transport,0.8392,0.0463,0.7929,False,wants,False,both_correct
9e3e54d8-cd1c-464e-8582-6ba3afff9995,3BB Broadband Member,ค่าบริการอินเทอร์เน็ตบ้านไฟเบอร์,bills,bills,bills,bills,bills,0.8737,0.035,0.8386,False,routine,False,both_correct
75680e98-2c08-44d6-8a53-f9a905b6540b,ชายสี่บะหมี่เกี๊ยว,Iced Black Coffee หวานน้อย,food,food,food,food,food,0.7294,0.0746,0.6548,False,routine,False,both_correct
c38dcc8d-ba2a-4e30-b060-9134b37b42ee,บัตรเครดิต KTC Visa,ค่าโทรศัพท์และบรอดแบนด์,bills,bills,bills,bills,bills,0.8697,0.0348,0.8349,False,routine,False,both_correct
410a119d-11b5-4b9b-96c0-b7e70884ccb2,Tops Supermarket All Seasons,น้ำยาซักผ้าและปรับผ้านุ่ม,shopping,other,shopping,shopping,shopping,0.8245,0.0459,0.7785,False,routine,False,ml_wins_baseline_wrong
d1bc0970-e7aa-4dc1-b5ae-f9ec43f6bdc9,BCP บางจาก พระโขนง,ค่าจอดรถรายชั่วโมงอาคาร,transport,transport,transport,food,transport,0.6952,0.0808,0.6144,False,routine,False,both_correct
49a70dee-6b01-4ae3-a10f-9be20f938663,Gentlewoman Store,เสื้อผ้าแฟชั่นเกาหลีแมตช์ชุด,shopping,shopping,shopping,shopping,shopping,0.7802,0.0649,0.7153,False,wants,False,both_correct
4bc96ad0-1cc8-421e-8aeb-193825092488,Haidilao Hot Pot CentralWorld,ชาบูหม้อไฟหมาล่าพรีเมียม,food,food,food,food,food,0.7704,0.06,0.7104,False,wants,False,both_correct
0d53add4-4ddf-4452-8b05-7ca5995fda42,ร้านอาหารตามสั่งลุงหนวด,ข้าวราดแกง 2 อย่างไข่ต้ม,food,food,food,food,food,0.8217,0.0509,0.7708,False,routine,False,both_correct
0e300582-8a18-439e-a0ac-41f0461f26b8,McDonald's EmQuartier,ไก่ทอด KFC บักเก็ตพิเศษ,food,food,food,food,food,0.7934,0.0615,0.7319,False,wants,False,both_correct
174b5c8e-0cc7-4146-8624-9c5df5791dd4,Apple Store Online TH,สั่งของเล่น Art Toy กล่องสุ่มไลฟ์ดึก,shopping,shopping,shopping,shopping,shopping,0.5591,0.1586,0.4006,False,impulse_online,False,both_correct
bfef2100-c097-4401-8846-ea97933f2ea4,ปตท. PTT Station สาขา 1,ค่าวินมอไซค์ไปต่อรถไฟฟ้า,transport,transport,transport,transport,transport,0.7876,0.0523,0.7353,False,routine,False,both_correct
ae10d835-ec76-4f08-96c2-92c8a92d6734,ข้าวมันไก่ตอนประตูน้ำ,กาแฟคั่วเข้มแก้วเช้า,food,food,food,food,food,0.6959,0.0795,0.6163,False,routine,False,both_correct
86f70e52-340b-48c3-97a8-10f101f1601a,ร้านส้มตำเจ๊ไก่ รัชดา,โจ๊กหมูใส่ไข่เยี่ยวม้า,food,food,food,food,food,0.8595,0.0439,0.8155,False,routine,False,both_correct
bc04632e-e7c1-4429-b675-71ae998fe654,Central Online Shopping,Flash Sale 00:00 หูฟังบลูทูธ,shopping,shopping,shopping,shopping,shopping,0.5831,0.1406,0.4424,False,impulse_online,False,both_correct
3c30bfa5-ae63-4955-b538-648ee19065e1,Haidilao Hot Pot CentralWorld,Iced Caramel Macchiato Venti,food,shopping,food,food,food,0.7255,0.0737,0.6518,False,wants,False,ml_wins_baseline_wrong
c3025321-6768-451f-a77a-b60cb358aa34,Amazon Cafe PTT,เส้นเล็กน้ำตกหมูพิเศษ,food,food,food,food,food,0.749,0.0742,0.6748,False,routine,False,both_correct
f8b59262-de8e-497e-95c8-40d2a354e9a6,Bar B Q Plaza,บุฟเฟต์ปิ้งย่างเกาหลีชุดใหญ่,food,food,food,food,food,0.7227,0.0848,0.6379,False,wants,False,both_correct
261c3abf-f908-4dbb-8cb8-c9dc1b610a6a,โจ๊กสามย่าน สาขา 2,พร้อมเพย์,food,other,food,food,food,0.7091,0.0808,0.6283,False,routine,False,ml_wins_baseline_wrong
db1abeaa-b5c2-47c7-8453-5b279b4af053,B2S Think Space,หนังสือแปลและนวนิยายขายดี,shopping,other,shopping,shopping,shopping,0.7579,0.0858,0.6721,False,wants,False,ml_wins_baseline_wrong
ad5796ec-bc30-4610-a997-fa5af77b7b7e,Sephora Thailand,สกินแคร์เซรั่มบำรุงผิวหน้า,shopping,other,shopping,shopping,shopping,0.5987,0.1457,0.453,False,wants,False,ml_wins_baseline_wrong
d85bc6c3-8e4d-441f-bafa-a1d93a2ba77b,Lotus's สุขุมวิท 50,ซื้อยาสีฟัน แชมพู และสบู่เหลว,shopping,other,shopping,shopping,shopping,0.8759,0.0392,0.8367,False,routine,False,ml_wins_baseline_wrong
d9b17986-15d1-4923-a2f9-783b69b08f24,Amazon Cafe PTT,เส้นเล็กน้ำตกหมูพิเศษ,food,food,food,food,food,0.749,0.0742,0.6748,False,routine,False,both_correct
642077f9-22a3-4444-824b-89e04c4451cd,ค่าธรรมเนียมถอนเงินข้ามเขต,โอน,other,other,other,other,other,0.7445,0.065,0.6794,False,routine,False,both_correct
de0bd3e7-b93d-4602-8df0-302417a87529,Board Game Cafe Ari,ซื้อเกมลดราคาบน Steam Store,entertainment,entertainment,entertainment,entertainment,entertainment,0.8366,0.0578,0.7788,False,wants,False,both_correct
59e37e11-2c38-4700-8b24-4021002ba388,โจ๊กสามย่าน สาขา 2,กะเพราหมูกรอบไข่ดาวไม่สุก,food,other,food,food,food,0.8381,0.0421,0.796,False,routine,False,ml_wins_baseline_wrong
1e6e5411-a82b-4ac7-94d5-e9063db91b48,Gourmet Market Siam Paragon,ผลไม้นำเข้าและนมจืด,shopping,other,shopping,shopping,shopping,0.7974,0.0579,0.7395,False,routine,False,ml_wins_baseline_wrong
f3f7a2ac-42b2-4a72-a03f-2da9de517bf3,Lazada 9.9 Official Store,ช้อปปิ้งออนไลน์ช่วงลดราคาเที่ยงคืน,shopping,shopping,shopping,shopping,shopping,0.7244,0.0911,0.6333,False,impulse_online,False,both_correct
ae866d5e-c842-4e6f-b9ca-d6d9fe5b39a2,Lazada 9.9 Official Store,ช้อปปิ้งออนไลน์ช่วงลดราคาเที่ยงคืน,shopping,shopping,shopping,shopping,shopping,0.7244,0.0911,0.6333,False,impulse_online,False,both_correct
f7558483-8c24-4d70-ad14-794380dc28e4,Sephora Thailand,เสื้อผ้าแฟชั่นเกาหลีแมตช์ชุด,shopping,shopping,shopping,shopping,shopping,0.7467,0.0752,0.6715,False,wants,False,both_correct
9c679e82-6581-4e4d-93ec-303016f298dd,วินมอเตอร์ไซค์ ซอยสุขุมวิท 21,เติมน้ำมันดีเซลเต็มถัง,transport,transport,transport,transport,transport,0.8378,0.0475,0.7903,False,routine,False,both_correct
89258177-05f4-4717-82e4-0a5e9424fe1b,PlayStation Network TH,Disney+ Hotstar รายปี,entertainment,entertainment,entertainment,entertainment,entertainment,0.8855,0.0303,0.8552,False,wants,False,both_correct
933c3d69-9c2f-43c6-b24c-7e8b150ba3e4,GrabCar Premium Bangkok,แกร็บ VIP เดินทางไปสนามบิน,transport,transport,transport,transport,transport,0.8468,0.0363,0.8104,False,wants,False,both_correct
3b961889-a69f-4173-ba76-13484685a438,PromptPay โอนเงินส่วนตัว,ร่วมบริจาคอาหารสุนัขแมวจรจัด,other,other,other,other,other,0.8812,0.0304,0.8508,False,wants,False,both_correct
a4be6d69-1554-4a2a-b0d1-62c87ccbfe32,TrueMove H Postpaid,ค่าแพ็กเกจมือถือรายเดือน 5G,bills,bills,bills,bills,bills,0.655,0.0846,0.5704,False,routine,False,both_correct
8d3a0295-6c75-4b52-889a-969d22c06e4b,Muji Central Chidlom,ซื้อเสื้อกล้ามและกางเกงสแล็ค,shopping,shopping,shopping,shopping,shopping,0.8283,0.0484,0.7799,False,wants,False,both_correct
780e9905-ba3e-4f7c-8343-04eee0970300,Uniqlo Central Rama 9,สกินแคร์เซรั่มบำรุงผิวหน้า,shopping,shopping,shopping,shopping,shopping,0.6673,0.1573,0.51,False,wants,False,both_correct
81548be6-1d48-4470-a96c-f9664e5c2730,ปตท. PTT Station สาขา 2,ค่าจอดรถรายชั่วโมงอาคาร,transport,transport,transport,transport,transport,0.6815,0.111,0.5705,False,routine,False,both_correct
e77c61a8-993c-4b46-b5a0-636f650a95a6,McDonald's EmQuartier,บุฟเฟต์ปิ้งย่างเกาหลีชุดใหญ่,food,food,food,food,food,0.721,0.1031,0.6179,False,wants,False,both_correct
1de82bd3-d6bf-424f-95e6-63675676595b,Starbucks Reserve,โอน,food,food,food,food,food,0.5105,0.1216,0.3889,False,wants,False,both_correct
a6e673bf-58ea-4ed3-9e4e-56cbf456e6cf,Karaoke City Praditmanutham,จ่ายเงิน,entertainment,other,entertainment,entertainment,entertainment,0.6145,0.1032,0.5113,False,wants,False,ml_wins_baseline_wrong
5ed0d837-d273-4d57-8689-37a40032bb22,GrabCar Premium Bangkok,เรียกรถ GrabCar ไปปาร์ตี้,transport,transport,transport,transport,transport,0.8247,0.0532,0.7715,False,wants,False,both_correct
264a964b-3517-4b8e-800a-930223ef90d4,ร้านข้าวราดแกงเมืองตรัง,ข้าวราดแกง 2 อย่างไข่ต้ม,food,food,food,food,food,0.8201,0.0466,0.7736,False,routine,False,both_correct
a49b2d18-ed44-4803-ae31-d4ae4302eb0d,ร้านส้มตำเจ๊ไก่ รัชดา,เกาเหลาเลือดหมูข้าวเปล่า,food,food,food,food,food,0.7534,0.0783,0.6751,False,routine,False,both_correct
10c4785b-4e82-4499-a74d-af6ac45a796a,H&M EmQuartier,กระเป๋าผ้าแบรนด์ยอดฮิต,shopping,shopping,shopping,shopping,shopping,0.7479,0.0623,0.6856,False,wants,False,both_correct
97f5baa5-ae2d-4dfa-8436-04ccf894b0ff,AirAsia Flight Booking,Grab VIP เดินทางไปสนามบิน,transport,transport,transport,transport,transport,0.8197,0.0476,0.7721,False,wants,False,both_correct
b96e5464-d312-49a5-a2ce-210ac9b1c919,Apple Store Online TH,เครื่องดูดฝุ่นไร้สายกดตอนเที่ยงคืน,shopping,shopping,shopping,shopping,shopping,0.6749,0.0932,0.5817,False,impulse_online,False,both_correct
138f9dc4-84a9-444a-a296-25f00fc00e66,Momoparadise Central Rama 9,ชาบูหม้อไฟหมาล่าพรีเมียม,food,food,food,food,food,0.7277,0.1143,0.6134,False,wants,False,both_correct
ddfdc9bc-4456-463a-a100-92a3c91e22f2,ร้านส้มตำเจ๊ไก่ รัชดา,แซนด์วิชทูน่ามื้อเช้า,food,food,food,food,food,0.7941,0.0636,0.7305,False,routine,False,both_correct
af174d63-210e-4ebb-b41a-71f7e26133b0,ร้านข้าวราดแกงเมืองตรัง,พร้อมเพย์,food,food,food,food,food,0.7102,0.0858,0.6243,False,routine,False,both_correct
b392c1b1-c59c-49ae-b83d-6c08cdbb7024,3BB Broadband Member,โอนค่าเช่าคอนโดประจำเดือน,bills,bills,bills,bills,bills,0.9255,0.0189,0.9066,False,routine,False,both_correct
3ea850af-7698-4a65-8d23-7e7cd7bfb8ba,PlayStation Network TH,เล่นบอร์ดเกมกับกลุ่มเพื่อน,entertainment,entertainment,entertainment,entertainment,entertainment,0.8913,0.0294,0.8619,False,wants,False,both_correct
c08cd0da-d658-4cf7-91ee-e3c424dec3bc,KFC Drive Thru,Iced Caramel Macchiato Venti,food,food,food,food,food,0.7678,0.0639,0.7039,False,wants,False,both_correct
1355d1b0-1d57-4f56-ac28-b5dadf97ab0b,7-Eleven สาขาอโศก,ข้าวต้มปลาอินทรีย์รอบค่ำ,food,food,food,food,food,0.752,0.0622,0.6899,False,routine,False,both_correct
69fa7214-987a-46ec-96c6-8b755e632706,Board Game Cafe Ari,ปาร์ตี้วันเกิดกับเพื่อนร่วมงาน,entertainment,food,entertainment,entertainment,entertainment,0.8006,0.0602,0.7404,False,wants,False,ml_wins_baseline_wrong
29f6350e-5a0d-4e6e-ab60-492a8a26aa19,Bolt Taxi Express,Grab VIP เดินทางไปสนามบิน,transport,transport,transport,transport,transport,0.8713,0.0336,0.8377,False,wants,False,both_correct
50dc6898-bf1a-48aa-8b92-bc50b5a0c4f5,Caltex เอกมัย,เติมน้ำมันดีเซลเต็มถัง,transport,transport,transport,transport,transport,0.7088,0.0819,0.6269,False,routine,False,both_correct
71d58629-539a-428b-9b46-c0d89186649b,ร้านข้าวต้มรอบดึก กวงเฮง,Iced Black Coffee หวานน้อย,food,food,food,food,food,0.8071,0.0504,0.7567,False,routine,False,both_correct
6d83195e-389b-4670-963c-65b9f43f4ada,3BB Broadband Member,ค่าโทรศัพท์และบรอดแบนด์,bills,bills,bills,bills,bills,0.8345,0.0434,0.791,False,routine,False,both_correct
78405453-bfae-4ea5-a706-8332e5e0f3bc,Big C Supercenter รัชดา,น้ำยาซักผ้าและปรับผ้านุ่ม,shopping,other,shopping,shopping,shopping,0.842,0.0444,0.7976,False,routine,False,ml_wins_baseline_wrong
a5a832a4-dd6f-4e20-8b2a-b28844ab6c12,โจ๊กสามย่าน สาขา 2,มื้อเที่ยงกับทีม,food,other,food,food,food,0.7976,0.0576,0.74,False,routine,False,ml_wins_baseline_wrong
f9e1d831-baab-4ded-abfe-ef7749d1d8a9,ปตท. PTT Station สาขา 2,เติมน้ำมันดีเซลเต็มถัง,transport,transport,transport,transport,transport,0.7828,0.0756,0.7072,False,routine,False,both_correct
229ae033-701a-41f7-94c2-94db6583921e,7-Eleven สาขาอโศก,ข้าวกล่องเซเว่นพร้อมน้ำดื่ม,food,food,food,food,food,0.6346,0.1179,0.5167,False,routine,False,both_correct
94d7be6e-6882-46a9-a080-915720b9a392,KFC Drive Thru,ดินเนอร์ร้านอาหารอิตาเลียน,food,food,food,food,food,0.7446,0.0763,0.6682,False,wants,False,both_correct
0d7dddd9-d218-42d7-90e0-cdabd7258372,Sukishi Korean Buffet,ดินเนอร์ร้านอาหารอิตาเลียน,food,food,food,food,food,0.7046,0.0881,0.6164,False,wants,False,both_correct
613d51f5-7faa-4809-ba80-a6d4ee449707,Boots Pharmacy พระราม 9,ของสดวัตถุดิบทำกับข้าว,shopping,food,shopping,shopping,shopping,0.6561,0.1041,0.552,False,routine,False,ml_wins_baseline_wrong
f421aaea-bc6b-46f8-b293-41eb4dc2bbed,BTS Skytrain อโศก,จ่ายผ่านแอป,transport,transport,transport,transport,transport,0.3918,0.2204,0.1714,False,routine,False,both_correct
be7163fe-ead7-4a73-bb4c-b585c1aa456b,Momoparadise Central Rama 9,เบอร์เกอร์เนื้อทรัฟเฟิล,food,shopping,food,food,food,0.7482,0.1149,0.6333,False,wants,False,ml_wins_baseline_wrong
29902a40-2eb2-4add-9db9-fcd3b0d3be48,ร้านอาหารตามสั่งลุงหนวด,กาแฟคั่วเข้มแก้วเช้า,food,food,food,food,food,0.7094,0.0732,0.6362,False,routine,False,both_correct
9725dcb8-bfab-4a99-a122-ec3c0be8eaa6,3BB Broadband Member,ชำระบิลบัตรเครดิตรายเดือน,bills,bills,bills,bills,bills,0.9369,0.0162,0.9206,False,routine,False,both_correct
b9b1e7e0-f5a9-4b7b-b2fa-2f7e67d9cee5,IKEA Bangna,ลิปสติกและพาเลตต์อายแชโดว์,shopping,shopping,shopping,shopping,shopping,0.7356,0.0903,0.6453,False,wants,False,both_correct
2473643e-2d89-4a71-a391-f88d6275432c,Bolt Taxi Express,เรียกรถ GrabCar ไปปาร์ตี้,transport,transport,transport,transport,transport,0.8693,0.0333,0.836,False,wants,False,both_correct
db4074f8-2089-4813-9cfb-fc96e1999ada,ปตท. PTT Station สาขา 1,M-Flow ชำระค่าผ่านทางด่วน,transport,transport,transport,transport,transport,0.8422,0.0412,0.801,False,routine,False,both_correct
e50b94b7-9eee-43c5-b8ac-5dbcc1f92861,PromptPay โอนเงินส่วนตัว,โอนเงินซื้อของขวัญวันเกิดเพื่อน,other,other,other,other,other,0.8692,0.0366,0.8326,False,wants,False,both_correct
2a19d992-77d0-42da-9601-87239b6c2232,McDonald's EmQuartier,สุกี้ชาบูเนื้อวากิวไม่อั้น,food,food,food,food,food,0.7903,0.0711,0.7192,False,wants,False,both_correct
151e3bfd-9cc6-42b8-adfc-1a08956d2b04,KFC Drive Thru,สุกี้ชุดครอบครัวพร้อมเป็ดย่าง,food,food,food,food,food,0.7698,0.0615,0.7083,False,wants,False,both_correct
59ed44f6-63c5-4deb-8af6-2929cc3315f0,KFC Drive Thru,xxx,food,food,food,food,food,0.6771,0.0966,0.5805,False,wants,False,both_correct
bbdbfcb5-3c62-4670-ab27-659cd4d3a1fa,GrabCar Premium Bangkok,จองตั๋วเครื่องบินไปเที่ยวภูเก็ต,transport,transport,transport,transport,transport,0.7899,0.0578,0.7321,False,wants,False,both_correct
7be9bf01-3eb4-4599-a2eb-2628d24ced11,3BB Broadband Member,เบี้ยประกันสุขภาพรายเดือน,bills,bills,bills,bills,bills,0.8019,0.0446,0.7573,False,routine,False,both_correct
a13cc483-2ced-4bef-9877-e6e67ea510ef,AIS Fibre Broadband,โอนค่าเช่าคอนโดประจำเดือน,bills,bills,bills,bills,bills,0.8851,0.03,0.8551,False,routine,False,both_correct
c3a02768-dec8-43f1-b918-0ffd286d3db1,TrueMove H Postpaid,ค่าแพ็กเกจมือถือรายเดือน 5G,bills,bills,bills,bills,bills,0.655,0.0846,0.5704,False,routine,False,both_correct
cfe11c3d-d655-4bef-9761-a1cec6d3050b,Foodpanda - Pizza Hut Delivery,ยำแซลมอนกุ้งสด สั่งตอนหิวรอบดึก,food,food,food,food,food,0.7097,0.0859,0.6238,False,impulse_delivery,False,both_correct
468833d2-7de9-423a-bbb8-03e73426e7d4,BTS Skytrain อโศก,เติมน้ำมันมอเตอร์ไซค์เต็มถัง,transport,transport,transport,transport,transport,0.8664,0.0386,0.8278,False,routine,False,both_correct
002e7eca-ddf1-4599-9cfb-cc806c1ab5f0,ทางด่วน กทพ. Easy Pass,เติมเงินบัตร BTS รายเดือน,transport,transport,transport,transport,transport,0.798,0.0614,0.7365,False,routine,False,both_correct
5e6e1bfe-aed6-4027-bfc0-545126a6dc13,Momoparadise Central Rama 9,ชาบูหม้อไฟหมาล่าพรีเมียม,food,food,food,food,food,0.7277,0.1143,0.6134,False,wants,False,both_correct
974efa6e-bce1-4fce-a96b-14054db63c67,McDonald's EmQuartier,ไก่ทอด KFC บักเก็ตพิเศษ,food,food,food,food,food,0.7934,0.0615,0.7319,False,wants,False,both_correct
769d1faf-772a-488f-801a-2a2625b096d8,Sukishi Korean Buffet,ชาบูหม้อไฟหมาล่าพรีเมียม,food,food,food,food,food,0.764,0.0626,0.7014,False,wants,False,both_correct
5c63494f-2d57-423d-aba8-cacdeeccea6f,Starbucks Reserve,Shibuya Honey Toast และชาร้อน,food,food,food,food,food,0.6493,0.1019,0.5473,False,wants,False,both_correct
1a7d634a-7bc7-451d-abd5-5ab970f1d57e,GrabCar Premium Bangkok,จ่ายผ่านแอป,transport,transport,transport,transport,transport,0.4512,0.1664,0.2848,False,wants,False,both_correct
234fc82b-ab0f-43b6-a58c-59ffe217d819,Major Cineplex รัชโยธิน,ตั๋วชมภาพยนตร์รอบค่ำ,entertainment,entertainment,entertainment,entertainment,entertainment,0.8406,0.0444,0.7962,False,wants,False,both_correct
45c8d8ef-d6e9-4ba5-989b-6ad7df365d2f,Lotus's สุขุมวิท 50,ซื้อยาสีฟัน แชมพู และสบู่เหลว,shopping,other,shopping,shopping,shopping,0.8759,0.0392,0.8367,False,routine,False,ml_wins_baseline_wrong
d0792abe-d9a0-49e1-a697-ea18a14fbfad,H&M EmQuartier,xxx,shopping,shopping,shopping,shopping,shopping,0.6815,0.1067,0.5747,False,wants,False,both_correct
b2d50078-b83b-4cd6-8142-5b3e29c94ddb,โอนเงินบริจาคมูลนิธิสุนัขจรจัด,ร่วมบุญสร้างโรงพยาบาลสงฆ์,other,other,other,other,other,0.9067,0.0247,0.882,False,wants,False,both_correct
b4206b0f-b270-4ea0-9d4e-618debbc8dfa,ธนาคารกสิกรไทย K-Mobile,ส่งพัสดุเอกสารด่วน,other,other,other,other,other,0.798,0.0692,0.7289,False,routine,False,both_correct
db81e1b3-ab0d-47b7-abe9-7988a6e488cd,ร้านข้าวราดแกงเมืองตรัง,Iced Black Coffee หวานน้อย,food,food,food,food,food,0.7888,0.0587,0.7301,False,routine,False,both_correct
c6662825-dd6a-4412-bc90-3e500d9a1d8d,SF Cinema World CentralWorld,เคลียร์ยอด,entertainment,shopping,entertainment,entertainment,entertainment,0.5317,0.1283,0.4033,False,wants,False,ml_wins_baseline_wrong
d66e7817-74e5-4bf6-a0ab-e6bbe14251a7,MK Restaurants,ชาบูหม้อไฟหมาล่าพรีเมียม,food,food,food,food,food,0.7308,0.0717,0.6591,False,wants,False,both_correct
81fa066f-5f0a-45d1-8e4b-fcbb431d1cb2,Central Online Shopping,Apple Watch สายสปอร์ตแฟชั่น,shopping,shopping,shopping,shopping,shopping,0.6216,0.1025,0.5191,False,impulse_online,False,both_correct
c45f7941-d808-4058-ae47-b481a4b93e2d,Gourmet Market Siam Paragon,ซื้อยาสีฟัน แชมพู และสบู่เหลว,shopping,other,shopping,shopping,shopping,0.8292,0.0487,0.7805,False,routine,False,ml_wins_baseline_wrong
81774a7f-fd25-451c-8704-2efec5fd9684,Muji Central Chidlom,เครื่องเขียนสมุดโน้ตสไตล์ญี่ปุ่น,shopping,shopping,shopping,shopping,shopping,0.6636,0.0947,0.5689,False,wants,False,both_correct
2a56315e-5f5f-4be1-9380-95aef50d6dc9,Lotus's สุขุมวิท 50,ซื้อยาสีฟัน แชมพู และสบู่เหลว,shopping,other,shopping,shopping,shopping,0.8759,0.0392,0.8367,False,routine,False,ml_wins_baseline_wrong
e7df45b0-8079-4fce-ad8b-14884744ada8,TikTok Shop Thailand,สั่งของเล่น Art Toy กล่องสุ่มไลฟ์ดึก,shopping,shopping,shopping,shopping,shopping,0.6428,0.1359,0.5069,False,impulse_online,False,both_correct
1bb4961e-c0c1-41cd-9352-039e6d9a099b,MK Restaurants,สุกี้ชาบูเนื้อวากิวไม่อั้น,food,food,food,food,food,0.7569,0.0668,0.6901,False,wants,False,both_correct
770c23c9-cf29-48a1-a986-9f2ae08936d9,ค่าเช่าคอนโด ลุมพินีทาวเวอร์,ชำระค่าน้ำประปานครหลวง,bills,bills,bills,bills,bills,0.8971,0.0251,0.872,False,routine,False,both_correct
47ddf5c4-356a-4ee9-8dd9-25deb4f1eedf,ร้านข้าวต้มรอบดึก กวงเฮง,เกาเหลาเลือดหมูข้าวเปล่า,food,food,food,food,food,0.7859,0.0564,0.7295,False,routine,False,both_correct
8a3b1329-0b65-4909-b934-ba141a54038d,Lazada 9.9 Official Store,Flash Sale 00:00 หูฟังบลูทูธ,shopping,shopping,shopping,shopping,shopping,0.6336,0.1165,0.5172,False,impulse_online,False,both_correct
2af9c1a8-b21f-418b-b5dd-6426220ee742,Nintendo eShop,ซื้อเกมลดราคาบน Steam Store,entertainment,entertainment,entertainment,entertainment,entertainment,0.7803,0.0852,0.6951,False,wants,False,both_correct
fb770e8e-1db4-451f-ac95-2a8a95941b76,Muji Central Chidlom,เสื้อเบลเซอร์ทำงานคอลใหม่,shopping,shopping,shopping,shopping,shopping,0.7965,0.0675,0.729,False,wants,False,both_correct
427e1e37-d640-4716-abf3-8a3b027bb290,Line Man Taxi VIP,ตั๋วบินเชียงใหม่สุดสัปดาห์,transport,transport,transport,transport,transport,0.7778,0.0555,0.7224,False,wants,False,both_correct
eebc0f6f-32dd-466e-bec4-07f300910176,AIS Fibre Broadband,จ่ายเงิน,bills,bills,bills,bills,bills,0.3245,0.1643,0.1602,False,routine,False,both_correct
6b5094ba-ab6d-42e4-aa9d-03ec982635bb,Tops Supermarket All Seasons,ยอดตัดบัญชี,shopping,other,shopping,shopping,shopping,0.6777,0.0857,0.592,False,routine,False,ml_wins_baseline_wrong
66d896e4-c498-41b7-b5c7-d96cfa3ff683,Major Cineplex รัชโยธิน,ปาร์ตี้วันเกิดกับเพื่อนร่วมงาน,entertainment,entertainment,entertainment,entertainment,entertainment,0.8046,0.0536,0.751,False,wants,False,both_correct
1feaccd8-853b-4eb5-847b-db15e8d61691,TrueMove H Postpaid,ชำระยอดบัตรเครดิตยอดเต็ม,bills,bills,bills,bills,bills,0.8459,0.0429,0.8031,False,routine,False,both_correct
9aa2a1d2-741d-456d-8f8f-f5309203bb4e,Starbucks Reserve,ชาบูหม้อไฟหมาล่าพรีเมียม,food,food,food,food,food,0.7488,0.0669,0.6819,False,wants,False,both_correct
ca067781-ffe0-451a-83bc-740737913d04,Bolt Taxi Express,เช่ารถขับเที่ยวกับเพื่อน,transport,transport,transport,transport,transport,0.7416,0.0873,0.6544,False,wants,False,both_correct
5dadc7e2-54f6-4689-8282-cf9eafc86d46,Line Man Taxi VIP,ตั๋วบินเชียงใหม่สุดสัปดาห์,transport,transport,transport,transport,transport,0.7778,0.0555,0.7224,False,wants,False,both_correct
fac3521c-ee95-470d-abb5-2e0abcbd1866,การประปานครหลวง MWA,จ่ายผ่านแอป,bills,bills,bills,food,bills,0.2928,0.2164,0.0764,False,routine,False,both_correct
af4ed8df-1e3a-42fc-90c3-275b97555fad,GrabFood - ชานมไข่มุก KOI The,ชานมไข่มุก golden bubble x2,food,food,food,food,food,0.6578,0.0972,0.5605,False,impulse_delivery,False,both_correct
6bad50fb-2546-48cf-bfcb-50476e9f6479,วินมอเตอร์ไซค์ ซอยสุขุมวิท 21,ค่ารถตู้ไปทำงานอนุสาวรีย์,transport,other,transport,transport,transport,0.8257,0.0497,0.7761,False,routine,False,ml_wins_baseline_wrong
f0544847-7226-4a54-8a6d-4d8251ab25bb,Muji Central Chidlom,เครื่องเขียนสมุดโน้ตสไตล์ญี่ปุ่น,shopping,shopping,shopping,shopping,shopping,0.6636,0.0947,0.5689,False,wants,False,both_correct
ec8416f8-2218-462b-bfb9-049d0c8bb318,ข้าวมันไก่ตอนประตูน้ำ,เส้นเล็กน้ำตกหมูพิเศษ,food,food,food,food,food,0.7808,0.0703,0.7104,False,routine,False,both_correct
ec05aa02-0722-475f-8eee-57d86d13af78,ร้านอาหารตามสั่งลุงหนวด,อาหารตามสั่งจานด่วน,food,food,food,food,food,0.7344,0.0779,0.6565,False,routine,False,both_correct
4c9d07c0-403f-40dd-a10f-8f878f2d9ff2,Starbucks Reserve,ดินเนอร์ร้านอาหารอิตาเลียน,food,food,food,food,food,0.6836,0.0954,0.5882,False,wants,False,both_correct
7ba20888-f645-4f1a-895e-7c6c18b8069e,วินมอเตอร์ไซค์ ซอยสุขุมวิท 21,แตะบัตร MRT สถานีพระราม 9,transport,transport,transport,transport,transport,0.7529,0.1135,0.6395,False,routine,False,both_correct
c66c9101-a1a8-4267-bed3-55d916c4695d,ร้านข้าวต้มรอบดึก กวงเฮง,กะเพราหมูกรอบไข่ดาวไม่สุก,food,food,food,food,food,0.8506,0.0385,0.8121,False,routine,False,both_correct
fa18b239-d4e2-48e2-bdac-05e24e1b2454,Steam Games Store,ตั๋วชมภาพยนตร์รอบค่ำ,entertainment,entertainment,entertainment,entertainment,entertainment,0.851,0.0418,0.8092,False,wants,False,both_correct
52988efd-76dd-4266-80a0-c8890b36cfa9,Starbucks Reserve,ชาบูหม้อไฟหมาล่าพรีเมียม,food,food,food,food,food,0.7488,0.0669,0.6819,False,wants,False,both_correct
84323749-7d34-4230-88e6-92f62a7ff8ff,Gourmet Market Siam Paragon,ผลไม้นำเข้าและนมจืด,shopping,other,shopping,shopping,shopping,0.7974,0.0579,0.7395,False,routine,False,ml_wins_baseline_wrong
c09c2ef3-42fb-47dd-a3f2-b43d57027c7c,The Beer Bar Sukhumvit 11,ตั๋วคอนเสิร์ตอินดี้มิวสิก,entertainment,entertainment,entertainment,entertainment,entertainment,0.834,0.0517,0.7823,False,wants,False,both_correct
4c50f515-7e37-44a9-b6de-ebed16730d84,Lotus's สุขุมวิท 50,โอน,shopping,other,shopping,shopping,shopping,0.7374,0.1082,0.6291,False,routine,False,ml_wins_baseline_wrong
1115f785-7745-4f15-9ef1-c273495505f1,ร้านข้าวต้มรอบดึก กวงเฮง,กาแฟคั่วเข้มแก้วเช้า,food,food,food,food,food,0.7627,0.0546,0.7081,False,routine,False,both_correct
0a7d04f5-a42e-4b36-a3e8-28499fb8d77b,BTS Skytrain อโศก,เติมน้ำมัน E20 รถยนต์ส่วนตัว,transport,transport,transport,transport,transport,0.6901,0.0768,0.6133,False,routine,False,both_correct
4790365d-1da6-4af4-a27f-098cf9d21f07,ทางด่วน กทพ. Easy Pass,เติมเงินบัตร BTS รายเดือน,transport,transport,transport,transport,transport,0.798,0.0614,0.7365,False,routine,False,both_correct
ef3de065-e7d1-4a19-b26e-c498b4a8ed5d,Netflix Thailand,โอนเงิน,entertainment,entertainment,other,shopping,other,0.3843,0.3004,0.0839,False,wants,True,baseline_wins_ml_wrong
8d84f008-fcb3-4d13-9a8f-5b320f0cf49a,NT Broadband Thailand,เบี้ยประกันชีวิตและอุบัติเหตุ,bills,bills,bills,bills,bills,0.7601,0.0671,0.6929,False,routine,False,both_correct
ca03623d-2233-4958-9659-de5b1e423092,TikTok Shop Thailand,Flash Sale 00:00 หูฟังบลูทูธ,shopping,shopping,shopping,shopping,shopping,0.6039,0.1156,0.4883,False,impulse_online,False,both_correct
652da061-d23b-43b0-afd5-ff95bd9581b7,AirAsia Flight Booking,นั่ง Taxi Express ช่วงฝนตก,transport,transport,transport,transport,transport,0.7874,0.0625,0.7249,False,wants,False,both_correct
0f07cf28-db9a-4888-bc78-28ff6d3ad86c,BCP บางจาก พระโขนง,เติมเงินบัตร BTS รายเดือน,transport,transport,transport,transport,transport,0.7695,0.0671,0.7024,False,routine,False,both_correct
7d5a55a4-71fb-457f-90af-d06ff36615b8,Caltex เอกมัย,เติมเงินบัตร BTS รายเดือน,transport,transport,transport,transport,transport,0.6759,0.0961,0.5798,False,routine,False,both_correct
261ef298-337c-4572-87fd-286db7684c38,Board Game Cafe Ari,PlayStation Plus Member,entertainment,food,entertainment,entertainment,entertainment,0.8511,0.0434,0.8077,False,wants,False,ml_wins_baseline_wrong
e93a8a58-1441-4fa7-97e2-b12e05282a6b,Lineman - ยำกุ้งสดแซ่บลืมผัว,ยำมาม่าหมูยอไข่แดงเค็มรอบดึก,food,food,food,food,food,0.7663,0.0614,0.7049,False,impulse_delivery,False,both_correct
27de323f-0dfb-4671-9124-5ff08b893994,AirAsia Flight Booking,Grab VIP เดินทางไปสนามบิน,transport,transport,transport,transport,transport,0.8197,0.0476,0.7721,False,wants,False,both_correct
bd578781-5ff6-4684-9b75-b64388b2d141,MK Restaurants,เบอร์เกอร์เนื้อทรัฟเฟิล,food,food,food,food,food,0.774,0.0641,0.7099,False,wants,False,both_correct
8ee9f58c-1f76-4f98-9616-af9a057a65a8,บัตรเครดิต SCB CardX,เบี้ยประกันสุขภาพรายเดือน,bills,bills,bills,bills,bills,0.8107,0.0408,0.7699,False,routine,False,both_correct
c714d059-7dd3-46e6-b301-6d60ca2e5791,The Beer Bar Sukhumvit 11,ซื้อเกมลดราคาบน Steam Store,entertainment,entertainment,entertainment,entertainment,entertainment,0.8471,0.0543,0.7928,False,wants,False,both_correct
172a7930-1a85-44e5-bb81-1b0814b13659,ร้านข้าวต้มรอบดึก กวงเฮง,ส้มตำไทยคอหมูย่าง,food,food,food,food,food,0.8687,0.0322,0.8364,False,routine,False,both_correct
f1385854-adec-4b0b-8d01-853816e8bb96,บัตรเครดิต SCB CardX,เบี้ยประกันสุขภาพรายเดือน,bills,bills,bills,bills,bills,0.8107,0.0408,0.7699,False,routine,False,both_correct
fb8e5f50-f3e6-49b0-8ace-3ed04c32a036,H&M EmQuartier,โคมไฟมินิมอลแต่งโต๊ะทำงาน,shopping,shopping,shopping,shopping,shopping,0.7768,0.0713,0.7055,False,wants,False,both_correct
d1e9d773-6339-4a45-96e3-cb11bfee2f38,Lotus's สุขุมวิท 50,ของสดวัตถุดิบทำกับข้าว,shopping,food,shopping,shopping,shopping,0.7078,0.0887,0.6191,False,routine,False,ml_wins_baseline_wrong
e6bcebf6-b8a7-4d64-a6e2-b3c714648e46,7-Eleven สาขาอโศก,กะเพราหมูกรอบไข่ดาวไม่สุก,food,food,food,food,food,0.7936,0.0533,0.7403,False,routine,False,both_correct
0d75dcc4-88f3-4ae7-a3f3-18c86adcc164,โจ๊กสามย่าน สาขา 2,โอน,food,other,food,food,food,0.7787,0.0558,0.7229,False,routine,False,ml_wins_baseline_wrong
30342829-ab49-4b65-9d92-0b26300e0e79,Bar B Q Plaza,เบอร์เกอร์เนื้อทรัฟเฟิล,food,other,food,food,food,0.7982,0.0581,0.7402,False,wants,False,ml_wins_baseline_wrong
ce6e69de-234c-430e-9ad5-a8107a8f1c59,NT Broadband Thailand,ชำระค่าส่วนกลางคอนโดมิเนียม,bills,bills,bills,bills,bills,0.724,0.0691,0.655,False,routine,False,both_correct
e2934ac0-ccee-43d7-9d39-b577589eadd6,Lotus's สุขุมวิท 50,ของสดวัตถุดิบทำกับข้าว,shopping,food,shopping,shopping,shopping,0.7078,0.0887,0.6191,False,routine,False,ml_wins_baseline_wrong
48f1b2f2-49aa-449c-b1db-92e88911597f,Apple Store Online TH,ช้อปปิ้งออนไลน์ช่วงลดราคาเที่ยงคืน,shopping,shopping,shopping,shopping,shopping,0.6232,0.1091,0.5141,False,impulse_online,False,both_correct
612b1253-e0a2-47db-99f9-eba21d9b7762,โอนร่วมบุญผ้าป่าวัดป่า,ร่วมบุญสร้างโรงพยาบาลสงฆ์,other,other,other,other,other,0.8444,0.0423,0.8021,False,wants,False,both_correct
d16eeb05-b09e-42eb-bf06-fbc35e11f146,AirAsia Flight Booking,เรียกรถ GrabCar ไปปาร์ตี้,transport,transport,transport,transport,transport,0.8259,0.0441,0.7818,False,wants,False,both_correct
02be80bd-995c-4d83-8768-707c4254a42e,Apple Store Online TH,โอน,shopping,shopping,shopping,shopping,shopping,0.3388,0.3166,0.0222,False,impulse_online,False,both_correct
18517641-5241-49f9-b31e-1f896f97e998,Shell Station สุขุมวิท,Easy Pass เติมเงินทางด่วน,transport,transport,transport,transport,transport,0.8809,0.0362,0.8447,False,routine,False,both_correct
0d8e8882-49cb-4ed8-86a0-4d3d272082d0,PromptPay โอนเงินส่วนตัว,ร่วมบริจาคอาหารสุนัขแมวจรจัด,other,other,other,other,other,0.8812,0.0304,0.8508,False,wants,False,both_correct
77b32edf-2e23-4421-9367-681c2b4a9519,Bolt Taxi Express,พร้อมเพย์,transport,transport,transport,transport,transport,0.5541,0.12,0.4341,False,wants,False,both_correct
683b517d-70fe-4007-abf9-8fbf246483d7,Big C Supercenter รัชดา,ซื้อยาสีฟัน แชมพู และสบู่เหลว,shopping,other,shopping,shopping,shopping,0.8723,0.0397,0.8326,False,routine,False,ml_wins_baseline_wrong
3313371d-db51-49df-a26d-c29843248ade,ชายสี่บะหมี่เกี๊ยว,ข้าวกล่องเซเว่นพร้อมน้ำดื่ม,food,food,food,food,food,0.6506,0.1168,0.5337,False,routine,False,both_correct
b29ce0ba-3822-4cdf-9868-53dd98d01e92,ที่จอดรถ อาคารเสริมมิตร,เติมเงินบัตร BTS รายเดือน,transport,transport,transport,transport,transport,0.7766,0.0629,0.7137,False,routine,False,both_correct
c4512d9b-11b1-4304-9170-7e566391cd15,Uniqlo Central Rama 9,โคมไฟมินิมอลแต่งโต๊ะทำงาน,shopping,shopping,shopping,shopping,shopping,0.7504,0.1036,0.6468,False,wants,False,both_correct
e5faec54-291c-4055-8f74-4f9f2cb95911,ร้านข้าวต้มรอบดึก กวงเฮง,Iced Black คอฟฟี่ หวานน้อย,food,food,food,food,food,0.7685,0.0741,0.6944,False,routine,False,both_correct
55ab12a3-91de-4279-91d2-18b0a1171469,H&M EmQuartier,ลิปสติกและพาเลตต์อายแชโดว์,shopping,shopping,shopping,shopping,shopping,0.786,0.0734,0.7126,False,wants,False,both_correct
af8d4a02-01aa-4fd6-9275-74e062a65a9f,Line Man Taxi VIP,นั่ง Taxi Express ช่วงฝนตก,transport,transport,transport,transport,transport,0.8489,0.044,0.805,False,wants,False,both_correct
787a319b-81ad-42b3-83b8-0f732ae4f36e,Central Online Shopping,สั่งของเล่น Art Toy กล่องสุ่มไลฟ์ดึก,shopping,shopping,shopping,shopping,shopping,0.6252,0.1572,0.4679,False,impulse_online,False,both_correct
2853f2f3-4d78-4553-bccc-66c74dbb358c,ธนาคารกรุงไทย Krungthai Next,ส่งพัสดุเอกสารด่วน,other,other,other,other,other,0.7561,0.0851,0.671,False,routine,False,both_correct
45ee0f74-eabc-4f7d-879f-b1d18dc5bd3a,PromptPay โอนเงินส่วนตัว,บริจาคช่วยมูลนิธิการกุศล,other,other,other,other,other,0.8757,0.0292,0.8464,False,wants,False,both_correct
6f723c6c-034d-46a3-8e22-718082854b71,McDonald's EmQuartier,ปิ้งย่างบาร์บีคิวฉลองปิดโปรเจกต์,food,food,food,food,food,0.7805,0.0604,0.7202,False,wants,False,both_correct
bc800152-7889-4d99-b63d-fec9ddb11398,Sephora Thailand,สกินแคร์เซรั่มบำรุงผิวหน้า,shopping,other,shopping,shopping,shopping,0.5987,0.1457,0.453,False,wants,False,ml_wins_baseline_wrong
5115368c-12e9-427b-9cb7-1a237520007e,Apple Store Online TH,คืนเพื่อน,shopping,shopping,entertainment,entertainment,entertainment,0.3005,0.2893,0.0111,False,impulse_online,True,baseline_wins_ml_wrong
f97774f1-47a0-40a2-aef4-638b5ab5fad2,Lineman - ยำกุ้งสดแซ่บลืมผัว,-,food,food,food,food,food,0.6465,0.0967,0.5498,False,impulse_delivery,False,both_correct
96847e40-27eb-4286-8e9e-c0ec4b2111ef,MK Restaurants,ปิ้งย่างบาร์บีคิวฉลองปิดโปรเจกต์,food,food,food,food,food,0.7439,0.0564,0.6875,False,wants,False,both_correct
902528ef-d146-4cf7-9fa5-3dbaa5b69f63,นิติบุคคลอาคารชุด ดิ ไอริส,ยอดตัดบัญชี,bills,other,bills,bills,bills,0.6159,0.1182,0.4977,False,routine,False,ml_wins_baseline_wrong
95338fca-99f2-4e71-affe-c3530926a46f,Line Man Taxi VIP,เรียกรถ GrabCar ไปปาร์ตี้,transport,transport,transport,transport,transport,0.8883,0.0278,0.8605,False,wants,False,both_correct
7c9a556c-8bdc-47a0-addb-5b5d7207e3ba,Nintendo eShop,ซื้อเกมลดราคาบน Steam Store,entertainment,entertainment,entertainment,entertainment,entertainment,0.7803,0.0852,0.6951,False,wants,False,both_correct
a8ce8d76-a1a9-40d2-a019-022585ad5524,ร้านส้มตำเจ๊ไก่ รัชดา,เส้นเล็กน้ำตกหมูพิเศษ,food,food,food,food,food,0.7973,0.07,0.7273,False,routine,False,both_correct
0a6daa36-13ec-4e37-b84a-74231e7a3ed1,Steam Games Store,ร้องคาราโอเกะปาร์ตี้วันหยุด,entertainment,entertainment,entertainment,entertainment,entertainment,0.8765,0.0323,0.8442,False,wants,False,both_correct
7f98c3e1-9b49-4592-81d0-470a920099d8,Momoparadise Central Rama 9,ปิ้งย่างบาร์บีคิวฉลองปิดโปรเจกต์,food,shopping,food,food,food,0.7483,0.0895,0.6588,False,wants,False,ml_wins_baseline_wrong
f648800e-544c-42f3-a314-8ebad8c66166,Boots Pharmacy พระราม 9,ของสดวัตถุดิบทำกับข้าว,shopping,food,shopping,shopping,shopping,0.6561,0.1041,0.552,False,routine,False,ml_wins_baseline_wrong
730ce811-206d-4d1e-a70f-490b7bdc82bc,PlayStation Network TH,เกมดิจิทัล Nintendo Switch,entertainment,entertainment,entertainment,entertainment,entertainment,0.8411,0.0453,0.7958,False,wants,False,both_correct
b79e6ce9-8afd-4c4d-a4fc-ed7b1d9752a6,ทางด่วน กทพ. Easy Pass,xxx,transport,transport,transport,transport,transport,0.71,0.0882,0.6218,False,routine,False,both_correct
fbb7bd63-2c4d-471a-bfc4-31ccf12d2b64,Uniqlo Central Rama 9,สกินแคร์เซรั่มบำรุงผิวหน้า,shopping,shopping,shopping,shopping,shopping,0.6673,0.1573,0.51,False,wants,False,both_correct
aad7d669-c2e7-472c-884b-6b6bd28939c4,ร้านอาหารตามสั่งลุงหนวด,ส้มตำไทยคอหมูย่าง,food,food,food,food,food,0.824,0.0516,0.7723,False,routine,False,both_correct
08dcbba2-7c8f-41b9-924d-f3b0168992bc,Big C Supercenter รัชดา,-,shopping,other,shopping,shopping,shopping,0.7768,0.0774,0.6994,False,routine,False,ml_wins_baseline_wrong
b593814e-a9a8-4da0-bed5-5b9f2fe0d45b,ข้าวมันไก่ตอนประตูน้ำ,บะหมี่เกี๊ยวหมูแดงแห้ง,food,food,food,food,food,0.8322,0.0495,0.7827,False,routine,False,both_correct
2704401a-e6d5-4b12-b628-75a76eeece28,Starbucks Reserve,ชาบูหม้อไฟหมาล่าพรีเมียม,food,food,food,food,food,0.7488,0.0669,0.6819,False,wants,False,both_correct
78786037-1923-47af-9f52-d33ada74c0ec,KFC Drive Thru,สุกี้ชุดครอบครัวพร้อมเป็ดย่าง,food,food,food,food,food,0.7698,0.0615,0.7083,False,wants,False,both_correct
bc5f5500-654f-45e0-bd2d-8a577834dc64,BCP บางจาก พระโขนง,ค่าจอดรถรายชั่วโมงอาคาร,transport,transport,transport,food,transport,0.6952,0.0808,0.6144,False,routine,False,both_correct
00d7bde4-4050-4763-8d94-0c5ed6f41e32,ค่าเช่าคอนโด ลุมพินีทาวเวอร์,ค่าบริการอินเทอร์เน็ตบ้านไฟเบอร์,bills,other,bills,bills,bills,0.9015,0.0267,0.8748,False,routine,False,ml_wins_baseline_wrong
bfe414f0-7371-46f6-abe1-ab80117a0526,TrueMove H Postpaid,ค่าแพ็กเกจมือถือรายเดือน 5G,bills,bills,bills,bills,bills,0.655,0.0846,0.5704,False,routine,False,both_correct
6a453212-df35-4ef9-9aae-8fb074a4ecd3,3BB Broadband Member,ชำระค่าไฟฟ้าประจำเดือน MEA,bills,bills,bills,bills,bills,0.8175,0.0403,0.7772,False,routine,False,both_correct
e38358e9-87a2-47d2-aa7f-45a8584ea0e4,นิติบุคคลอาคารชุด ดิ ไอริส,ค่าบริการอินเทอร์เน็ตบ้านไฟเบอร์,bills,other,bills,bills,bills,0.8157,0.0527,0.763,False,routine,False,ml_wins_baseline_wrong
d5cc2fcc-b606-458f-a6be-d38f30d5255e,Momoparadise Central Rama 9,Iced Caramel Macchiato Venti,food,shopping,food,food,food,0.6626,0.1607,0.5019,False,wants,False,ml_wins_baseline_wrong
fc9e55ba-0cd5-4dea-b218-fae8ded88c51,AirAsia Flight Booking,พร้อมเพย์,transport,transport,transport,entertainment,transport,0.4392,0.1541,0.2851,False,wants,False,both_correct
b879939f-3ec3-4263-b7ff-e8214b3299f5,Shell Station สุขุมวิท,เติมน้ำมันดีเซลเต็มถัง,transport,transport,transport,transport,transport,0.7925,0.067,0.7255,False,routine,False,both_correct
7566d6d1-4411-4b74-870f-37f66dadff3c,TrueMove H Postpaid,ค่าบริการอินเทอร์เน็ตบ้านไฟเบอร์,bills,bills,bills,bills,bills,0.8145,0.0515,0.763,False,routine,False,both_correct
597452a6-3fc5-4146-ae8b-f1f4fbbcee3d,Momoparadise Central Rama 9,ปิ้งย่างบาร์บีคิวฉลองปิดโปรเจกต์,food,shopping,food,food,food,0.7483,0.0895,0.6588,False,wants,False,ml_wins_baseline_wrong
46fb926f-5cc0-481d-bd2e-1b7f4f94740c,ตู้เติมเงิน บุญเติม,ค่าธรรมเนียมธุรกรรมธนาคาร,other,other,other,other,other,0.9094,0.0313,0.8781,False,routine,False,both_correct
8eac2d05-e1eb-47ca-8217-5a985dddb7b7,ร้านข้าวต้มรอบดึก กวงเฮง,แซนด์วิชทูน่ามื้อเช้า,food,food,food,food,food,0.8237,0.0456,0.7782,False,routine,False,both_correct
1e3a144c-f818-404d-ae35-289adb3087c7,ค่าธรรมเนียมถอนเงินข้ามเขต,เติมเงินมือถือระบบเติมเงิน,other,other,other,other,other,0.8222,0.057,0.7651,False,routine,False,both_correct
b609d49f-cec3-4b19-b7f6-4f84fc91ce7f,ชายสี่บะหมี่เกี๊ยว,บะหมี่เกี๊ยวหมูแดงแห้ง,food,food,food,food,food,0.7704,0.0641,0.7063,False,routine,False,both_correct
a75e5be0-96ca-429f-bf99-df55d6c855bb,Board Game Cafe Ari,ตั๋วหนัง IMAX 3D พร้อมป๊อปคอร์น,entertainment,food,entertainment,entertainment,entertainment,0.7682,0.072,0.6962,False,wants,False,ml_wins_baseline_wrong
e459e022-ffa5-4538-b27b-56b9cab24951,ZARA Siam Paragon,จ่ายผ่านแอป,shopping,shopping,shopping,shopping,shopping,0.3169,0.2462,0.0707,True,wants,False,both_correct
45423c6b-8915-4115-95b0-7784030a8e68,Sushi Masa Thonglor,ไก่ทอด KFC บักเก็ตพิเศษ,food,food,food,food,food,0.7069,0.0688,0.6382,True,wants,False,both_correct
2fe6980e-2205-40e4-8397-161f7da594f8,Nok Air Ticket,เช่ารถขับเที่ยวกับเพื่อน,transport,other,transport,food,transport,0.4793,0.1876,0.2916,True,wants,False,ml_wins_baseline_wrong
29521575-e3fd-4418-b662-afba51e74cc2,ก๋วยเตี๋ยวเรืออยุธยา รสเด็ด,ข้าวมันไก่เนื้อน่องไม่หนัง,food,food,food,food,food,0.6651,0.1042,0.5609,True,routine,False,both_correct
2be40433-5ed5-4b1e-99f6-d90166266a8c,MRT Bangkok พระราม 9,Easy Pass เติมเงินทางด่วน,transport,transport,transport,transport,transport,0.6905,0.095,0.5955,True,routine,False,both_correct
31423de4-a822-4623-9491-81c647d4c425,FWD Insurance Thailand,เบี้ยประกันสุขภาพรายเดือน,bills,bills,bills,bills,bills,0.464,0.1316,0.3324,True,routine,False,both_correct
1ecfb027-2797-4259-91fc-3206465729fd,ZARA Siam Paragon,หนังสือแปลและนวนิยายขายดี,shopping,shopping,shopping,shopping,shopping,0.7188,0.0842,0.6346,True,wants,False,both_correct
9ac66709-b284-41dc-be4b-8f120835526f,Sushi Masa Thonglor,สุกี้ชุดครอบครัวพร้อมเป็ดย่าง,food,food,food,food,food,0.6434,0.0968,0.5466,True,wants,False,both_correct
5066ff94-569b-4a99-8125-d74635a7a523,MRT Bangkok พระราม 9,เติมเงินบัตร BTS รายเดือน,transport,transport,transport,transport,transport,0.5215,0.1425,0.379,True,routine,False,both_correct
c6f58354-2986-4754-bc7c-3ea76b59e569,Sushi Masa Thonglor,สุกี้ชุดครอบครัวพร้อมเป็ดย่าง,food,food,food,food,food,0.6434,0.0968,0.5466,True,wants,False,both_correct
b6796dd6-b478-4f4d-91c6-ae1f54185d98,Glow Nightclub Thonglor,ดื่มคราฟต์เบียร์สังสรรค์คืนวันศุกร์,entertainment,entertainment,entertainment,entertainment,entertainment,0.5864,0.0968,0.4896,True,wants,False,both_correct
921f721d-fafe-46b9-8275-0adfb6aaf8f2,Drive Car Rental Thailand,Grab VIP เดินทางไปสนามบิน,transport,transport,transport,transport,transport,0.6096,0.1104,0.4992,True,wants,False,both_correct
9dbfc0ed-789a-4a57-aa97-9946b1e175df,After You Dessert Cafe,xxx,food,food,food,entertainment,food,0.3976,0.1763,0.2213,True,wants,False,both_correct
07b2cf19-8ef9-4616-9473-c50d82528c0f,CJ Express ซอย 5,ข้าวกล่องเซเว่นพร้อมน้ำดื่ม,food,food,food,food,food,0.4083,0.1881,0.2202,True,routine,False,both_correct
03f061d3-bab3-4dc8-af53-14e9a240f7be,การไฟฟ้านครหลวง MEA,ค่าเน็ตบ้านรายเดือน 3BB,bills,bills,bills,bills,bills,0.8244,0.0446,0.7798,True,routine,False,both_correct
412784de-fc72-4bc6-ab23-bf0e738bb15c,ร้านข้าวแกงป้าพร,กาแฟคั่วเข้มแก้วเช้า,food,food,food,food,food,0.594,0.0998,0.4942,True,routine,False,both_correct
b0b51d07-f5e3-49e7-8937-d614bc4c339a,Daiso Japan 60 บาท,กล่องเก็บของและอุปกรณ์อเนกประสงค์,shopping,bills,shopping,shopping,shopping,0.6489,0.1173,0.5316,True,routine,False,ml_wins_baseline_wrong
f37e45b1-9f5b-4ba5-bc78-e827b45ee01d,Nok Air Ticket,นั่ง Taxi Express ช่วงฝนตก,transport,transport,transport,transport,transport,0.6431,0.1098,0.5333,True,wants,False,both_correct
af8af074-73fd-4029-afc5-2c4f0e8ebafe,Nok Air Ticket,จองตั๋วเครื่องบินไปเที่ยวภูเก็ต,transport,other,transport,transport,transport,0.5907,0.1249,0.4658,True,wants,False,ml_wins_baseline_wrong
9b39a411-9090-4290-af1e-8fc6f252a875,MRT Bangkok พระราม 9,M-Flow ชำระค่าผ่านทางด่วน,transport,transport,transport,transport,transport,0.6071,0.1517,0.4554,True,routine,False,both_correct
11279ac3-a8c2-4923-a7c7-00cd5bbca876,Lineman - ส้มตำแซ่บพรีเมียม,ชานมไข่มุก golden bubble x2,food,food,food,food,food,0.7433,0.0674,0.6759,True,impulse_delivery,False,both_correct
53faa664-81f8-421f-b2ea-fda22a464d9a,After You Dessert Cafe,Shibuya Honey Toast และชาร้อน,food,food,food,food,food,0.5646,0.1229,0.4417,True,wants,False,both_correct
860b39ee-e460-473b-b92b-5d6bbd7d6f90,ก๋วยเตี๋ยวเรืออยุธยา รสเด็ด,กะเพราหมูกรอบไข่ดาวไม่สุก,food,food,food,food,food,0.6811,0.0915,0.5896,True,routine,False,both_correct
0ee571d4-e5a4-4865-9bbc-89f730167bfc,Ticketmelon Concerts,ตั๋วหนัง IMAX 3D พร้อมป๊อปคอร์น,entertainment,other,entertainment,entertainment,entertainment,0.5096,0.1473,0.3623,True,wants,False,ml_wins_baseline_wrong
53d7d3a1-0fba-4f3e-b594-5dbaa5cac8ef,การไฟฟ้านครหลวง MEA,ชำระค่าไฟฟ้าประจำเดือน MEA,bills,bills,bills,bills,bills,0.4585,0.1287,0.3298,True,routine,False,both_correct
b50b07be-7559-4b94-b729-7d9b9b5062df,After You Dessert Cafe,บุฟเฟต์ปิ้งย่างเกาหลีชุดใหญ่,food,food,food,food,food,0.6344,0.1091,0.5254,True,wants,False,both_correct
9c208e24-2af9-4bf3-8ee5-a94905e3fee5,FWD Insurance Thailand,ค่าโทรศัพท์และบรอดแบนด์,bills,other,bills,bills,bills,0.5089,0.1637,0.3452,True,routine,False,ml_wins_baseline_wrong
3907deb5-c7c4-4288-8c10-92bc944eeabf,Sushi Masa Thonglor,พร้อมเพย์,food,other,shopping,entertainment,shopping,0.2477,0.2432,0.0045,True,wants,True,shared_error_both_wrong
f7cc5660-bbfc-4a45-9237-508a4deda6da,Sushi Masa Thonglor,สุกี้ชาบูเนื้อวากิวไม่อั้น,food,food,food,food,food,0.6953,0.0854,0.6099,True,wants,False,both_correct
59290f25-1a1e-432a-9907-30b14b51256c,Watsons สาขา เซ็นทรัล,คืนเพื่อน,shopping,shopping,food,food,food,0.2578,0.1901,0.0678,True,routine,True,baseline_wins_ml_wrong
e24113aa-9170-4eb3-a593-4df56cf76477,Drive Car Rental Thailand,เรียกรถ GrabCar ไปปาร์ตี้,transport,transport,transport,transport,transport,0.6147,0.0991,0.5156,True,wants,False,both_correct
50378231-2394-4590-8e99-887b723c6f3a,Sushi Masa Thonglor,เบอร์เกอร์เนื้อทรัฟเฟิล,food,other,food,food,food,0.7132,0.0835,0.6297,True,wants,False,ml_wins_baseline_wrong
34fe29f7-4df8-4e98-827f-7a84e4ae037c,Sushi Masa Thonglor,คืนเพื่อน,food,other,transport,food,transport,0.2021,0.1924,0.0097,True,wants,True,shared_error_both_wrong
2f3f571c-1712-4f9d-93f4-1faaed51b175,Sushi Masa Thonglor,ชาบูหม้อไฟหมาล่าพรีเมียม,food,food,food,food,food,0.6623,0.0915,0.5708,True,wants,False,both_correct
cc16f4c6-d141-4ce0-8886-3aade5c866b0,ธนาคารไทยพาณิชย์ SCB Easy,โอนเงินคืนค่าแท็กซี่หารกัน,other,transport,other,other,other,0.7096,0.0638,0.6458,True,routine,False,ml_wins_baseline_wrong
6a8be836-f80a-4519-9e91-92841bcc46ce,ก๋วยเตี๋ยวเรืออยุธยา รสเด็ด,ส้มตำไทยคอหมูย่าง,food,food,food,food,food,0.7121,0.0783,0.6338,True,routine,False,both_correct
772ff3c1-9aed-4b14-949f-3891d024fcb2,CJ Express ซอย 5,โอน,food,other,transport,food,transport,0.2951,0.201,0.0941,True,routine,True,shared_error_both_wrong
b3c93694-9c58-4d77-9701-6923d9e4b14f,Lineman - ส้มตำแซ่บพรีเมียม,ไม่ระบุ,food,food,food,shopping,food,0.6178,0.101,0.5168,True,impulse_delivery,False,both_correct
00d77321-0430-48bf-bfb6-0e6d482365a0,Glow Nightclub Thonglor,ซื้อเกมลดราคาบน Steam Store,entertainment,entertainment,entertainment,entertainment,entertainment,0.5862,0.1689,0.4173,True,wants,False,both_correct
92e2a613-bad7-45ba-bc16-0206f728e5b3,Disney+ Hotstar TH,โอนเงิน,entertainment,entertainment,entertainment,entertainment,entertainment,0.4556,0.2937,0.1619,True,wants,False,both_correct
c3a4fa95-876d-4e65-8f65-2caf84048ec4,Watsons สาขา เซ็นทรัล,ซื้อของใช้จำเป็นในห้องน้ำ,shopping,shopping,shopping,shopping,shopping,0.6715,0.1305,0.541,True,routine,False,both_correct
91fc5272-7850-4d31-b83c-d0bb5e8a8f41,ร้านข้าวแกงป้าพร,เส้นเล็กน้ำตกหมูพิเศษ,food,food,food,food,food,0.6936,0.0901,0.6035,True,routine,False,both_correct
ff25a434-764d-4e97-9f16-18af6dc5f318,CJ Express ซอย 5,มื้อเที่ยงกับทีม,food,other,food,food,food,0.483,0.1775,0.3055,True,routine,False,ml_wins_baseline_wrong
6c1042f9-e0ae-460d-93d3-77784d4c5c85,ก๋วยเตี๋ยวเรืออยุธยา รสเด็ด,ข้าวกล่องเซเว่นพร้อมน้ำดื่ม,food,food,food,food,food,0.5124,0.1727,0.3397,True,routine,False,both_correct
a54803f9-8c85-4248-98b3-b0566229d50a,Watsons สาขา เซ็นทรัล,กล่องเก็บของและอุปกรณ์อเนกประสงค์,shopping,shopping,shopping,shopping,shopping,0.5983,0.166,0.4323,True,routine,False,both_correct
424387f3-ed59-4891-a7cf-261292da9e77,Drive Car Rental Thailand,เรียกรถ GrabCar ไปปาร์ตี้,transport,transport,transport,transport,transport,0.6147,0.0991,0.5156,True,wants,False,both_correct
82788c93-940d-400a-aa4a-13ae83347a73,GrabFood - Bonchon Chicken,ยำมาม่าหมูยอไข่แดงเค็มรอบดึก,food,food,food,food,food,0.6844,0.0853,0.599,True,impulse_delivery,False,both_correct
bab2cbe0-3556-40c0-bb4d-3b5139ad77fe,Greyhound Cafe,สุกี้ชุดครอบครัวพร้อมเป็ดย่าง,food,food,food,food,food,0.669,0.0884,0.5805,True,wants,False,both_correct
2d6c1f5a-c9a4-4a10-8b41-55cdace472b5,ทำบุญช่วยเหลือผู้ประสบภัย,โอนเงินซื้อของขวัญวันเกิดเพื่อน,other,other,other,other,other,0.6069,0.1243,0.4825,True,wants,False,both_correct
3550f0e2-184c-4b85-b5e3-7a5a07ccaa93,ทำบุญช่วยเหลือผู้ประสบภัย,โอนเงินซื้อของขวัญวันเกิดเพื่อน,other,other,other,other,other,0.6069,0.1243,0.4825,True,wants,False,both_correct
325fc7a2-c97e-4dd9-b75a-c80e5b3b48bd,ก๋วยเตี๋ยวเรืออยุธยา รสเด็ด,ข้าวราดแกง 2 อย่างไข่ต้ม,food,food,food,food,food,0.6828,0.0838,0.599,True,routine,False,both_correct
6b15d8c8-8f5e-491d-8ad8-1bd29c9ade47,Daiso Japan 60 บาท,จ่ายผ่านแอป,shopping,bills,food,shopping,food,0.306,0.2094,0.0965,True,routine,True,shared_error_both_wrong
efbda6ac-976d-4014-8b40-e80f5cc035a5,AIA Life Insurance Post,ชำระยอดบัตรเครดิตยอดเต็ม,bills,bills,bills,bills,bills,0.6727,0.1012,0.5714,True,routine,False,both_correct
e57b973d-ee88-4a97-b9a6-10caac5ebe1d,ก๋วยเตี๋ยวเรืออยุธยา รสเด็ด,กะเพราหมูกรอบไข่ดาวไม่สุก,food,food,food,food,food,0.6811,0.0915,0.5896,True,routine,False,both_correct
8f5f781c-de3f-4e61-92c5-e9b3d8ead203,ZARA Siam Paragon,กระเป๋าผ้าแบรนด์ยอดฮิต,shopping,shopping,shopping,shopping,shopping,0.6361,0.09,0.5461,True,wants,False,both_correct
b0d57197-cbb9-4743-b34b-f1c9017fb678,วินมอเตอร์ไซค์ หน้า MRT,ค่าจอดรถรายชั่วโมงอาคาร,transport,transport,transport,transport,transport,0.5754,0.1016,0.4738,True,routine,False,both_correct
c98e7c06-30e4-447b-8596-10132ebdc6d8,ก๋วยเตี๋ยวเรืออยุธยา รสเด็ด,กะเพราหมูกรอบไข่ดาวไม่สุก,food,food,food,food,food,0.6811,0.0915,0.5896,True,routine,False,both_correct
67deab86-1fac-419c-a36d-5a85fa22d505,Lineman - ส้มตำแซ่บพรีเมียม,ยำแซลมอนกุ้งสด สั่งตอนหิวรอบดึก,food,food,food,food,food,0.7907,0.0554,0.7352,True,impulse_delivery,False,both_correct
6e582806-7fc3-454b-b7ba-db053b4b03de,FWD Insurance Thailand,ชำระค่าส่วนกลางคอนโดมิเนียม,bills,bills,bills,bills,bills,0.5484,0.1135,0.435,True,routine,False,both_correct
b513a071-29aa-41ca-a474-6ee50f17049d,Daiso Japan 60 บาท,ซื้อยาสีฟัน แชมพู และสบู่เหลว,shopping,bills,shopping,shopping,shopping,0.7175,0.0844,0.6331,True,routine,False,ml_wins_baseline_wrong
44e50f53-d64e-46d2-a69f-e920757baaa4,วินมอเตอร์ไซค์ หน้า MRT,ค่าวินมอไซค์ไปต่อรถไฟฟ้า,transport,transport,transport,transport,transport,0.6329,0.0812,0.5517,True,routine,False,both_correct
3842ce85-d676-4da4-9588-fca0a67d1752,วินมอเตอร์ไซค์ หน้า MRT,เติมน้ำมัน Gasohol 95,transport,transport,transport,transport,transport,0.7524,0.0561,0.6963,True,routine,False,both_correct
ad403559-0e22-4e06-b0aa-37736e3f641b,Nok Air Ticket,นั่ง Taxi Express ช่วงฝนตก,transport,transport,transport,transport,transport,0.6431,0.1098,0.5333,True,wants,False,both_correct
2182726e-a98b-43a6-be98-f3fb669c602f,ร้านข้าวแกงป้าพร,กาแฟคั่วเข้มแก้วเช้า,food,food,food,food,food,0.594,0.0998,0.4942,True,routine,False,both_correct
56969989-361d-4c8d-9ea5-34136fcd74b1,Lineman - ส้มตำแซ่บพรีเมียม,ไก่ทอดบอนชอนชุดปาร์ตี้ สั่งดึก,food,food,food,food,food,0.7088,0.0723,0.6365,True,impulse_delivery,False,both_correct
38eb2efd-deeb-4163-8be7-878a8bd02095,Lineman - ส้มตำแซ่บพรีเมียม,ไก่ทอดบอนชอนชุดปาร์ตี้ สั่งดึก,food,food,food,food,food,0.7088,0.0723,0.6365,True,impulse_delivery,False,both_correct
20ed3bb4-b4c7-4938-b375-5b2424959f0c,AIA Life Insurance Post,จ่ายผ่านแอป,bills,other,food,shopping,food,0.306,0.2094,0.0965,True,routine,True,shared_error_both_wrong
b639fa6f-c7bb-4dd9-995a-abdb3708c41e,Glow Nightclub Thonglor,PlayStation Plus Member,entertainment,entertainment,entertainment,entertainment,entertainment,0.5739,0.112,0.4619,True,wants,False,both_correct
ca833984-b11e-412f-8a7f-6f796465db94,วินมอเตอร์ไซค์ หน้า MRT,ค่าวินไปหน้าปากซอยสุขุมวิท,transport,transport,transport,transport,transport,0.7054,0.081,0.6244,True,routine,False,both_correct
2ee592bd-8f60-4112-9c9b-110a49c4633e,Pop Mart Official Store,จ่ายผ่านแอป,shopping,other,shopping,shopping,shopping,0.286,0.2313,0.0547,True,impulse_online,False,ml_wins_baseline_wrong
fc2061bc-073f-4544-b26c-fa99bdd7699a,Pop Mart Official Store,ช้อปปิ้งออนไลน์ช่วงลดราคาเที่ยงคืน,shopping,shopping,shopping,shopping,shopping,0.6298,0.1188,0.5109,True,impulse_online,False,both_correct
021606a7-75ac-4c9e-aac3-9b3f328dfd4a,Drive Car Rental Thailand,Grab VIP เดินทางไปสนามบิน,transport,transport,transport,transport,transport,0.6096,0.1104,0.4992,True,wants,False,both_correct
257a14e4-99e1-44f7-acb9-9cd0a64ba209,M-Flow ทล.9 กรมทางหลวง,เติมน้ำมันดีเซลเต็มถัง,transport,transport,transport,transport,transport,0.5733,0.1385,0.4348,True,routine,False,both_correct
d09ab5d0-dc14-4691-a291-a1d8c729b7f6,ร้านข้าวแกงป้าพร,ข้าวกล่องเซเว่นพร้อมน้ำดื่ม,food,food,food,shopping,food,0.5623,0.1429,0.4194,True,routine,False,both_correct
d1e300d7-813f-481a-8bcd-b9b39d8a6688,ร้านข้าวแกงป้าพร,โจ๊กหมูใส่ไข่เยี่ยวม้า,food,food,food,food,food,0.7826,0.0565,0.7261,True,routine,False,both_correct
949de2f0-23f1-4a09-82a3-490420cfab87,ก๋วยเตี๋ยวเรืออยุธยา รสเด็ด,แซนด์วิชทูน่ามื้อเช้า,food,food,food,food,food,0.6205,0.1118,0.5087,True,routine,False,both_correct
08a86199-017d-4139-be2f-80da47f3e1b4,ZARA Siam Paragon,ลิปสติกและพาเลตต์อายแชโดว์,shopping,shopping,shopping,shopping,shopping,0.6881,0.108,0.58,True,wants,False,both_correct
fdce846a-dc60-4245-886a-674d820781f8,ทำบุญช่วยเหลือผู้ประสบภัย,ร่วมบริจาคอาหารสุนัขแมวจรจัด,other,other,other,shopping,other,0.5971,0.1296,0.4676,True,wants,False,both_correct
7826927d-c545-4b14-8a17-621c6947aba1,Nok Air Ticket,Grab VIP เดินทางไปสนามบิน,transport,transport,transport,transport,transport,0.6824,0.0866,0.5958,True,wants,False,both_correct
d5489a65-70ae-417c-b39d-82261ad101b3,Sushi Masa Thonglor,ไก่ทอด KFC บักเก็ตพิเศษ,food,food,food,food,food,0.7069,0.0688,0.6382,True,wants,False,both_correct
b3381a13-9fa6-42c8-9d68-a5218e72eb2e,Drive Car Rental Thailand,นั่ง Taxi Express ช่วงฝนตก,transport,transport,transport,transport,transport,0.5644,0.1398,0.4246,True,wants,False,both_correct
d3536b7e-db59-4154-aa97-8c7e5e5b5e41,Glow Nightclub Thonglor,ซื้อเกมลดราคาบน Steam Store,entertainment,entertainment,entertainment,entertainment,entertainment,0.5862,0.1689,0.4173,True,wants,False,both_correct
29155dcf-967e-4060-8cba-9e46e28d6e72,Nok Air Ticket,Grab VIP เดินทางไปสนามบิน,transport,transport,transport,transport,transport,0.6824,0.0866,0.5958,True,wants,False,both_correct
e2ea8cab-52db-4e66-920b-191cf2e510d1,ZARA Siam Paragon,ซื้อเสื้อกล้ามและกางเกงสแล็ค,shopping,shopping,shopping,shopping,shopping,0.7531,0.0676,0.6855,True,wants,False,both_correct
dd90d7ff-8a1a-4e91-aab7-f57d35ca7ec8,Sushi Masa Thonglor,บุฟเฟต์ปิ้งย่างเกาหลีชุดใหญ่,food,food,food,food,food,0.6038,0.1237,0.4801,True,wants,False,both_correct
8a46c8e7-d7d7-4128-abc8-bd807d5632ae,Sushi Masa Thonglor,สุกี้ชุดครอบครัวพร้อมเป็ดย่าง,food,food,food,food,food,0.6434,0.0968,0.5466,True,wants,False,both_correct
0e873dd4-199b-415d-bb5e-fa1128b25b71,Nok Air Ticket,ตั๋วบินเชียงใหม่สุดสัปดาห์,transport,other,transport,transport,transport,0.4713,0.1374,0.3339,True,wants,False,ml_wins_baseline_wrong
99078491-26ee-4ab5-8ffb-7df7a8e717ea,CJ Express ซอย 5,กาแฟคั่วเข้มแก้วเช้า,food,food,food,food,food,0.4063,0.2071,0.1992,True,routine,False,both_correct
5b8b6786-72b6-4630-a64c-069aca65457e,Watsons สาขา เซ็นทรัล,น้ำยาซักผ้าและปรับผ้านุ่ม,shopping,shopping,shopping,shopping,shopping,0.6238,0.1259,0.498,True,routine,False,both_correct
284b2e51-bb4f-41fd-835c-9b49437e0b97,GrabFood - Bonchon Chicken,ยำมาม่าหมูยอไข่แดงเค็มรอบดึก,food,food,food,food,food,0.6844,0.0853,0.599,True,impulse_delivery,False,both_correct
4dd1d762-33d1-4826-8fa8-65d2dcf32379,Pop Mart Official Store,Flash Sale 00:00 หูฟังบลูทูธ,shopping,shopping,shopping,shopping,shopping,0.4928,0.153,0.3399,True,impulse_online,False,both_correct
cdf01118-f6bf-460e-9155-77afd4b772eb,Glow Nightclub Thonglor,ตั๋วหนัง IMAX 3D พร้อมป๊อปคอร์น,entertainment,other,entertainment,entertainment,entertainment,0.5096,0.1473,0.3623,True,wants,False,ml_wins_baseline_wrong
8c67a21d-a219-45cc-98ec-80a1f2b754a7,ธนาคารไทยพาณิชย์ SCB Easy,โอนเงินส่วนตัวเข้าบัญชีออมทรัพย์,other,other,other,other,other,0.7108,0.0693,0.6415,True,routine,False,both_correct
83fd25b6-de5f-4ac3-b87d-6a9257f836bd,Pop Mart Official Store,สั่งของเล่น Art Toy กล่องสุ่มไลฟ์ดึก,shopping,other,shopping,shopping,shopping,0.5624,0.173,0.3894,True,impulse_online,False,ml_wins_baseline_wrong
da7eba38-4e22-4794-801e-7ef085120e0b,ZARA Siam Paragon,เสื้อเบลเซอร์ทำงานคอลใหม่,shopping,shopping,shopping,shopping,shopping,0.7101,0.0942,0.6159,True,wants,False,both_correct
a9413872-8247-4316-a62a-8c750574b0fe,Shopee Flash Sale Mall,Flash Sale 00:00 หูฟังบลูทูธ,shopping,shopping,shopping,shopping,shopping,0.4012,0.2027,0.1985,True,impulse_online,False,both_correct
8bc263b8-2d9d-44bb-b64f-c335a4af3375,After You Dessert Cafe,เบอร์เกอร์เนื้อทรัฟเฟิล,food,food,food,food,food,0.7394,0.0714,0.668,True,wants,False,both_correct
745c49de-6c8c-4361-80f2-706a0815ba07,Nok Air Ticket,นั่ง Taxi Express ช่วงฝนตก,transport,transport,transport,transport,transport,0.6431,0.1098,0.5333,True,wants,False,both_correct
b9e9aa29-2251-49ea-ab89-2321eeaa6a8b,Nok Air Ticket,เรียกรถ GrabCar ไปปาร์ตี้,transport,transport,transport,transport,transport,0.6917,0.0816,0.6101,True,wants,False,both_correct
b1983f13-47ef-4f0e-a1dc-ae4597efd5c5,ก๋วยเตี๋ยวเรืออยุธยา รสเด็ด,ชำระเงิน,food,food,food,food,food,0.4264,0.1754,0.251,True,routine,False,both_correct
e41f59df-5350-4b06-a3bb-6500afed8880,Daiso Japan 60 บาท,น้ำยาซักผ้าและปรับผ้านุ่ม,shopping,bills,shopping,shopping,shopping,0.6614,0.0898,0.5716,True,routine,False,ml_wins_baseline_wrong
33d6c47b-6525-48ad-9eea-3e8f4d4c40c9,FWD Insurance Thailand,คืนเพื่อน,bills,other,shopping,shopping,shopping,0.2279,0.2023,0.0256,True,routine,True,shared_error_both_wrong
b6352a44-a5a1-4562-9344-fd43c7c59887,Daiso Japan 60 บาท,ชำระเงิน,shopping,bills,food,food,food,0.2452,0.2321,0.0131,True,routine,True,shared_error_both_wrong
25645f06-adfa-4a3e-b24e-b386603c787c,AIA Life Insurance Post,ค่าโทรศัพท์และบรอดแบนด์,bills,other,bills,bills,bills,0.511,0.1407,0.3703,True,routine,False,ml_wins_baseline_wrong
b15005b6-9055-4b29-b6ca-d5f9d4b781b3,M-Flow ทล.9 กรมทางหลวง,ค่ารถตู้ไปทำงานอนุสาวรีย์,transport,transport,transport,transport,transport,0.5193,0.1491,0.3702,True,routine,False,both_correct
84f575dd-bf7a-4359-b16e-82cf138f329e,Sushi Masa Thonglor,บุฟเฟต์ปิ้งย่างเกาหลีชุดใหญ่,food,food,food,food,food,0.6038,0.1237,0.4801,True,wants,False,both_correct
0953d887-ac08-4c84-a8c9-ef4fa2cf5740,Daiso Japan 60 บาท,โอน,shopping,bills,other,food,other,0.3292,0.1534,0.1758,True,routine,True,shared_error_both_wrong
14400b5d-74b4-431a-be13-a589697324a0,Pop Mart Official Store,Flash Sale 00:00 หูฟังบลูทูธ,shopping,shopping,shopping,shopping,shopping,0.4928,0.153,0.3399,True,impulse_online,False,both_correct
adb6725b-0561-4405-a5f3-811f0ecb5af0,Greyhound Cafe,ดินเนอร์ร้านอาหารอิตาเลียน,food,food,food,food,food,0.6054,0.1153,0.4901,True,wants,False,both_correct
513c7251-99e4-4f90-a5bd-faa0395c8662,ZARA Siam Paragon,เครื่องเขียนสมุดโน้ตสไตล์ญี่ปุ่น,shopping,shopping,shopping,shopping,shopping,0.5628,0.12,0.4428,True,wants,False,both_correct
298ffb4d-8a91-4b37-b3c6-a908858cfde6,ก๋วยเตี๋ยวเรืออยุธยา รสเด็ด,เส้นเล็กน้ำตกหมูพิเศษ,food,food,food,food,food,0.6207,0.1235,0.4972,True,routine,False,both_correct
28fd64d4-a628-4da0-b071-c3ddedab18de,ร้านข้าวแกงป้าพร,มื้อเที่ยงกับทีม,food,food,food,food,food,0.6816,0.0834,0.5982,True,routine,False,both_correct
85c51e72-b9f5-4fe6-bce9-a6540ef4399b,Eveandboy Mega Bangna,ซื้อเสื้อกล้ามและกางเกงสแล็ค,shopping,shopping,shopping,shopping,shopping,0.732,0.0739,0.6581,True,wants,False,both_correct
03eddf3c-fb0a-4dfe-9dc1-8f87907ca8b5,Sushi Masa Thonglor,ปิ้งย่างบาร์บีคิวฉลองปิดโปรเจกต์,food,entertainment,food,food,food,0.6809,0.0705,0.6104,True,wants,False,ml_wins_baseline_wrong
1080fd7d-7186-47f0-857f-acba269abfc2,Lineman - ส้มตำแซ่บพรีเมียม,ยำมาม่าหมูยอไข่แดงเค็มรอบดึก,food,food,food,food,food,0.8003,0.0462,0.7541,True,impulse_delivery,False,both_correct
66681bf5-9f7c-4a12-a987-d7ea357981de,วินมอเตอร์ไซค์ หน้า MRT,M-Flow ชำระค่าผ่านทางด่วน,transport,transport,transport,transport,transport,0.7342,0.0618,0.6724,True,routine,False,both_correct
c57136b7-3ada-4e2c-a1ef-f09563a46542,ก๋วยเตี๋ยวเรืออยุธยา รสเด็ด,แซนด์วิชทูน่ามื้อเช้า,food,food,food,food,food,0.6205,0.1118,0.5087,True,routine,False,both_correct
7bcd2be7-37d2-473a-8d9c-35cdf8ce0201,CJ Express ซอย 5,แซนด์วิชทูน่ามื้อเช้า,food,other,food,transport,food,0.4964,0.1928,0.3036,True,routine,False,ml_wins_baseline_wrong
6debf40c-2880-48ba-9615-2aa6d34bfddd,FWD Insurance Thailand,ชำระค่าน้ำประปานครหลวง,bills,bills,bills,bills,bills,0.6128,0.1059,0.5069,True,routine,False,both_correct
0cfc7f4f-0f04-47bc-b4d1-4763a6cb2887,Nok Air Ticket,ตั๋วบินเชียงใหม่สุดสัปดาห์,transport,other,transport,transport,transport,0.4713,0.1374,0.3339,True,wants,False,ml_wins_baseline_wrong
c685c3ea-983e-4d1a-9fef-251f8e3d070e,Nok Air Ticket,เช่ารถขับเที่ยวกับเพื่อน,transport,other,transport,food,transport,0.4793,0.1876,0.2916,True,wants,False,ml_wins_baseline_wrong
d191027c-42ef-43b3-bce9-1363ce252c2f,MRT Bangkok พระราม 9,ค่าวินมอไซค์ไปต่อรถไฟฟ้า,transport,transport,transport,transport,transport,0.5314,0.1466,0.3848,True,routine,False,both_correct
b853b0f9-21a1-49e2-8cb6-cad2e1bb3502,Greyhound Cafe,ดินเนอร์ร้านอาหารอิตาเลียน,food,food,food,food,food,0.6054,0.1153,0.4901,True,wants,False,both_correct
dc7c0f09-4ff9-499f-a5e7-790f025c0d7d,After You Dessert Cafe,ยอดตัดบัญชี,food,food,shopping,entertainment,shopping,0.2675,0.2127,0.0548,True,wants,True,baseline_wins_ml_wrong
d833545b-9097-45a5-9444-a995d5cd32a3,M-Flow ทล.9 กรมทางหลวง,เติมน้ำมันดีเซลเต็มถัง,transport,transport,transport,transport,transport,0.5733,0.1385,0.4348,True,routine,False,both_correct
11cd59a0-ccaf-4993-9c12-a3376cca7895,Sushi Masa Thonglor,ปิ้งย่างบาร์บีคิวฉลองปิดโปรเจกต์,food,entertainment,food,food,food,0.6809,0.0705,0.6104,True,wants,False,ml_wins_baseline_wrong
db37f000-14cf-4754-88ec-43dde3796522,Daiso Japan 60 บาท,ของสดวัตถุดิบทำกับข้าว,shopping,food,shopping,food,shopping,0.4183,0.1806,0.2377,True,routine,False,ml_wins_baseline_wrong
93293587-bcb4-4b2f-9e9b-72c12451840c,Lineman - ส้มตำแซ่บพรีเมียม,พิซซ่าถาดกลางหนานุ่มส่งรอบเที่ยงคืน,food,food,food,food,food,0.6392,0.1173,0.5219,True,impulse_delivery,False,both_correct
5bf7d92d-31b0-4e05-92a9-7a03eedbce4b,Daiso Japan 60 บาท,ผลไม้นำเข้าและนมจืด,shopping,bills,shopping,shopping,shopping,0.6644,0.1005,0.5639,True,routine,False,ml_wins_baseline_wrong
c920a49d-f6de-4c3d-8ebd-5db80a803bce,Nok Air Ticket,นั่ง Taxi Express ช่วงฝนตก,transport,transport,transport,transport,transport,0.6431,0.1098,0.5333,True,wants,False,both_correct
3aa52f3e-1ab7-498e-bee1-2a1c839f5c40,After You Dessert Cafe,สุกี้ชุดครอบครัวพร้อมเป็ดย่าง,food,food,food,food,food,0.669,0.0884,0.5805,True,wants,False,both_correct
fa4be023-038a-4bb1-bd7d-14b2c0607da7,CJ Express ซอย 5,ข้าวต้มปลาอินทรีย์รอบค่ำ,food,food,food,food,food,0.5392,0.1344,0.4048,True,routine,False,both_correct
6980bdd8-fed3-4816-8c3d-f88f9072c8ad,Glow Nightclub Thonglor,ไม่ระบุ,entertainment,other,food,food,food,0.2951,0.2168,0.0783,True,wants,True,shared_error_both_wrong
b2ab86b4-7ce4-4cbd-a48d-aca6fd7d6590,MRT Bangkok พระราม 9,เติมน้ำมัน Gasohol 95,transport,transport,transport,transport,transport,0.6241,0.1541,0.47,True,routine,False,both_correct
99548e57-c467-4e3a-bd8a-12cb364080ed,Drive Car Rental Thailand,เช่ารถขับเที่ยวกับเพื่อน,transport,other,transport,food,transport,0.4267,0.2067,0.22,True,wants,False,ml_wins_baseline_wrong
ebcb4751-d7f7-42cf-afd1-fab85097304a,Eveandboy Mega Bangna,เสื้อเบลเซอร์ทำงานคอลใหม่,shopping,shopping,shopping,shopping,shopping,0.6832,0.1046,0.5786,True,wants,False,both_correct
649b0265-a000-4e2f-b168-1f2a6c606f0f,After You Dessert Cafe,Shibuya Honey Toast และชาร้อน,food,food,food,food,food,0.5646,0.1229,0.4417,True,wants,False,both_correct
b24d7499-1ccf-470a-8a4c-0d74cafd8681,Shopee Flash Sale Mall,กล่องสุ่มคอลเลกชันใหม่ล่าสุด,shopping,shopping,shopping,shopping,shopping,0.5159,0.1688,0.3471,True,impulse_online,False,both_correct
4499c658-8925-45f3-a3ef-6fe569e8cc1b,Greyhound Cafe,โอนเงิน,food,food,other,shopping,other,0.6637,0.1058,0.558,True,wants,True,baseline_wins_ml_wrong
6b50e2f5-e809-4c65-8d61-cbae2ef2d843,Sushi Masa Thonglor,เบอร์เกอร์เนื้อทรัฟเฟิล,food,other,food,food,food,0.7132,0.0835,0.6297,True,wants,False,ml_wins_baseline_wrong
7b8c8918-fe11-4f99-9890-768115fecb0b,การไฟฟ้านครหลวง MEA,เบี้ยประกันชีวิตและอุบัติเหตุ,bills,bills,bills,bills,bills,0.6108,0.1006,0.5102,True,routine,False,both_correct
de4e136b-6bd6-4334-b8b2-5ad8a4af0432,การไฟฟ้านครหลวง MEA,ชำระค่าไฟฟ้าประจำเดือน MEA,bills,bills,bills,bills,bills,0.4585,0.1287,0.3298,True,routine,False,both_correct
39898c62-2430-40a2-b03f-585a4b8db00d,ทำบุญช่วยเหลือผู้ประสบภัย,ร่วมบุญสร้างโรงพยาบาลสงฆ์,other,other,other,other,other,0.5584,0.1389,0.4195,True,wants,False,both_correct
4964dea6-be55-4639-af1a-6f30fe1bb496,ร้านข้าวแกงป้าพร,ข้าวกล่องเซเว่นพร้อมน้ำดื่ม,food,food,food,shopping,food,0.5623,0.1429,0.4194,True,routine,False,both_correct
4c3e1cc7-bba9-4a20-9fd9-10cc3a1e6c1d,Drive Car Rental Thailand,เช่ารถขับเที่ยวกับเพื่อน,transport,other,transport,food,transport,0.4267,0.2067,0.22,True,wants,False,ml_wins_baseline_wrong
5830e746-0278-45e0-a969-243e8660703c,Lineman - ส้มตำแซ่บพรีเมียม,จ่ายเงิน,food,food,food,food,food,0.4738,0.1579,0.3159,True,impulse_delivery,False,both_correct
1ccf08f2-90d9-46d4-b412-5436af87537e,Sushi Masa Thonglor,Shibuya Honey Toast และชาร้อน,food,other,food,food,food,0.5272,0.1411,0.3861,True,wants,False,ml_wins_baseline_wrong
381b5c44-4990-4e19-8d83-97ff75b43041,Shopee Flash Sale Mall,Flash Sale 00:00 หูฟังบลูทูธ,shopping,shopping,shopping,shopping,shopping,0.4012,0.2027,0.1985,True,impulse_online,False,both_correct
65f4186e-2710-465c-9c14-2719ab098901,ก๋วยเตี๋ยวเรืออยุธยา รสเด็ด,ข้าวมันไก่เนื้อน่องไม่หนัง,food,food,food,food,food,0.6651,0.1042,0.5609,True,routine,False,both_correct
a2741795-6a08-498c-be8a-ab9015dea5d0,Sushi Masa Thonglor,ชาบูหม้อไฟหมาล่าพรีเมียม,food,food,food,food,food,0.6623,0.0915,0.5708,True,wants,False,both_correct
d3c359d7-bf19-4f9a-bc8d-467e13d97b8b,Eveandboy Mega Bangna,ซื้อเสื้อกล้ามและกางเกงสแล็ค,shopping,shopping,shopping,shopping,shopping,0.732,0.0739,0.6581,True,wants,False,both_correct
cff79862-37e2-4dae-a39d-d3f1f572210e,Daiso Japan 60 บาท,น้ำยาซักผ้าและปรับผ้านุ่ม,shopping,bills,shopping,shopping,shopping,0.6614,0.0898,0.5716,True,routine,False,ml_wins_baseline_wrong
baee6010-b3c8-47f5-9a01-5d6c5c092727,วินมอเตอร์ไซค์ หน้า MRT,เติมน้ำมัน Gasohol 95,transport,transport,transport,transport,transport,0.7524,0.0561,0.6963,True,routine,False,both_correct
63288ef8-bec5-4851-a4a7-82f6498f5838,Ticketmelon Concerts,ตั๋วชมภาพยนตร์รอบค่ำ,entertainment,other,entertainment,entertainment,entertainment,0.6078,0.1216,0.4862,True,wants,False,ml_wins_baseline_wrong
5061092a-1d59-4f5c-b7f3-f3c7aedfb6af,CJ Express ซอย 5,ข้าวกล่องเซเว่นพร้อมน้ำดื่ม,food,food,food,food,food,0.4083,0.1881,0.2202,True,routine,False,both_correct
abeefcfa-3feb-45f0-afd2-d60facf04da4,Lineman - ส้มตำแซ่บพรีเมียม,ไม่ระบุ,food,food,food,shopping,food,0.6178,0.101,0.5168,True,impulse_delivery,False,both_correct
9f227405-5b0c-4982-b310-3a22455a76f8,Sushi Masa Thonglor,Shibuya Honey Toast และชาร้อน,food,other,food,food,food,0.5272,0.1411,0.3861,True,wants,False,ml_wins_baseline_wrong
caf90496-69a9-4d9c-aaa7-1b6c6095f385,GrabFood - Bonchon Chicken,พิซซ่าถาดกลางหนานุ่มส่งรอบเที่ยงคืน,food,food,food,food,food,0.4796,0.1947,0.2849,True,impulse_delivery,False,both_correct
f6bac5cc-c929-42f1-9c01-7263144fa051,Drive Car Rental Thailand,นั่ง Taxi Express ช่วงฝนตก,transport,transport,transport,transport,transport,0.5644,0.1398,0.4246,True,wants,False,both_correct
2f8d9897-e379-42f0-84ff-e62df7ba09bb,MRT Bangkok พระราม 9,เติมน้ำมัน E20 รถยนต์ส่วนตัว,transport,transport,transport,transport,transport,0.5381,0.1407,0.3974,True,routine,False,both_correct
08f07a4c-0e64-48f6-a64e-2b54c54c77b1,Greyhound Cafe,สุกี้ชุดครอบครัวพร้อมเป็ดย่าง,food,food,food,food,food,0.669,0.0884,0.5805,True,wants,False,both_correct
8a992abe-af14-4c55-9d85-3572033eaa90,Disney+ Hotstar TH,ตั๋วคอนเสิร์ตอินดี้มิวสิก,entertainment,entertainment,entertainment,entertainment,entertainment,0.7456,0.0752,0.6704,True,wants,False,both_correct
85d5ad03-8d85-46ae-b627-9b1b4b99388e,Greyhound Cafe,ดินเนอร์ร้านอาหารอิตาเลียน,food,food,food,food,food,0.6054,0.1153,0.4901,True,wants,False,both_correct
6f506b4c-a6c4-405d-a7ca-4f150f880f41,การไฟฟ้านครหลวง MEA,ค่าเน็ตบ้านรายเดือน 3BB,bills,bills,bills,bills,bills,0.8244,0.0446,0.7798,True,routine,False,both_correct
70022e34-fb33-43ef-bd1b-447bcc0d601b,Watsons สาขา เซ็นทรัล,ของสดวัตถุดิบทำกับข้าว,shopping,food,shopping,food,shopping,0.3936,0.2326,0.161,True,routine,False,ml_wins_baseline_wrong
916ca5fc-c336-42cd-b6fd-f9f84fa90831,MRT Bangkok พระราม 9,เติมน้ำมันมอเตอร์ไซค์เต็มถัง,transport,transport,transport,transport,transport,0.7806,0.0757,0.7049,True,routine,False,both_correct
73f75313-a8a7-4dc8-80e6-c19206def31c,Lineman - ส้มตำแซ่บพรีเมียม,ไก่ทอดบอนชอนชุดปาร์ตี้ สั่งดึก,food,food,food,food,food,0.7088,0.0723,0.6365,True,impulse_delivery,False,both_correct
f148fd4f-1ea7-4163-a069-d724b4feac06,CJ Express ซอย 5,xxx,food,other,transport,entertainment,transport,0.2987,0.253,0.0457,True,routine,True,shared_error_both_wrong
f43187da-2b47-48cb-818c-2b82136f4124,ร้านข้าวแกงป้าพร,อาหารตามสั่งจานด่วน,food,food,food,food,food,0.7044,0.0775,0.6269,True,routine,False,both_correct
e3d9e472-cce1-415d-addb-46cba1f91243,FWD Insurance Thailand,ชำระค่าไฟฟ้าประจำเดือน MEA,bills,bills,bills,bills,bills,0.4928,0.1279,0.3649,True,routine,False,both_correct
65e94d48-297a-4fa5-adcd-38770b01c8a2,Watsons สาขา เซ็นทรัล,พร้อมเพย์,shopping,shopping,food,entertainment,food,0.3406,0.2319,0.1087,True,routine,True,baseline_wins_ml_wrong
17e765dc-3e1d-417b-aa03-f323846232db,Sushi Masa Thonglor,Iced Caramel Macchiato Venti,food,other,food,entertainment,food,0.5824,0.1184,0.464,True,wants,False,ml_wins_baseline_wrong
05283d51-cbda-4a44-b9c0-2a5a4d87c733,Lineman - ส้มตำแซ่บพรีเมียม,เบอร์เกอร์ชุดใหญ่เฟรนช์ฟรายส์ดึก,food,food,food,food,food,0.7344,0.0721,0.6623,True,impulse_delivery,False,both_correct
c88784c7-4516-425c-b26a-eaadcf426ce4,Nok Air Ticket,ตั๋วบินเชียงใหม่สุดสัปดาห์,transport,other,transport,transport,transport,0.4713,0.1374,0.3339,True,wants,False,ml_wins_baseline_wrong
33b3ea8b-3190-4bb2-9a9a-c2069a1e3025,M-Flow ทล.9 กรมทางหลวง,เติมน้ำมันดีเซลเต็มถัง,transport,transport,transport,transport,transport,0.5733,0.1385,0.4348,True,routine,False,both_correct
1268d793-07e6-4ee0-9e1b-67b66fbd24f4,Eveandboy Mega Bangna,เสื้อผ้าแฟชั่นเกาหลีแมตช์ชุด,shopping,shopping,shopping,shopping,shopping,0.7273,0.0881,0.6392,True,wants,False,both_correct
bc57f242-0b0b-4212-9840-d44abe3702ca,AIA Life Insurance Post,โอนค่าเช่าคอนโดประจำเดือน,bills,other,bills,bills,bills,0.753,0.0736,0.6794,True,routine,False,ml_wins_baseline_wrong
10fb80bb-8bde-4a23-856a-379a3412bdde,After You Dessert Cafe,ดินเนอร์ร้านอาหารอิตาเลียน,food,food,food,food,food,0.6054,0.1153,0.4901,True,wants,False,both_correct
a6f37652-b53a-4536-8142-19971b4e9e5e,Glow Nightclub Thonglor,ร้องคาราโอเกะปาร์ตี้วันหยุด,entertainment,entertainment,entertainment,entertainment,entertainment,0.6678,0.0947,0.5731,True,wants,False,both_correct
4f775775-2878-40b8-9846-39fecab7f3a1,ร้านข้าวแกงป้าพร,ข้าวกล่องเซเว่นพร้อมน้ำดื่ม,food,food,food,shopping,food,0.5623,0.1429,0.4194,True,routine,False,both_correct
f7897652-1823-420c-adfd-40e24bee3d5b,Watsons สาขา เซ็นทรัล,ซื้อยาแก้แพ้และวิตามินซีรวม,shopping,shopping,shopping,shopping,shopping,0.6003,0.1557,0.4446,True,routine,False,both_correct
5c8a7667-94cb-4608-8799-4210192597a7,Daiso Japan 60 บาท,ของสดวัตถุดิบทำกับข้าว,shopping,food,shopping,food,shopping,0.4183,0.1806,0.2377,True,routine,False,ml_wins_baseline_wrong
ae8e4dfc-8138-4596-b589-6d1a5889b7c0,Ticketmelon Concerts,Spotify Individual Subscription,entertainment,entertainment,entertainment,entertainment,entertainment,0.5793,0.1203,0.4589,True,wants,False,both_correct
3cedc37a-5da4-4433-a6ff-4cf5773c4911,ก๋วยเตี๋ยวเรืออยุธยา รสเด็ด,ข้าวราดแกง 2 อย่างไข่ต้ม,food,food,food,food,food,0.6828,0.0838,0.599,True,routine,False,both_correct
ca737ed4-b983-4c4c-b1f6-4e7170c67926,Nok Air Ticket,Grab VIP เดินทางไปสนามบิน,transport,transport,transport,transport,transport,0.6824,0.0866,0.5958,True,wants,False,both_correct
8a1b57af-0c8d-46ec-ac1d-85c280898e6d,Drive Car Rental Thailand,Grab VIP เดินทางไปสนามบิน,transport,transport,transport,transport,transport,0.6096,0.1104,0.4992,True,wants,False,both_correct
862bc4f7-deea-47aa-acc9-51523eb1d9d8,วินมอเตอร์ไซค์ หน้า MRT,เติมน้ำมันมอเตอร์ไซค์เต็มถัง,transport,transport,transport,transport,transport,0.7923,0.0504,0.7419,True,routine,False,both_correct
2531faa1-cebc-46aa-b3f9-7e0c5e9a98e2,Daiso Japan 60 บาท,ซื้อยาสีฟัน แชมพู และสบู่เหลว,shopping,bills,shopping,shopping,shopping,0.7175,0.0844,0.6331,True,routine,False,ml_wins_baseline_wrong
8d1aaf41-9930-4e31-85a2-9ae6866fba85,Watsons สาขา เซ็นทรัล,โอน,shopping,shopping,food,food,food,0.3682,0.193,0.1752,True,routine,True,baseline_wins_ml_wrong
514c23c4-4380-43c0-93cd-8460351c2ca3,ร้านข้าวแกงป้าพร,ข้าวต้มปลาอินทรีย์รอบค่ำ,food,food,food,food,food,0.6968,0.0711,0.6257,True,routine,False,both_correct
420ba054-b67b-454e-819c-ab2e80d051f1,Shopee Flash Sale Mall,ช้อปปิ้งออนไลน์ช่วงลดราคาเที่ยงคืน,shopping,shopping,shopping,food,shopping,0.571,0.1499,0.4211,True,impulse_online,False,both_correct
f293a667-b54a-40d0-ab77-96444047af7f,Shopee Flash Sale Mall,ช้อปปิ้งออนไลน์ช่วงลดราคาเที่ยงคืน,shopping,shopping,shopping,food,shopping,0.571,0.1499,0.4211,True,impulse_online,False,both_correct
4e73e999-8bfe-4dbf-a1e7-a9f869261b62,CJ Express ซอย 5,ข้าวต้มปลาอินทรีย์รอบค่ำ,food,food,food,food,food,0.5392,0.1344,0.4048,True,routine,False,both_correct
cc9e5ff1-035f-4037-83c5-11e0406204a9,วินมอเตอร์ไซค์ หน้า MRT,ค่าวินมอไซค์ไปต่อรถไฟฟ้า,transport,transport,transport,transport,transport,0.6329,0.0812,0.5517,True,routine,False,both_correct
67d91eea-85c0-4fd7-bf16-286b354fd0f8,AIA Life Insurance Post,ยอดตัดบัญชี,bills,other,shopping,food,shopping,0.3034,0.2208,0.0826,True,routine,True,shared_error_both_wrong
4225e429-4ab6-4745-8cd2-d670a389433e,ร้านข้าวแกงป้าพร,เกาเหลาเลือดหมูข้าวเปล่า,food,food,food,food,food,0.6214,0.101,0.5204,True,routine,False,both_correct
4987066a-e2ad-402e-8e6e-150c6350f576,CJ Express ซอย 5,เส้นเล็กน้ำตกหมูพิเศษ,food,other,food,food,food,0.5238,0.1364,0.3874,True,routine,False,ml_wins_baseline_wrong
cb0aaf51-6a03-484e-af30-e966705488fc,Disney+ Hotstar TH,YouTube Premium Family,entertainment,entertainment,entertainment,entertainment,entertainment,0.7948,0.0517,0.743,True,wants,False,both_correct
936b0e16-a877-485f-b14e-15aecd6ba47e,Ticketmelon Concerts,YouTube Premium Family,entertainment,entertainment,entertainment,entertainment,entertainment,0.5901,0.1169,0.4732,True,wants,False,both_correct
2845b714-2ae2-40ee-9a44-94d7699b7700,Glow Nightclub Thonglor,ร้องคาราโอเกะปาร์ตี้วันหยุด,entertainment,entertainment,entertainment,entertainment,entertainment,0.6678,0.0947,0.5731,True,wants,False,both_correct
40d196ac-03a6-4294-a135-549bd8456ce8,Glow Nightclub Thonglor,ตั๋วหนัง IMAX 3D พร้อมป๊อปคอร์น,entertainment,other,entertainment,entertainment,entertainment,0.5096,0.1473,0.3623,True,wants,False,ml_wins_baseline_wrong
a465c3d0-70de-4cbc-b5f0-9ce34baa7447,MRT Bangkok พระราม 9,Easy Pass เติมเงินทางด่วน,transport,transport,transport,transport,transport,0.6905,0.095,0.5955,True,routine,False,both_correct
2aa2c51e-9d53-4369-96c6-d9b199d03d3e,ก๋วยเตี๋ยวเรืออยุธยา รสเด็ด,เส้นเล็กน้ำตกหมูพิเศษ,food,food,food,food,food,0.6207,0.1235,0.4972,True,routine,False,both_correct
76263089-78b9-49b7-9429-bf478d356b40,ก๋วยเตี๋ยวเรืออยุธยา รสเด็ด,ไม่ระบุ,food,food,food,food,food,0.4746,0.129,0.3457,True,routine,False,both_correct
ba993f75-e81d-496d-923a-91e7acbc53d8,Lineman - ส้มตำแซ่บพรีเมียม,-,food,food,food,shopping,food,0.6388,0.0861,0.5526,True,impulse_delivery,False,both_correct
614c07bc-e9fd-403b-af0c-1c0060a50842,ธนาคารไทยพาณิชย์ SCB Easy,โอนเงินคืนค่าแท็กซี่หารกัน,other,transport,other,other,other,0.7096,0.0638,0.6458,True,routine,False,ml_wins_baseline_wrong
5e86b716-1c96-4ab9-97ee-156bd9595ca3,ก๋วยเตี๋ยวเรืออยุธยา รสเด็ด,ข้าวมันไก่เนื้อน่องไม่หนัง,food,food,food,food,food,0.6651,0.1042,0.5609,True,routine,False,both_correct
ae07dd92-2ff0-4a1d-9095-6c811bf3dab4,Ticketmelon Concerts,ชำระเงิน,entertainment,other,food,food,food,0.2452,0.2321,0.0131,True,wants,True,shared_error_both_wrong
abb58c48-12aa-4fae-8384-39a4a1c1be69,Nok Air Ticket,Grab VIP เดินทางไปสนามบิน,transport,transport,transport,transport,transport,0.6824,0.0866,0.5958,True,wants,False,both_correct
eade6444-dd2b-45ea-9549-d67e26a7eb8d,Daiso Japan 60 บาท,ผลไม้นำเข้าและนมจืด,shopping,bills,shopping,shopping,shopping,0.6644,0.1005,0.5639,True,routine,False,ml_wins_baseline_wrong
7eae54f9-b80e-4f16-a559-5cb847f33447,Drive Car Rental Thailand,เรียกรถ GrabCar ไปปาร์ตี้,transport,transport,transport,transport,transport,0.6147,0.0991,0.5156,True,wants,False,both_correct
df5b7bd6-df17-4d0d-ac70-525087e26127,Daiso Japan 60 บาท,โอนเงิน,shopping,bills,other,shopping,other,0.7844,0.0621,0.7223,True,routine,True,shared_error_both_wrong
b6f6dd13-d170-4cec-8bfc-cfb507381791,Disney+ Hotstar TH,ดื่มคราฟต์เบียร์สังสรรค์คืนวันศุกร์,entertainment,entertainment,entertainment,entertainment,entertainment,0.7447,0.0581,0.6866,True,wants,False,both_correct
67e76558-a35b-4a0e-821f-34574d74254d,Nok Air Ticket,จองตั๋วเครื่องบินไปเที่ยวภูเก็ต,transport,other,transport,transport,transport,0.5907,0.1249,0.4658,True,wants,False,ml_wins_baseline_wrong
e50807b3-b00f-4024-bf4e-8b3f49233fa4,M-Flow ทล.9 กรมทางหลวง,เติมเงินบัตร BTS รายเดือน,transport,transport,transport,transport,transport,0.5262,0.145,0.3812,True,routine,False,both_correct
043a6349-f651-48c7-8531-fef077ba501e,CJ Express ซอย 5,ไม่ระบุ,food,other,food,food,food,0.2692,0.2297,0.0395,True,routine,False,ml_wins_baseline_wrong
d25e621f-96a0-4060-a094-ac465e1db518,GrabFood - Bonchon Chicken,ชานมไข่มุก golden bubble x2,food,food,food,food,food,0.5984,0.1204,0.478,True,impulse_delivery,False,both_correct
abfd496e-d3bb-4001-9110-a442dd0ed15a,FWD Insurance Thailand,โอนค่าเช่าคอนโดประจำเดือน,bills,other,bills,bills,bills,0.749,0.0683,0.6807,True,routine,False,ml_wins_baseline_wrong
ed0a2ee7-1a26-4660-9d5a-980b35e4e87a,Watsons สาขา เซ็นทรัล,ของสดวัตถุดิบทำกับข้าว,shopping,food,shopping,food,shopping,0.3936,0.2326,0.161,True,routine,False,ml_wins_baseline_wrong
418251bf-01a4-426d-a529-5cf6dcaaf358,Watsons สาขา เซ็นทรัล,ซื้อยาแก้แพ้และวิตามินซีรวม,shopping,shopping,shopping,shopping,shopping,0.6003,0.1557,0.4446,True,routine,False,both_correct
eef836bc-328d-496f-8d1d-ebba184e33f1,GrabFood - Bonchon Chicken,เบอร์เกอร์ชุดใหญ่เฟรนช์ฟรายส์ดึก,food,food,food,food,food,0.5845,0.1307,0.4538,True,impulse_delivery,False,both_correct
6884b624-ced6-47ba-9ff1-4e72bbb35482,Disney+ Hotstar TH,Netflix Premium รายเดือน 4K,entertainment,entertainment,entertainment,entertainment,entertainment,0.6916,0.0737,0.618,True,wants,False,both_correct
5ff5b066-6676-4d41-8b1a-a9bde77a8bbf,Watsons สาขา เซ็นทรัล,จ่ายผ่านแอป,shopping,shopping,food,shopping,food,0.3899,0.1865,0.2033,True,routine,True,baseline_wins_ml_wrong
d580ef01-a2c8-4c50-b302-b663a986d2bd,การไฟฟ้านครหลวง MEA,เบี้ยประกันชีวิตและอุบัติเหตุ,bills,bills,bills,bills,bills,0.6108,0.1006,0.5102,True,routine,False,both_correct
2e7e8a6c-5c30-4fd8-be48-8a5f1c1a7683,Disney+ Hotstar TH,ตั๋วหนัง IMAX 3D พร้อมป๊อปคอร์น,entertainment,entertainment,entertainment,entertainment,entertainment,0.6844,0.0906,0.5938,True,wants,False,both_correct
0a86c4e4-6a12-4310-b15f-c2acf87b4aad,Disney+ Hotstar TH,YouTube Premium Family,entertainment,entertainment,entertainment,entertainment,entertainment,0.7948,0.0517,0.743,True,wants,False,both_correct
8707b2d5-25e8-48ac-85e7-e1f1e0c73ba8,Daiso Japan 60 บาท,ซื้อของใช้จำเป็นในห้องน้ำ,shopping,bills,shopping,shopping,shopping,0.7261,0.0858,0.6403,True,routine,False,ml_wins_baseline_wrong
f97bc1e5-fc19-43bb-9506-51258b3629f4,ZARA Siam Paragon,ไม่ระบุ,shopping,shopping,shopping,food,shopping,0.3069,0.2223,0.0846,True,wants,False,both_correct
36123164-c3c6-4b57-8123-9b14a7195a83,ธนาคารไทยพาณิชย์ SCB Easy,ทำบุญค่าน้ำค่าไฟวัดประจำเดือน,other,bills,other,other,other,0.6427,0.0854,0.5573,True,routine,False,ml_wins_baseline_wrong
508d3825-7268-4f0c-824c-e810937642e9,FWD Insurance Thailand,เบี้ยประกันสุขภาพรายเดือน,bills,bills,bills,bills,bills,0.464,0.1316,0.3324,True,routine,False,both_correct
219918c3-dbcb-4ea4-9afa-66162a7c2b3b,Daiso Japan 60 บาท,ผลไม้นำเข้าและนมจืด,shopping,bills,shopping,shopping,shopping,0.6644,0.1005,0.5639,True,routine,False,ml_wins_baseline_wrong
c0df3a55-2f6b-4f2f-9d7a-d7dad9b0c77c,CJ Express ซอย 5,แซนด์วิชทูน่ามื้อเช้า,food,other,food,transport,food,0.4964,0.1928,0.3036,True,routine,False,ml_wins_baseline_wrong
07c5a6f3-925c-4b87-bfac-53bda212c141,วินมอเตอร์ไซค์ หน้า MRT,แตะบัตร เอ็มอาร์ที สถานีพระราม 9,transport,transport,transport,transport,transport,0.5569,0.1607,0.3962,True,routine,False,both_correct
931653ef-cd19-4f12-9b8a-8e3d484ddb5e,ก๋วยเตี๋ยวเรืออยุธยา รสเด็ด,เส้นเล็กน้ำตกหมูพิเศษ,food,food,food,food,food,0.6207,0.1235,0.4972,True,routine,False,both_correct
a84a9571-41dd-4bdd-b564-45cd6dd030a7,Glow Nightclub Thonglor,ตั๋วคอนเสิร์ตอินดี้มิวสิก,entertainment,entertainment,entertainment,entertainment,entertainment,0.5768,0.1321,0.4446,True,wants,False,both_correct
f39ff537-6e60-4880-994c-86bab0025c36,วินมอเตอร์ไซค์ หน้า MRT,M-Flow ชำระค่าผ่านทางด่วน,transport,transport,transport,transport,transport,0.7342,0.0618,0.6724,True,routine,False,both_correct
5857dc18-196d-4056-9fdb-e2938aed8683,การไฟฟ้านครหลวง MEA,ต่อประกันภัยรถยนต์ชั้น 1,bills,bills,bills,bills,bills,0.591,0.107,0.484,True,routine,False,both_correct
d3bbb082-5539-43af-b696-d06fb4d08e87,การไฟฟ้านครหลวง MEA,ต่อประกันภัยรถยนต์ชั้น 1,bills,bills,bills,bills,bills,0.591,0.107,0.484,True,routine,False,both_correct
2c17138a-493c-474e-a2ef-3825e3fa5967,After You Dessert Cafe,ดินเนอร์ร้านอาหารอิตาเลียน,food,food,food,food,food,0.6054,0.1153,0.4901,True,wants,False,both_correct
b4b2f43a-cfdf-42e4-a9b2-5ece3251d9c1,FWD Insurance Thailand,เบี้ยประกันชีวิตและอุบัติเหตุ,bills,bills,bills,bills,bills,0.6138,0.1118,0.5019,True,routine,False,both_correct
be02d797-e604-46d7-8f90-00bb59527f94,GrabFood - Bonchon Chicken,ยำมาม่าหมูยอไข่แดงเค็มรอบดึก,food,food,food,food,food,0.6844,0.0853,0.599,True,impulse_delivery,False,both_correct
24713b84-e486-4035-bca0-64e41cee9bc3,ร้านข้าวแกงป้าพร,เส้นเล็กน้ำตกหมูพิเศษ,food,food,food,food,food,0.6936,0.0901,0.6035,True,routine,False,both_correct
74fc4520-d1e7-4fb7-a56f-8477cbc61b9a,Greyhound Cafe,โอนเงิน,food,food,other,shopping,other,0.6637,0.1058,0.558,True,wants,True,baseline_wins_ml_wrong
5985f7c3-0981-4560-b47a-b2df86396844,MRT Bangkok พระราม 9,ไม่ระบุ,transport,transport,shopping,food,shopping,0.3011,0.2086,0.0925,True,routine,True,baseline_wins_ml_wrong
f85cf7ef-0851-410f-8f59-aa71f49dccc8,ทำบุญช่วยเหลือผู้ประสบภัย,โอนเงินซื้อของขวัญวันเกิดเพื่อน,other,other,other,other,other,0.6069,0.1243,0.4825,True,wants,False,both_correct
ee093f63-a5cc-409a-8727-43a85c48415b,Drive Car Rental Thailand,Grab VIP เดินทางไปสนามบิน,transport,transport,transport,transport,transport,0.6096,0.1104,0.4992,True,wants,False,both_correct
46dec18a-e4b7-4621-a8bd-22deaa978e26,Eveandboy Mega Bangna,กระเป๋าผ้าแบรนด์ยอดฮิต,shopping,shopping,shopping,shopping,shopping,0.6017,0.1001,0.5017,True,wants,False,both_correct
5f844709-d68a-44e5-ba57-f9f979a1bc35,CJ Express ซอย 5,แซนด์วิชทูน่ามื้อเช้า,food,other,food,transport,food,0.4964,0.1928,0.3036,True,routine,False,ml_wins_baseline_wrong
444120a5-410b-46f3-bdba-8eee3d05884b,Sushi Masa Thonglor,ปิ้งย่างบาร์บีคิวฉลองปิดโปรเจกต์,food,entertainment,food,food,food,0.6809,0.0705,0.6104,True,wants,False,ml_wins_baseline_wrong
09d28142-d83d-4184-b877-d812e64103d9,GrabFood - Bonchon Chicken,พิซซ่าถาดกลางหนานุ่มส่งรอบเที่ยงคืน,food,food,food,food,food,0.4796,0.1947,0.2849,True,impulse_delivery,False,both_correct
d01468f0-08f1-4bdf-ad20-1dbb3bb34835,ZARA Siam Paragon,ซื้อเสื้อกล้ามและกางเกงสแล็ค,shopping,shopping,shopping,shopping,shopping,0.7531,0.0676,0.6855,True,wants,False,both_correct
ca271a82-c164-4d69-a08b-c07aa58c7ddf,Nok Air Ticket,เช่ารถขับเที่ยวกับเพื่อน,transport,other,transport,food,transport,0.4793,0.1876,0.2916,True,wants,False,ml_wins_baseline_wrong
7bd47495-6871-4f8d-add1-9c7a10f8168f,FWD Insurance Thailand,ค่าโทรศัพท์และบรอดแบนด์,bills,other,bills,bills,bills,0.5089,0.1637,0.3452,True,routine,False,ml_wins_baseline_wrong
6d68906f-1090-4fdd-8657-5d37cd6e7769,Greyhound Cafe,สุกี้ชุดครอบครัวพร้อมเป็ดย่าง,food,food,food,food,food,0.669,0.0884,0.5805,True,wants,False,both_correct
4c031b6e-39db-4ae5-9bb2-a5353d37beae,AIA Life Insurance Post,ชำระยอดบัตรเครดิตยอดเต็ม,bills,bills,bills,bills,bills,0.6727,0.1012,0.5714,True,routine,False,both_correct
056c0ec4-5eee-483f-8543-43928411afff,วินมอเตอร์ไซค์ หน้า MRT,คืนเพื่อน,transport,transport,transport,transport,transport,0.4445,0.1742,0.2704,True,routine,False,both_correct
25d0520b-dea1-4f95-b802-fc156452e9cc,Greyhound Cafe,Shibuya Honey Toast และชาร้อน,food,food,food,food,food,0.5646,0.1229,0.4417,True,wants,False,both_correct
be717916-dc23-4cf5-ae41-e328c507e915,Disney+ Hotstar TH,Disney+ Hotstar รายปี,entertainment,entertainment,entertainment,entertainment,entertainment,0.6851,0.0865,0.5986,True,wants,False,both_correct
2265205c-1181-44ad-8a79-9f1fc704b2fb,ก๋วยเตี๋ยวเรืออยุธยา รสเด็ด,ข้าวมันไก่เนื้อน่องไม่หนัง,food,food,food,food,food,0.6651,0.1042,0.5609,True,routine,False,both_correct
35857e35-f060-4a59-9a50-cc10496d2fa7,Pop Mart Official Store,กล่องสุ่มคอลเลกชันใหม่ล่าสุด,shopping,other,shopping,shopping,shopping,0.5835,0.1303,0.4532,True,impulse_online,False,ml_wins_baseline_wrong
2db63306-0410-4205-8cc6-56d908ec80df,CJ Express ซอย 5,มื้อเที่ยงกับทีม,food,other,food,food,food,0.483,0.1775,0.3055,True,routine,False,ml_wins_baseline_wrong
c4dbc0a5-551e-464e-aa98-b9738013beff,ทำบุญช่วยเหลือผู้ประสบภัย,บริจาคช่วยมูลนิธิการกุศล,other,other,other,other,other,0.5521,0.1288,0.4233,True,wants,False,both_correct
bbd48ed1-0236-41da-976f-93cbab22cd50,CJ Express ซอย 5,อาหารตามสั่งจานด่วน,food,food,food,food,food,0.5218,0.1452,0.3766,True,routine,False,both_correct
83b9b2e3-7fbc-4fa1-8970-a4a26ef92a24,ร้านข้าวแกงป้าพร,ข้าวกล่องเซเว่นพร้อมน้ำดื่ม,food,food,food,shopping,food,0.5623,0.1429,0.4194,True,routine,False,both_correct
51337738-e789-456c-8042-1fc8d5710327,Ticketmelon Concerts,ปาร์ตี้วันเกิดกับเพื่อนร่วมงาน,entertainment,other,entertainment,entertainment,entertainment,0.535,0.1346,0.4004,True,wants,False,ml_wins_baseline_wrong
d9bb2515-3bd5-4356-94a9-52880b1fc983,Disney+ Hotstar TH,คืนเพื่อน,entertainment,entertainment,entertainment,entertainment,entertainment,0.5231,0.1125,0.4107,True,wants,False,both_correct
4fc6e41e-c370-4f10-ba9c-560557ab2c3b,GrabFood - Bonchon Chicken,พิซซ่าถาดกลางหนานุ่มส่งรอบเที่ยงคืน,food,food,food,food,food,0.4796,0.1947,0.2849,True,impulse_delivery,False,both_correct
5b66f04a-011c-4ef2-90be-e5acf2c32b0c,ทำบุญช่วยเหลือผู้ประสบภัย,โอน,other,other,other,shopping,other,0.2672,0.2147,0.0525,True,wants,False,both_correct
6f181b0f-0325-4056-9e5e-4110d6d7c26a,Nok Air Ticket,จ่ายผ่านแอป,transport,other,food,shopping,food,0.306,0.2094,0.0965,True,wants,True,shared_error_both_wrong
a333d3e8-c37d-4332-ab7a-738c80e98808,Nok Air Ticket,ตั๋วบินเชียงใหม่สุดสัปดาห์,transport,other,transport,transport,transport,0.4713,0.1374,0.3339,True,wants,False,ml_wins_baseline_wrong
d9c8d94b-6503-4d35-ae8c-9f13d8564d67,Nok Air Ticket,ชำระเงิน,transport,other,food,food,food,0.2452,0.2321,0.0131,True,wants,True,shared_error_both_wrong
d45eb365-2ed8-4962-b587-eb1fe4c84078,CJ Express ซอย 5,โอน,food,other,transport,food,transport,0.2951,0.201,0.0941,True,routine,True,shared_error_both_wrong
49e91076-7143-42dd-98b4-c7de8db68c1c,MRT Bangkok พระราม 9,ค่าจอดรถรายชั่วโมงอาคาร,transport,transport,transport,food,transport,0.433,0.2006,0.2324,True,routine,False,both_correct
5a1123da-63c7-4577-a908-29a165b4b4c5,Greyhound Cafe,โอนเงิน,food,food,other,shopping,other,0.6637,0.1058,0.558,True,wants,True,baseline_wins_ml_wrong
8d9e360e-b629-4203-9122-eb7191f514aa,Nok Air Ticket,Grab VIP เดินทางไปสนามบิน,transport,transport,transport,transport,transport,0.6824,0.0866,0.5958,True,wants,False,both_correct
e8837bfe-b629-4057-9b74-951dd75f6e5e,MRT Bangkok พระราม 9,เติมน้ำมัน Gasohol 95,transport,transport,transport,transport,transport,0.6241,0.1541,0.47,True,routine,False,both_correct
2e08b4a1-fd6a-42ab-94aa-dba0350852b3,MRT Bangkok พระราม 9,ค่าวินมอไซค์ไปต่อรถไฟฟ้า,transport,transport,transport,transport,transport,0.5314,0.1466,0.3848,True,routine,False,both_correct
0c86d48e-783f-4e93-9469-58bc36314fcc,CJ Express ซอย 5,ส้มตำไทยคอหมูย่าง,food,food,food,food,food,0.5871,0.1313,0.4558,True,routine,False,both_correct
44c3b622-c3b6-4666-96e1-377fc536e8f9,Nok Air Ticket,จองตั๋วเครื่องบินไปเที่ยวภูเก็ต,transport,other,transport,transport,transport,0.5907,0.1249,0.4658,True,wants,False,ml_wins_baseline_wrong
f83b4721-6b6f-4c08-bb46-f448f8caf435,Nok Air Ticket,Grab VIP เดินทางไปสนามบิน,transport,transport,transport,transport,transport,0.6824,0.0866,0.5958,True,wants,False,both_correct
6d9f645e-519a-45ec-be4a-04b5f0676bfa,Lineman - ส้มตำแซ่บพรีเมียม,พิซซ่าถาดกลางหนานุ่มส่งรอบเที่ยงคืน,food,food,food,food,food,0.6392,0.1173,0.5219,True,impulse_delivery,False,both_correct
006a243f-029a-4db2-87b5-013a725889c7,Greyhound Cafe,Iced Caramel Macchiato Venti,food,food,food,entertainment,food,0.6206,0.1004,0.5203,True,wants,False,both_correct
3b73251c-c7e9-409c-a938-1eb098b9c6b7,Ticketmelon Concerts,ตั๋วหนัง IMAX 3D พร้อมป๊อปคอร์น,entertainment,other,entertainment,entertainment,entertainment,0.5096,0.1473,0.3623,True,wants,False,ml_wins_baseline_wrong
8696c0c3-87c9-4aac-8802-7e2c4035d4e1,Daiso Japan 60 บาท,ผลไม้นำเข้าและนมจืด,shopping,bills,shopping,shopping,shopping,0.6644,0.1005,0.5639,True,routine,False,ml_wins_baseline_wrong
08eab012-e28b-4293-af59-8c9426737450,Watsons สาขา เซ็นทรัล,โอนเงิน,shopping,shopping,other,shopping,other,0.433,0.1727,0.2603,True,routine,True,baseline_wins_ml_wrong
584e7bff-a150-4e85-a272-d3621adcb15f,ก๋วยเตี๋ยวเรืออยุธยา รสเด็ด,มื้อเที่ยงกับทีม,food,food,food,food,food,0.5682,0.1177,0.4506,True,routine,False,both_correct
b433dcf0-98df-4ad9-b642-0a58073f03f1,Daiso Japan 60 บาท,พร้อมเพย์,shopping,bills,shopping,entertainment,shopping,0.2477,0.2432,0.0045,True,routine,False,ml_wins_baseline_wrong
fd165290-c2fb-4045-b4ff-7b9accc192b9,Glow Nightclub Thonglor,เน็ตฟลิก Premium รายเดือน 4K,entertainment,other,entertainment,entertainment,entertainment,0.2624,0.2579,0.0045,True,wants,False,ml_wins_baseline_wrong
d3610c88-5eb6-4e85-9f66-93a68d50a383,FWD Insurance Thailand,ค่าเน็ตบ้านรายเดือน 3BB,bills,bills,bills,bills,bills,0.8351,0.0395,0.7955,True,routine,False,both_correct
f713b80f-dfa3-486f-9143-33c2f97fa560,M-Flow ทล.9 กรมทางหลวง,ค่าวินไปหน้าปากซอยสุขุมวิท,transport,transport,transport,transport,transport,0.643,0.1438,0.4993,True,routine,False,both_correct
57fc6a6b-6c48-4a88-af1c-13dd69298f00,GrabFood - Bonchon Chicken,ไก่ทอดบอนชอนชุดปาร์ตี้ สั่งดึก,food,food,food,food,food,0.5616,0.1229,0.4387,True,impulse_delivery,False,both_correct
7664a1e9-dbc7-46df-a616-5750a63da515,Nok Air Ticket,นั่ง Taxi Express ช่วงฝนตก,transport,transport,transport,transport,transport,0.6431,0.1098,0.5333,True,wants,False,both_correct
b8aad852-d06f-431c-8eaf-bddf763e38d7,Sushi Masa Thonglor,สุกี้ชุดครอบครัวพร้อมเป็ดย่าง,food,food,food,food,food,0.6434,0.0968,0.5466,True,wants,False,both_correct
96859dc7-3c2d-4d2d-a431-f18250686dbf,วินมอเตอร์ไซค์ หน้า MRT,เติมน้ำมัน E20 รถยนต์ส่วนตัว,transport,transport,transport,transport,transport,0.6458,0.1137,0.5321,True,routine,False,both_correct
f1da8997-7ed4-4677-8981-75004b2b431a,ก๋วยเตี๋ยวเรืออยุธยา รสเด็ด,กะเพราหมูกรอบไข่ดาวไม่สุก,food,food,food,food,food,0.6811,0.0915,0.5896,True,routine,False,both_correct
e07be771-4788-4052-ac82-d43063844285,M-Flow ทล.9 กรมทางหลวง,Easy Pass เติมเงินทางด่วน,transport,transport,transport,transport,transport,0.6948,0.0948,0.5999,True,routine,False,both_correct
4a7c223d-2258-4053-887a-86dcf9dd3512,Nok Air Ticket,นั่ง Taxi Express ช่วงฝนตก,transport,transport,transport,transport,transport,0.6431,0.1098,0.5333,True,wants,False,both_correct
e7a469d8-8822-451a-975e-ed2e295ee957,Drive Car Rental Thailand,ตั๋วบินเชียงใหม่สุดสัปดาห์,transport,other,transport,transport,transport,0.4188,0.1537,0.2651,True,wants,False,ml_wins_baseline_wrong
dd31a355-e7be-40fd-b52b-4869419c969f,ร้านข้าวแกงป้าพร,ข้าวมันไก่เนื้อน่องไม่หนัง,food,food,food,food,food,0.7109,0.0833,0.6277,True,routine,False,both_correct
ad901274-602b-416c-b451-5d6314d9ccdd,Lineman - ส้มตำแซ่บพรีเมียม,ยำแซลมอนกุ้งสด สั่งตอนหิวรอบดึก,food,food,food,food,food,0.7907,0.0554,0.7352,True,impulse_delivery,False,both_correct
7657740f-9c54-4474-bddd-58f0e6ec708f,Sushi Masa Thonglor,ชาบูหม้อไฟหมาล่าพรีเมียม,food,food,food,food,food,0.6623,0.0915,0.5708,True,wants,False,both_correct
3795ae0f-bd89-4ee1-926c-8d0f92a3b765,Disney+ Hotstar TH,ร้องคาราโอเกะปาร์ตี้วันหยุด,entertainment,entertainment,entertainment,entertainment,entertainment,0.8067,0.0526,0.7541,True,wants,False,both_correct
1f0c3b6f-1674-40da-8674-d4e75af2b3f2,Sushi Masa Thonglor,ไก่ทอด KFC บักเก็ตพิเศษ,food,food,food,food,food,0.7069,0.0688,0.6382,True,wants,False,both_correct
6deb60f8-f15c-4bc5-b54c-860c97745b95,ZARA Siam Paragon,-,shopping,shopping,shopping,entertainment,shopping,0.4955,0.1554,0.3401,True,wants,False,both_correct
0e573033-fa5b-48b6-b964-1db64c2ab26d,ร้านข้าวแกงป้าพร,ยอดตัดบัญชี,food,food,food,shopping,food,0.3977,0.1877,0.21,True,routine,False,both_correct
1035bf56-0e81-4176-9682-8fa09874f189,Nok Air Ticket,นั่ง Taxi Express ช่วงฝนตก,transport,transport,transport,transport,transport,0.6431,0.1098,0.5333,True,wants,False,both_correct
462e7538-44b4-4ccc-b3b0-f848d26ba48a,CJ Express ซอย 5,บะหมี่เกี๊ยวหมูแดงแห้ง,food,other,food,food,food,0.6174,0.1317,0.4856,True,routine,False,ml_wins_baseline_wrong
8d0123e0-0634-4e97-8a7a-f312e5c93512,After You Dessert Cafe,Iced Caramel Macchiato Venti,food,food,food,entertainment,food,0.6206,0.1004,0.5203,True,wants,False,both_correct
d0299084-20c5-4e91-b2ab-0a9aaf7fc0ab,Greyhound Cafe,สุกี้ชาบูเนื้อวากิวไม่อั้น,food,food,food,food,food,0.7197,0.0748,0.6449,True,wants,False,both_correct
50e77d2e-81c2-48a3-aedf-dba3d7420a8d,Pop Mart Official Store,Apple Watch สายสปอร์ตแฟชั่น,shopping,other,shopping,entertainment,shopping,0.5233,0.1402,0.3831,True,impulse_online,False,ml_wins_baseline_wrong
40c71513-9448-40af-bdd9-76969c052816,Eveandboy Mega Bangna,ซื้อเสื้อกล้ามและกางเกงสแล็ค,shopping,shopping,shopping,shopping,shopping,0.732,0.0739,0.6581,True,wants,False,both_correct
69f788b5-ef9f-4d90-a9e8-2bb0d9b6486a,Nok Air Ticket,นั่ง Taxi Express ช่วงฝนตก,transport,transport,transport,transport,transport,0.6431,0.1098,0.5333,True,wants,False,both_correct
97f5e989-1e33-4282-b7f7-ec855e0def3e,M-Flow ทล.9 กรมทางหลวง,เติมเงินบัตร บีทีเอส รายเดือน,transport,transport,transport,transport,transport,0.4425,0.1784,0.2641,True,routine,False,both_correct
c6023d83-56e3-4e54-b9f7-772cb229c8b4,Watsons สาขา เซ็นทรัล,ของสดวัตถุดิบทำกับข้าว,shopping,food,shopping,food,shopping,0.3936,0.2326,0.161,True,routine,False,ml_wins_baseline_wrong
7a46f426-44cb-4b65-a646-33e37a3e2bc4,ZARA Siam Paragon,เสื้อผ้าแฟชั่นเกาหลีแมตช์ชุด,shopping,shopping,shopping,shopping,shopping,0.7493,0.0796,0.6698,True,wants,False,both_correct
25a24d68-824b-4ddd-906d-f0dc343ef242,Lineman - ส้มตำแซ่บพรีเมียม,พิซซ่าถาดกลางหนานุ่มส่งรอบเที่ยงคืน,food,food,food,food,food,0.6392,0.1173,0.5219,True,impulse_delivery,False,both_correct
dce0350c-8ed8-4798-90f8-b8ad2f137ee9,ก๋วยเตี๋ยวเรืออยุธยา รสเด็ด,ข้าวต้มปลาอินทรีย์รอบค่ำ,food,food,food,food,food,0.6484,0.0866,0.5618,True,routine,False,both_correct
45da0d21-09cf-4d65-bc43-2a8f401dc32a,M-Flow ทล.9 กรมทางหลวง,เติมน้ำมันมอเตอร์ไซค์เต็มถัง,transport,transport,transport,transport,transport,0.7842,0.0684,0.7159,True,routine,False,both_correct
ccff6887-e1fd-4b2a-9474-dd26e2e29f96,วินมอเตอร์ไซค์ หน้า MRT,แตะบัตร MRT สถานีพระราม 9,transport,transport,transport,transport,transport,0.5101,0.1762,0.334,True,routine,False,both_correct
ac22b3e3-8c68-47eb-98da-d84753a57716,Eveandboy Mega Bangna,เครื่องเขียนสมุดโน้ตสไตล์ญี่ปุ่น,shopping,shopping,shopping,shopping,shopping,0.5276,0.1309,0.3967,True,wants,False,both_correct
cb7442f4-ef86-4863-bfb6-7065802db2b2,After You Dessert Cafe,ปิ้งย่างบาร์บีคิวฉลองปิดโปรเจกต์,food,food,food,food,food,0.7054,0.0695,0.6359,True,wants,False,both_correct
ccbcfd8a-49a0-4c6e-a5f8-78f1b094ddde,ร้านข้าวแกงป้าพร,ส้มตำไทยคอหมูย่าง,food,food,food,food,food,0.7543,0.0598,0.6945,True,routine,False,both_correct
aa44754b-94a0-4cf0-aaef-5a1909518c1f,MRT Bangkok พระราม 9,ยอดตัดบัญชี,transport,transport,shopping,shopping,shopping,0.4402,0.1496,0.2905,True,routine,True,baseline_wins_ml_wrong
c9381f5e-e9c8-456b-82a8-2ec497257dac,ไปรษณีย์ไทย Kerry Express,โอนเงินคืนเพื่อนค่าอาหารกลางวัน,other,food,other,other,other,0.7051,0.0927,0.6124,True,routine,False,ml_wins_baseline_wrong
27e0c859-89ae-4d99-bc4c-cbb6a92fab38,Lineman - ส้มตำแซ่บพรีเมียม,พิซซ่าถาดกลางหนานุ่มส่งรอบเที่ยงคืน,food,food,food,food,food,0.6392,0.1173,0.5219,True,impulse_delivery,False,both_correct
767b6513-2af0-48f5-ada0-b61a210f9988,AIA Life Insurance Post,ชำระบิลบัตรเครดิตรายเดือน,bills,bills,bills,bills,bills,0.8018,0.0492,0.7526,True,routine,False,both_correct
e0a2ab19-3109-4782-b296-348f764b7186,GrabFood - Bonchon Chicken,ยำแซลมอนกุ้งสด สั่งตอนหิวรอบดึก,food,food,food,food,food,0.6841,0.0955,0.5886,True,impulse_delivery,False,both_correct
33fcff77-24e5-41d8-b421-a911f9998798,CJ Express ซอย 5,ข้าวราดแกง 2 อย่างไข่ต้ม,food,food,food,food,food,0.5768,0.1427,0.4341,True,routine,False,both_correct
51bb05b6-c086-4160-b99e-76589da3e9de,Drive Car Rental Thailand,เรียกรถ GrabCar ไปปาร์ตี้,transport,transport,transport,transport,transport,0.6147,0.0991,0.5156,True,wants,False,both_correct
b1f01617-0c0f-44e5-bd30-9a5e1233f28c,Eveandboy Mega Bangna,เสื้อเบลเซอร์ทำงานคอลใหม่,shopping,shopping,shopping,shopping,shopping,0.6832,0.1046,0.5786,True,wants,False,both_correct
5a0a4ebb-b60b-4ede-baee-5c722394c473,Drive Car Rental Thailand,โอน,transport,other,shopping,shopping,shopping,0.244,0.23,0.014,True,wants,True,shared_error_both_wrong
7268644e-cff7-4dee-8f4a-634411d965f0,ร้านข้าวแกงป้าพร,กาแฟคั่วเข้มแก้วเช้า,food,food,food,food,food,0.594,0.0998,0.4942,True,routine,False,both_correct
2ef3d5d5-f071-4bcd-a94b-922b0941e850,MRT Bangkok พระราม 9,Easy Pass เติมเงินทางด่วน,transport,transport,transport,transport,transport,0.6905,0.095,0.5955,True,routine,False,both_correct
d1e0c193-ce21-4feb-99d2-6166c1a75f9a,วินมอเตอร์ไซค์ หน้า MRT,เติมน้ำมัน E20 รถยนต์ส่วนตัว,transport,transport,transport,transport,transport,0.6458,0.1137,0.5321,True,routine,False,both_correct
b8d91b7e-8db7-475f-8aae-453f5f67011d,Drive Car Rental Thailand,ชำระเงิน,transport,other,shopping,shopping,shopping,0.2671,0.2631,0.004,True,wants,True,shared_error_both_wrong
af121b90-c639-4b58-9215-93729d771138,CJ Express ซอย 5,ข้าวมันไก่เนื้อน่องไม่หนัง,food,food,food,food,food,0.5627,0.1221,0.4406,True,routine,False,both_correct
a3e893af-a12e-4672-aa89-a8babca1d3f5,After You Dessert Cafe,สุกี้ชาบูเนื้อวากิวไม่อั้น,food,food,food,food,food,0.7197,0.0748,0.6449,True,wants,False,both_correct
d4de0519-946f-422b-8546-2eb8df50541f,Drive Car Rental Thailand,Grab VIP เดินทางไปสนามบิน,transport,transport,transport,transport,transport,0.6096,0.1104,0.4992,True,wants,False,both_correct
276b0c1b-160f-4878-868c-3579bfe6efe2,ไปรษณีย์ไทย Kerry Express,โอนเงินคืนค่าแท็กซี่หารกัน,other,transport,other,other,other,0.6426,0.0871,0.5555,True,routine,False,ml_wins_baseline_wrong
ba0c2de2-2163-47ae-897c-102f7005f0c0,CJ Express ซอย 5,มื้อเที่ยงกับทีม,food,other,food,food,food,0.483,0.1775,0.3055,True,routine,False,ml_wins_baseline_wrong
0c06a9bf-f5cc-4855-b513-88bad9cdb718,Sushi Masa Thonglor,ดินเนอร์ร้านอาหารอิตาเลียน,food,food,food,food,food,0.5723,0.1328,0.4395,True,wants,False,both_correct
db703309-7ee5-43a9-9bbc-542bee8c3b9c,Drive Car Rental Thailand,ตั๋วบินเชียงใหม่สุดสัปดาห์,transport,other,transport,transport,transport,0.4188,0.1537,0.2651,True,wants,False,ml_wins_baseline_wrong
87d713af-3ca1-4c61-a37a-a5709d6b825e,วินมอเตอร์ไซค์ หน้า MRT,ค่าวินมอไซค์ไปต่อรถไฟฟ้า,transport,transport,transport,transport,transport,0.6329,0.0812,0.5517,True,routine,False,both_correct
c458719f-1cec-4578-8b24-41aee3399d1b,Daiso Japan 60 บาท,กล่องเก็บของและอุปกรณ์อเนกประสงค์,shopping,bills,shopping,shopping,shopping,0.6489,0.1173,0.5316,True,routine,False,ml_wins_baseline_wrong
875b978f-c035-4cfc-acd4-fae1244f9ace,วินมอเตอร์ไซค์ หน้า MRT,เติมน้ำมัน E20 รถยนต์ส่วนตัว,transport,transport,transport,transport,transport,0.6458,0.1137,0.5321,True,routine,False,both_correct
2108695b-c4d4-4463-b3c7-45da09ca84c1,ก๋วยเตี๋ยวเรืออยุธยา รสเด็ด,ส้มตำไทยคอหมูย่าง,food,food,food,food,food,0.7121,0.0783,0.6338,True,routine,False,both_correct
984b65ec-7fe9-43cd-a543-e490d94f147b,CJ Express ซอย 5,กะเพราหมูกรอบไข่ดาวไม่สุก,food,other,food,food,food,0.5853,0.1202,0.465,True,routine,False,ml_wins_baseline_wrong
74eb8f3b-69e1-45fe-902b-a1dc9343b0c8,AIA Life Insurance Post,ไม่ระบุ,bills,other,food,food,food,0.2951,0.2168,0.0783,True,routine,True,shared_error_both_wrong
c3cf7070-8488-457c-b1f0-760feede11ae,Nok Air Ticket,Grab VIP เดินทางไปสนามบิน,transport,transport,transport,transport,transport,0.6824,0.0866,0.5958,True,wants,False,both_correct
a945c7bc-d562-4125-8094-14b014934157,ก๋วยเตี๋ยวเรืออยุธยา รสเด็ด,Iced Black Coffee หวานน้อย,food,food,food,food,food,0.5666,0.1274,0.4393,True,routine,False,both_correct
2b8d1224-2d35-4134-824a-a90ec25ed593,Nok Air Ticket,Grab VIP เดินทางไปสนามบิน,transport,transport,transport,transport,transport,0.6824,0.0866,0.5958,True,wants,False,both_correct
4cc76603-2957-4e56-93f5-ebc6d8d320e3,ธนาคารไทยพาณิชย์ SCB Easy,เติมเงินมือถือระบบเติมเงิน,other,other,other,food,other,0.5411,0.1799,0.3612,True,routine,False,both_correct
80914f1d-84a8-4b5a-982f-9d42c5a867d7,Disney+ Hotstar TH,ร้องคาราโอเกะปาร์ตี้วันหยุด,entertainment,entertainment,entertainment,entertainment,entertainment,0.8067,0.0526,0.7541,True,wants,False,both_correct
01a53330-ce87-4767-a659-85d98feb8843,Shopee Flash Sale Mall,Apple Watch สายสปอร์ตแฟชั่น,shopping,shopping,shopping,food,shopping,0.437,0.1387,0.2983,True,impulse_online,False,both_correct
090f9393-f79a-4a5b-a26a-79c7d4258d1f,Drive Car Rental Thailand,นั่ง Taxi Express ช่วงฝนตก,transport,transport,transport,transport,transport,0.5644,0.1398,0.4246,True,wants,False,both_correct
bf7d8ac0-f246-4ec2-ad61-f9a2659b966f,Greyhound Cafe,สุกี้ชาบูเนื้อวากิวไม่อั้น,food,food,food,food,food,0.7197,0.0748,0.6449,True,wants,False,both_correct
c176825d-f06e-41ad-9001-14f16be99509,การไฟฟ้านครหลวง MEA,ค่าเน็ตบ้านรายเดือน 3BB,bills,bills,bills,bills,bills,0.8244,0.0446,0.7798,True,routine,False,both_correct
e2f700b1-86dc-4813-adf9-86a3867f801e,วินมอเตอร์ไซค์ หน้า MRT,เติมน้ำมัน Gasohol 95,transport,transport,transport,transport,transport,0.7524,0.0561,0.6963,True,routine,False,both_correct
cc17c138-c311-4fdf-b484-9b739b1a8164,Greyhound Cafe,เบอร์เกอร์เนื้อทรัฟเฟิล,food,food,food,food,food,0.7394,0.0714,0.668,True,wants,False,both_correct
13836ad5-afc0-42d4-b18c-348a419e8cd6,ธนาคารไทยพาณิชย์ SCB Easy,ถอนเงินสดใช้จ่ายเบ็ดเตล็ด,other,other,other,other,other,0.5428,0.1123,0.4304,True,routine,False,both_correct
43bdd3ec-dd49-466c-a5e1-988769e1bd92,Drive Car Rental Thailand,เรียกรถ GrabCar ไปปาร์ตี้,transport,transport,transport,transport,transport,0.6147,0.0991,0.5156,True,wants,False,both_correct
4d170f8c-95ec-4ce1-822c-60ac120874c4,Daiso Japan 60 บาท,พร้อมเพย์,shopping,bills,shopping,entertainment,shopping,0.2477,0.2432,0.0045,True,routine,False,ml_wins_baseline_wrong
e9daf6e3-95f7-472f-8a80-7cae54bc7ef1,ทำบุญช่วยเหลือผู้ประสบภัย,โอนเงินซื้อของขวัญวันเกิดเพื่อน,other,other,other,other,other,0.6069,0.1243,0.4825,True,wants,False,both_correct
6aea8fb5-d907-4e94-b5c1-b7458aaae3c3,วินมอเตอร์ไซค์ หน้า MRT,M-Flow ชำระค่าผ่านทางด่วน,transport,transport,transport,transport,transport,0.7342,0.0618,0.6724,True,routine,False,both_correct
129068f9-1cb5-4800-8042-94aebf56003b,Shopee Flash Sale Mall,Flash Sale 00:00 หูฟังบลูทูธ,shopping,shopping,shopping,shopping,shopping,0.4012,0.2027,0.1985,True,impulse_online,False,both_correct
87ea325b-dde5-42bf-a305-a4acca63b841,Lineman - ส้มตำแซ่บพรีเมียม,ไก่ทอดบอนชอนชุดปาร์ตี้ สั่งดึก,food,food,food,food,food,0.7088,0.0723,0.6365,True,impulse_delivery,False,both_correct
01666fdc-d5e5-43fa-8b16-ac9718ad04c9,Disney+ Hotstar TH,YouTube Premium Family,entertainment,entertainment,entertainment,entertainment,entertainment,0.7948,0.0517,0.743,True,wants,False,both_correct
5f64ba3f-438c-411e-964c-d9abc1dc1072,FWD Insurance Thailand,ชำระยอดบัตรเครดิตยอดเต็ม,bills,bills,bills,bills,bills,0.6736,0.0927,0.5808,True,routine,False,both_correct
1c2dc70f-6a8f-406f-9ae4-cd84fd32d9a0,After You Dessert Cafe,จ่ายผ่านแอป,food,food,food,entertainment,food,0.3474,0.2282,0.1193,True,wants,False,both_correct
df7a4e05-53be-43a3-b056-7eb2b7041a35,การไฟฟ้านครหลวง MEA,ต่อประกันภัยรถยนต์ชั้น 1,bills,bills,bills,bills,bills,0.591,0.107,0.484,True,routine,False,both_correct
6e28e052-9359-4b38-9eee-956ab2b95a4d,การไฟฟ้านครหลวง MEA,ชำระบิลบัตรเครดิตรายเดือน,bills,bills,bills,bills,bills,0.7858,0.0536,0.7321,True,routine,False,both_correct
e79c20fe-7c51-4a4f-bebf-69942ac9f250,Sushi Masa Thonglor,Iced Caramel Macchiato Venti,food,other,food,entertainment,food,0.5824,0.1184,0.464,True,wants,False,ml_wins_baseline_wrong
245aa9b3-e04e-49c6-b1ed-d7f7d24ff118,ก๋วยเตี๋ยวเรืออยุธยา รสเด็ด,เส้นเล็กน้ำตกหมูพิเศษ,food,food,food,food,food,0.6207,0.1235,0.4972,True,routine,False,both_correct
c4eacfe0-0b96-4c40-9f10-81cefb569892,GrabFood - Bonchon Chicken,ไก่ทอดบอนชอนชุดปาร์ตี้ สั่งดึก,food,food,food,food,food,0.5616,0.1229,0.4387,True,impulse_delivery,False,both_correct
fdb889a8-4280-40d6-8e77-7d6f2908d237,Watsons สาขา เซ็นทรัล,ซื้อยาแก้แพ้และวิตามินซีรวม,shopping,shopping,shopping,shopping,shopping,0.6003,0.1557,0.4446,True,routine,False,both_correct
9918e617-c8fb-424d-9ac7-ddc56ba0e7ec,Drive Car Rental Thailand,จองตั๋วเครื่องบินไปเที่ยวภูเก็ต,transport,other,transport,shopping,transport,0.5336,0.1431,0.3905,True,wants,False,ml_wins_baseline_wrong
2d1aeb3a-42f1-4dc8-8ec0-92f4dd74c5dc,ร้านข้าวแกงป้าพร,ข้าวกล่องเซเว่นพร้อมน้ำดื่ม,food,food,food,shopping,food,0.5623,0.1429,0.4194,True,routine,False,both_correct
d7dfbebf-0fdd-4161-a748-ce9f2c506566,Daiso Japan 60 บาท,-,shopping,bills,food,entertainment,food,0.2553,0.2281,0.0272,True,routine,True,shared_error_both_wrong
c653ba7c-b927-4928-81d8-54d8b67b59b2,Drive Car Rental Thailand,-,transport,other,shopping,shopping,shopping,0.278,0.2732,0.0048,True,wants,True,shared_error_both_wrong
df7dd479-62dd-410d-b056-1babef10150a,CJ Express ซอย 5,กาแฟคั่วเข้มแก้วเช้า,food,food,food,food,food,0.4063,0.2071,0.1992,True,routine,False,both_correct
194ccf10-f7c6-4e83-b8e4-db59002a8009,การไฟฟ้านครหลวง MEA,ชำระค่าส่วนกลางคอนโดมิเนียม,bills,bills,bills,bills,bills,0.5391,0.1277,0.4114,True,routine,False,both_correct
9fb16eed-41d9-48f9-884d-accde9ccfa0e,Drive Car Rental Thailand,เช่ารถขับเที่ยวกับเพื่อน,transport,other,transport,food,transport,0.4267,0.2067,0.22,True,wants,False,ml_wins_baseline_wrong
4e862832-589e-42b8-a182-f5a85169878e,Sushi Masa Thonglor,บุฟเฟต์ปิ้งย่างเกาหลีชุดใหญ่,food,food,food,food,food,0.6038,0.1237,0.4801,True,wants,False,both_correct
6b3d2a12-bfa2-4a2c-85d5-1991c62e1b17,Eveandboy Mega Bangna,ยอดตัดบัญชี,shopping,shopping,shopping,food,shopping,0.3872,0.1875,0.1997,True,wants,False,both_correct
b3ea37c7-58f0-4d36-a630-56f80615f5c8,Nok Air Ticket,Grab VIP เดินทางไปสนามบิน,transport,transport,transport,transport,transport,0.6824,0.0866,0.5958,True,wants,False,both_correct
35a74096-9791-4397-ba93-5b12c6d4659d,Disney+ Hotstar TH,YouTube Premium Family,entertainment,entertainment,entertainment,entertainment,entertainment,0.7948,0.0517,0.743,True,wants,False,both_correct
96af202e-d617-4741-8b46-8cb125b1ad07,ZARA Siam Paragon,เครื่องเขียนสมุดโน้ตสไตล์ญี่ปุ่น,shopping,shopping,shopping,shopping,shopping,0.5628,0.12,0.4428,True,wants,False,both_correct
8ddd3a1e-17c3-4681-b14e-9cc231aa7149,Nok Air Ticket,นั่ง Taxi Express ช่วงฝนตก,transport,transport,transport,transport,transport,0.6431,0.1098,0.5333,True,wants,False,both_correct
0d73747d-ac02-48a4-9aa9-8c6af028cd73,ก๋วยเตี๋ยวเรืออยุธยา รสเด็ด,Iced Black Coffee หวานน้อย,food,food,food,food,food,0.5666,0.1274,0.4393,True,routine,False,both_correct
58d8ce34-b607-40e7-8b9f-7145172f4eef,Nok Air Ticket,เรียกรถ GrabCar ไปปาร์ตี้,transport,transport,transport,transport,transport,0.6917,0.0816,0.6101,True,wants,False,both_correct
cddeb6dd-7dd6-49ec-b7e1-02e942885340,Nok Air Ticket,นั่ง Taxi Express ช่วงฝนตก,transport,transport,transport,transport,transport,0.6431,0.1098,0.5333,True,wants,False,both_correct
334affca-9aad-47ac-9653-ca387c563aca,MRT Bangkok พระราม 9,เติมน้ำมัน E20 รถยนต์ส่วนตัว,transport,transport,transport,transport,transport,0.5381,0.1407,0.3974,True,routine,False,both_correct
c9784b2e-569f-4121-b42b-84c125e193f5,Watsons สาขา เซ็นทรัล,ซื้อยาแก้แพ้และวิตามินซีรวม,shopping,shopping,shopping,shopping,shopping,0.6003,0.1557,0.4446,True,routine,False,both_correct
1a5e9c4a-7828-43df-a055-43fac06fe6e4,Watsons สาขา เซ็นทรัล,กล่องเก็บของและอุปกรณ์อเนกประสงค์,shopping,shopping,shopping,shopping,shopping,0.5983,0.166,0.4323,True,routine,False,both_correct
a917cf07-93b1-4eef-bccd-ebd522187e14,Daiso Japan 60 บาท,น้ำยาซักผ้าและปรับผ้านุ่ม,shopping,bills,shopping,shopping,shopping,0.6614,0.0898,0.5716,True,routine,False,ml_wins_baseline_wrong
ca11d0a8-91ba-4618-819a-80b4c96cc603,CJ Express ซอย 5,ข้าวราดแกง 2 อย่างไข่ต้ม,food,food,food,food,food,0.5768,0.1427,0.4341,True,routine,False,both_correct
42ac3874-8aa7-4166-a102-dfb9f4498722,Watsons สาขา เซ็นทรัล,ซื้อยาสีฟัน แชมพู และสบู่เหลว,shopping,shopping,shopping,shopping,shopping,0.6679,0.1257,0.5421,True,routine,False,both_correct
501d9b5c-2152-473f-b7c1-415295e89119,Nok Air Ticket,จองตั๋วเครื่องบินไปเที่ยวภูเก็ต,transport,other,transport,transport,transport,0.5907,0.1249,0.4658,True,wants,False,ml_wins_baseline_wrong
9ad61cea-dffb-4f86-acac-fb219ba92669,Sushi Masa Thonglor,ชาบูหม้อไฟหมาล่าพรีเมียม,food,food,food,food,food,0.6623,0.0915,0.5708,True,wants,False,both_correct
2e5b6f76-7b43-415a-8c7f-e7d6f9848e0b,MRT Bangkok พระราม 9,เติมน้ำมันดีเซลเต็มถัง,transport,transport,transport,transport,transport,0.5674,0.1518,0.4156,True,routine,False,both_correct
5d652421-c9ac-485e-99c3-9ededbcd687d,Watsons สาขา เซ็นทรัล,ซื้อยาแก้แพ้และวิตามินซีรวม,shopping,shopping,shopping,shopping,shopping,0.6003,0.1557,0.4446,True,routine,False,both_correct
7f542f8f-239c-4472-9f86-bb3940a8a687,MRT Bangkok พระราม 9,Easy Pass เติมเงินทางด่วน,transport,transport,transport,transport,transport,0.6905,0.095,0.5955,True,routine,False,both_correct
45beaf2b-d8a2-4807-97a1-f96d29c9282b,Sushi Masa Thonglor,ปิ้งย่างบาร์บีคิวฉลองปิดโปรเจกต์,food,entertainment,food,food,food,0.6809,0.0705,0.6104,True,wants,False,ml_wins_baseline_wrong
537de356-8547-444a-a839-2f237c154a0a,การไฟฟ้านครหลวง MEA,เบี้ยประกันสุขภาพรายเดือน,bills,bills,bills,bills,bills,0.4597,0.125,0.3347,True,routine,False,both_correct
17c2819a-4e43-4905-b195-c9ae499acdf1,Glow Nightclub Thonglor,ดื่มคราฟต์เบียร์สังสรรค์คืนวันศุกร์,entertainment,entertainment,entertainment,entertainment,entertainment,0.5864,0.0968,0.4896,True,wants,False,both_correct
a35e4e96-be91-4f8a-b415-c405173feca7,After You Dessert Cafe,สุกี้ชาบูเนื้อวากิวไม่อั้น,food,food,food,food,food,0.7197,0.0748,0.6449,True,wants,False,both_correct
994827cb-f84b-4f7f-b644-dfd0775181f5,Drive Car Rental Thailand,ตั๋วบินเชียงใหม่สุดสัปดาห์,transport,other,transport,transport,transport,0.4188,0.1537,0.2651,True,wants,False,ml_wins_baseline_wrong
07a1658d-247c-4c5a-b374-af312a1b516f,Nok Air Ticket,ตั๋วบินเชียงใหม่สุดสัปดาห์,transport,other,transport,transport,transport,0.4713,0.1374,0.3339,True,wants,False,ml_wins_baseline_wrong
601316e5-5fc9-46a4-b180-39657b1a3aad,Shopee Flash Sale Mall,Apple Watch สายสปอร์ตแฟชั่น,shopping,shopping,shopping,food,shopping,0.437,0.1387,0.2983,True,impulse_online,False,both_correct
0d18d601-c8ca-49da-aa9a-f3de27d9e9a6,Sushi Masa Thonglor,ดินเนอร์ร้านอาหารอิตาเลียน,food,food,food,food,food,0.5723,0.1328,0.4395,True,wants,False,both_correct
36a23a45-51b7-4b07-aeaf-18fed9838994,การไฟฟ้านครหลวง MEA,จ่ายผ่านแอป,bills,bills,food,shopping,food,0.2982,0.2042,0.0941,True,routine,True,baseline_wins_ml_wrong
a6afe8a7-349c-4d12-bc10-72559f513290,Eveandboy Mega Bangna,ลิปสติกและพาเลตต์อายแชโดว์,shopping,shopping,shopping,shopping,shopping,0.6536,0.1214,0.5322,True,wants,False,both_correct
fb6c782d-5a73-417d-9163-2600c05e8c6a,CJ Express ซอย 5,ข้าวกล่องเซเว่นพร้อมน้ำดื่ม,food,food,food,food,food,0.4083,0.1881,0.2202,True,routine,False,both_correct
34bfde8f-43e8-4a76-ac93-929003f9a6a3,ธนาคารไทยพาณิชย์ SCB Easy,โอนเงินส่วนตัวเข้าบัญชีออมทรัพย์,other,other,other,other,other,0.7108,0.0693,0.6415,True,routine,False,both_correct
c0d814ba-e2a9-4d40-90ee-251a2c714355,ก๋วยเตี๋ยวเรืออยุธยา รสเด็ด,บะหมี่เกี๊ยวหมูแดงแห้ง,food,food,food,food,food,0.7232,0.0815,0.6416,True,routine,False,both_correct
